Applicant,Edu_Parent1,Edu_Parent2,Sex,White,Asian,HSGPA,SAT_ACT,College,Admitted,Enrolled,College_GPA
3,7,7,M,1,0,4.25,1340,Arts & Letters,Yes,No,
10,6,6,M,0,1,3.75,1510,Arts & Letters,Yes,No,
27,6,7,F,0,1,4.05,1360,Arts & Letters,Yes,No,
38,6,6,F,0,0,4.32,1300,Arts & Letters,Yes,No,
41,6,4,F,1,0,4.27,1150,Arts & Letters,Yes,No,
43,7,7,M,1,0,4,1250,Arts & Letters,Yes,No,
54,6,4,F,0,0,3.69,1190,Arts & Letters,Yes,No,
71,7,7,F,1,0,3.56,1280,Arts & Letters,Yes,Yes,2.564
75,7,7,F,1,0,3.86,1350,Arts & Letters,Yes,No,
82,6,6,F,1,0,3.83,1250,Arts & Letters,Yes,No,
83,6,6,F,1,0,4.05,1300,Arts & Letters,Yes,No,
86,7,7,F,0,0,3.36,1130,Arts & Letters,Yes,Yes,3.058
101,6,6,F,1,0,4.33,1450,Arts & Letters,Yes,No,
104,6,7,F,1,0,4.04,1270,Arts & Letters,Yes,No,
119,6,6,F,1,0,3.83,1240,Arts & Letters,Yes,Yes,3.926
136,6,7,F,0,0,3.87,1170,Arts & Letters,Yes,Yes,2.733
144,7,7,M,1,0,3.92,1200,Arts & Letters,Yes,No,
160,7,7,F,1,0,4.04,1450,Arts & Letters,Yes,No,
166,7,7,F,1,0,3.59,950,Arts & Letters,Yes,Yes,2.255
168,6,6,M,1,0,4.23,1400,Arts & Letters,Yes,No,
172,7,6,F,1,0,4.27,1140,Arts & Letters,Yes,Yes,3.386
177,7,7,F,1,0,4.11,1300,Arts & Letters,Yes,No,
178,6,6,M,0,1,4,1250,Arts & Letters,Yes,Yes,3.296
187,4,6,M,1,0,3.5,1530,Arts & Letters,Yes,No,
189,6,6,M,1,0,3.67,1190,Arts & Letters,Yes,No,
190,6,6,F,0,0,4.09,1190,Arts & Letters,Yes,No,
193,7,7,M,1,0,3.9,1240,Arts & Letters,Yes,No,
197,7,7,F,1,0,4.12,1290,Arts & Letters,Yes,No,
225,3,7,M,0,0,3.58,1300,Arts & Letters,Yes,No,
228,7,4,F,1,0,4.3,1500,Arts & Letters,Yes,No,
237,6,6,F,1,0,3.95,1230,Arts & Letters,Yes,No,
238,7,6,F,1,0,3.8,1210,Arts & Letters,Yes,Yes,3.128
240,4,4,F,1,0,3.95,1340,Arts & Letters,Yes,Yes,3.58
243,6,4,F,0,0,4,1170,Arts & Letters,Yes,No,
250,7,4,F,0,0,3.58,1200,Arts & Letters,Yes,Yes,3.08
263,6,6,F,1,0,4,1210,Arts & Letters,Yes,Yes,3.176
285,7,7,F,0,0,3.96,1240,Arts & Letters,Yes,Yes,2.988
293,3,6,F,0,1,3.75,1370,Arts & Letters,Yes,Yes,3.467
295,4,6,M,1,0,4.36,1390,Arts & Letters,Yes,No,
303,6,7,F,0,1,4.4,1340,Arts & Letters,Yes,No,
308,6,6,F,0,0,4.13,1200,Arts & Letters,Yes,No,
324,3,4,F,0,0,3.96,980,Arts & Letters,Yes,No,
350,6,6,M,1,0,3.86,1250,Arts & Letters,Yes,Yes,3.503
367,3,3,F,0,0,3.54,1020,Arts & Letters,Yes,Yes,3.395
369,7,6,F,0,0,3.64,1340,Arts & Letters,Yes,No,
395,6,4,M,1,0,4.06,1540,Arts & Letters,Yes,No,
429,6,4,M,1,0,4.23,1260,Arts & Letters,Yes,Yes,3.351
432,4,6,F,1,0,4.09,1130,Arts & Letters,Yes,Yes,3.699
440,7,7,F,1,0,4.27,1260,Arts & Letters,Yes,Yes,4
454,7,7,F,1,0,4.05,1310,Arts & Letters,Yes,Yes,3.878
457,3,6,F,1,0,3.88,1140,Arts & Letters,Yes,Yes,3.374
478,7,6,F,1,0,4.2,1440,Arts & Letters,Yes,No,
490,3,6,F,1,0,3.59,1180,Arts & Letters,Yes,Yes,2.854
531,6,6,F,1,0,4.33,1460,Arts & Letters,Yes,No,
547,5,6,F,0,1,4,1100,Arts & Letters,Yes,No,
555,6,6,F,1,0,4.04,1320,Arts & Letters,Yes,No,
557,7,6,F,0,0,4.22,1200,Arts & Letters,Yes,No,
559,4,7,F,1,0,3.91,1190,Arts & Letters,Yes,Yes,2.686
567,5,6,F,0,0,3.95,1110,Arts & Letters,Yes,Yes,3.036
580,6,4,M,1,0,3.76,1260,Arts & Letters,Yes,No,
584,7,7,M,1,0,3.64,1230,Arts & Letters,Yes,Yes,3.347
594,4,7,M,1,0,4.14,1350,Arts & Letters,Yes,No,
607,7,7,M,0,1,3.88,1130,Arts & Letters,Yes,No,
610,7,7,M,1,0,3.73,1520,Arts & Letters,Yes,No,
616,7,7,F,0,0,3.96,1310,Arts & Letters,Yes,No,
621,4,6,F,0,0,3.58,1100,Arts & Letters,Yes,No,
626,2,2,M,0,0,4,950,Arts & Letters,Yes,Yes,3.381
653,6,6,F,1,0,4.12,1190,Arts & Letters,Yes,No,
654,6,6,M,1,0,3.62,1280,Arts & Letters,Yes,Yes,3.362
667,7,7,F,0,0,4.32,1410,Arts & Letters,Yes,No,
669,4,6,F,0,1,4.04,1330,Arts & Letters,Yes,No,
680,2,1,M,0,0,3.86,1090,Arts & Letters,Yes,No,
704,1,1,F,0,0,4.27,1230,Arts & Letters,Yes,No,
739,7,7,F,1,0,3.73,1110,Arts & Letters,Yes,No,
745,5,7,M,1,0,3.6,1390,Arts & Letters,Yes,Yes,3.817
750,6,6,M,0,0,3.58,1330,Arts & Letters,Yes,No,
761,7,7,M,1,0,2.82,1380,Arts & Letters,Yes,Yes,2.719
784,6,6,F,1,0,4.17,1430,Arts & Letters,Yes,Yes,3.932
787,4,4,F,1,0,4.29,1150,Arts & Letters,Yes,No,
794,6,6,M,1,0,3.5,1240,Arts & Letters,Yes,Yes,3.331
823,5,3,F,1,0,4.17,1080,Arts & Letters,Yes,Yes,3.478
833,7,6,F,1,0,4.27,1560,Arts & Letters,Yes,No,
856,4,6,F,1,0,3.33,1070,Arts & Letters,Yes,No,
876,7,6,F,1,0,3.65,1130,Arts & Letters,Yes,No,
883,7,6,F,1,0,3.96,1310,Arts & Letters,Yes,No,
896,6,7,M,1,0,4,1320,Arts & Letters,Yes,Yes,2.881
899,7,6,F,1,0,4.15,1320,Arts & Letters,Yes,No,
907,6,5,M,1,0,3.36,1300,Arts & Letters,Yes,Yes,2.886
912,6,6,F,1,0,3.52,1130,Arts & Letters,Yes,Yes,3.511
920,4,6,F,1,0,4.12,1400,Arts & Letters,Yes,Yes,3.298
922,6,6,M,1,0,4,1220,Arts & Letters,Yes,Yes,3.618
927,6,7,F,1,0,3.88,1190,Arts & Letters,Yes,Yes,3.479
947,7,6,F,1,0,4,1100,Arts & Letters,Yes,No,
954,6,7,F,0,0,4.27,1190,Arts & Letters,Yes,No,
960,6,6,F,1,0,3.86,1170,Arts & Letters,Yes,Yes,3.664
977,7,5,F,1,0,4,1110,Arts & Letters,Yes,No,
981,7,6,F,1,0,3.29,1470,Arts & Letters,Yes,No,
1014,6,5,F,1,0,4.2,1330,Arts & Letters,Yes,No,
1015,6,7,F,0,0,3.92,1280,Arts & Letters,Yes,No,
1016,7,7,F,1,0,3.69,1360,Arts & Letters,Yes,No,
1025,6,6,F,1,0,3.95,1350,Arts & Letters,Yes,No,
1029,3,4,F,0,0,4.13,1170,Arts & Letters,Yes,No,
1032,6,6,M,1,0,4.3,1550,Arts & Letters,Yes,No,
1050,6,7,F,1,0,3.96,1420,Arts & Letters,Yes,No,
1051,3,6,F,1,0,4.04,1380,Arts & Letters,Yes,Yes,3.812
1061,6,7,F,1,0,3.38,1110,Arts & Letters,Yes,Yes,3.193
1063,6,7,F,1,0,3.23,1280,Arts & Letters,Yes,No,
1065,4,3,F,0,0,3.64,1270,Arts & Letters,Yes,No,
1082,6,4,F,1,0,4.19,1270,Arts & Letters,Yes,Yes,3.86
1089,7,6,F,1,0,4.18,1240,Arts & Letters,Yes,Yes,3.634
1094,4,4,M,0,0,3.5,1320,Arts & Letters,Yes,No,
1109,7,7,M,1,0,4.03,1270,Arts & Letters,Yes,No,
1125,7,7,F,1,0,3.76,1390,Arts & Letters,Yes,No,
1128,6,6,F,1,0,3.89,1480,Arts & Letters,Yes,No,
1131,3,4,F,1,0,3.6,1290,Arts & Letters,Yes,No,
1138,7,7,F,1,0,4.05,1350,Arts & Letters,Yes,No,
1141,6,4,M,1,0,4.17,1330,Arts & Letters,Yes,No,
1143,6,3,M,1,0,3.84,1150,Arts & Letters,Yes,No,
1147,7,7,F,0,1,3.77,1320,Arts & Letters,Yes,No,
1151,7,7,F,1,0,4.14,1260,Arts & Letters,Yes,Yes,3.486
1154,7,7,F,1,0,3.45,1210,Arts & Letters,Yes,No,
1180,6,6,M,1,0,4.25,1420,Arts & Letters,Yes,Yes,3.408
1186,6,6,M,0,1,3.59,1000,Arts & Letters,Yes,Yes,2.287
1189,4,3,M,0,0,3.89,1240,Arts & Letters,Yes,No,
1193,7,7,F,1,0,3.81,1290,Arts & Letters,Yes,Yes,3.29
1194,3,6,F,1,0,3.54,1010,Arts & Letters,Yes,No,
1216,7,6,F,1,0,4.36,1550,Arts & Letters,Yes,No,
1217,6,6,M,1,0,3.91,1380,Arts & Letters,Yes,Yes,3.221
1229,6,6,F,1,0,4,1190,Arts & Letters,Yes,Yes,3.007
1235,7,5,M,0,0,3.58,1380,Arts & Letters,Yes,No,
1238,4,4,F,1,0,3.95,1260,Arts & Letters,Yes,Yes,1.742
1245,1,3,M,0,0,4.04,950,Arts & Letters,Yes,No,
1251,6,6,F,1,0,3.59,1230,Arts & Letters,Yes,No,
1261,6,7,M,0,0,4.05,1350,Arts & Letters,Yes,No,
1268,4,6,F,1,0,4.27,1300,Arts & Letters,Yes,No,
1272,2,3,F,0,0,3.67,870,Arts & Letters,Yes,No,
1290,6,6,M,1,0,3.8,1220,Arts & Letters,Yes,No,
1294,4,4,F,0,1,3.7,890,Arts & Letters,Yes,Yes,2.878
1300,7,7,F,1,0,3.58,1250,Arts & Letters,Yes,Yes,3.299
1303,6,6,F,1,0,3.84,1190,Arts & Letters,Yes,No,
1322,6,6,F,1,0,3.79,1200,Arts & Letters,Yes,Yes,3.587
1329,1,5,M,0,0,3.54,1000,Arts & Letters,Yes,No,
1330,2,2,M,0,1,4.32,1380,Arts & Letters,Yes,No,
1343,3,2,F,0,0,4,1210,Arts & Letters,Yes,No,
1355,6,6,F,1,0,4.27,1510,Arts & Letters,Yes,No,
1356,2,2,F,0,0,3.8,960,Arts & Letters,Yes,No,
1381,3,3,F,1,0,3.52,1080,Arts & Letters,Yes,Yes,2.777
1383,6,4,M,0,0,3.86,1170,Arts & Letters,Yes,Yes,2.909
1392,6,7,F,1,0,4.08,1440,Arts & Letters,Yes,No,
1393,3,7,F,1,0,4.1,1430,Arts & Letters,Yes,No,
1403,4,7,F,1,0,4.24,1460,Arts & Letters,Yes,Yes,3.174
1410,5,4,F,0,0,3.6,1270,Arts & Letters,Yes,No,
1418,6,6,F,1,0,3.71,1150,Arts & Letters,Yes,Yes,3.258
1436,6,4,F,1,0,4.17,1300,Arts & Letters,Yes,Yes,3.465
1437,6,6,F,1,0,3.89,1300,Arts & Letters,Yes,No,
1438,6,6,M,1,0,3.08,1190,Arts & Letters,Yes,Yes,3.51
1439,4,6,M,1,0,3.75,1240,Arts & Letters,Yes,No,
1441,7,7,F,1,0,4.25,1340,Arts & Letters,Yes,No,
1450,7,7,M,1,0,3.32,1260,Arts & Letters,Yes,Yes,2.569
1482,7,6,M,1,0,3.79,1340,Arts & Letters,Yes,Yes,3.604
1486,6,6,F,1,0,4.2,1280,Arts & Letters,Yes,Yes,3.542
1499,6,7,M,1,0,4,1360,Arts & Letters,Yes,No,
1522,7,7,M,1,0,3.4,1350,Arts & Letters,Yes,Yes,2.544
1524,7,7,M,1,0,3.94,1440,Arts & Letters,Yes,No,
1532,5,7,M,1,0,4.05,1160,Arts & Letters,Yes,No,
1545,4,4,F,1,0,3.73,1200,Arts & Letters,Yes,No,
1555,6,6,F,1,0,4.1,1210,Arts & Letters,Yes,No,
1572,6,6,M,1,0,3.45,1210,Arts & Letters,Yes,No,
1592,6,6,F,1,0,3.22,1180,Arts & Letters,Yes,No,
1613,6,6,F,1,0,4.14,1460,Arts & Letters,Yes,No,
1615,6,3,F,0,0,4.08,1370,Arts & Letters,Yes,Yes,3.332
1624,1,1,M,0,1,3.77,1100,Arts & Letters,Yes,Yes,2.928
1633,6,7,F,0,0,4.36,1400,Arts & Letters,Yes,No,
1634,6,6,F,1,0,3.54,1110,Arts & Letters,Yes,Yes,2.744
1646,4,3,M,0,0,3.55,1160,Arts & Letters,Yes,Yes,2.725
1648,4,6,F,1,0,4.33,1260,Arts & Letters,Yes,Yes,3.471
1658,5,5,M,1,0,4.27,1440,Arts & Letters,Yes,No,
1671,3,3,M,0,0,4.23,1280,Arts & Letters,Yes,No,
1674,4,7,F,1,0,4.22,1400,Arts & Letters,Yes,No,
1675,6,7,F,0,0,3.68,1370,Arts & Letters,Yes,No,
1676,6,7,F,1,0,3.77,1140,Arts & Letters,Yes,Yes,3.517
1698,2,2,M,0,1,3.45,1220,Arts & Letters,Yes,Yes,3.021
1710,4,6,F,1,0,4,1360,Arts & Letters,Yes,No,
1721,7,7,F,0,0,4.2,1380,Arts & Letters,Yes,Yes,3.265
1725,4,4,F,1,0,4,1250,Arts & Letters,Yes,Yes,3.725
1730,4,5,F,0,0,3.52,1410,Arts & Letters,Yes,Yes,3.465
1731,6,4,F,1,0,4.04,1210,Arts & Letters,Yes,No,
1751,6,6,F,1,0,4.27,1340,Arts & Letters,Yes,No,
1763,4,5,F,1,0,4.32,1320,Arts & Letters,Yes,No,
1766,4,7,F,1,0,4.09,1280,Arts & Letters,Yes,No,
1774,6,6,F,1,0,3.68,1330,Arts & Letters,Yes,Yes,3.468
1784,1,1,M,0,0,4,870,Arts & Letters,Yes,No,
1788,7,7,F,1,0,4.08,1450,Arts & Letters,Yes,No,
1797,7,6,M,0,0,3.65,1310,Arts & Letters,Yes,Yes,2.984
1798,6,7,M,1,0,4.33,1420,Arts & Letters,Yes,No,
1808,6,6,F,0,0,4.35,1460,Arts & Letters,Yes,No,
1819,4,6,F,0,0,3.63,1290,Arts & Letters,Yes,No,
1826,6,6,F,1,0,4.1,1300,Arts & Letters,Yes,Yes,3.817
1862,7,7,M,1,0,3.95,1530,Arts & Letters,Yes,No,
1895,7,7,M,1,0,4.36,1380,Arts & Letters,Yes,No,
1896,7,7,F,1,0,4.08,1360,Arts & Letters,Yes,No,
1909,6,3,F,0,0,4,1470,Arts & Letters,Yes,No,
1926,4,5,M,0,0,4.14,1310,Arts & Letters,Yes,Yes,3.799
1945,7,6,M,1,0,4.15,1310,Arts & Letters,Yes,No,
1947,6,6,F,1,0,3.36,1300,Arts & Letters,Yes,No,
1956,4,4,F,1,0,3.9,1100,Arts & Letters,Yes,Yes,2.857
1983,2,1,M,0,0,4.12,1170,Arts & Letters,Yes,No,
1987,5,7,M,1,0,4.22,1310,Arts & Letters,Yes,No,
1995,7,6,M,0,0,4.17,1340,Arts & Letters,Yes,No,
1998,6,6,M,1,0,4.4,1470,Arts & Letters,Yes,No,
2005,5,6,F,1,0,4.3,1470,Arts & Letters,Yes,No,
2008,2,2,F,0,0,3.5,1180,Arts & Letters,Yes,No,
2009,1,1,F,0,0,4.05,1180,Arts & Letters,Yes,No,
2013,6,7,F,1,0,4.19,1470,Arts & Letters,Yes,No,
2016,6,6,F,1,0,3.77,1130,Arts & Letters,Yes,Yes,3.29
2017,7,6,F,1,0,3.95,1270,Arts & Letters,Yes,No,
2021,6,6,F,1,0,3.5,1260,Arts & Letters,Yes,Yes,3.106
2033,4,6,F,1,0,3.53,1310,Arts & Letters,Yes,No,
2057,6,6,F,0,0,3.69,1250,Arts & Letters,Yes,No,
2063,5,4,F,0,0,3.3,1100,Arts & Letters,Yes,Yes,2.462
2067,6,4,F,1,0,3.6,1190,Arts & Letters,Yes,Yes,2.013
2072,4,7,F,1,0,4.27,1130,Arts & Letters,Yes,No,
2079,6,6,F,1,0,4.25,1350,Arts & Letters,Yes,No,
2091,1,1,F,0,0,3.35,910,Arts & Letters,Yes,No,
2107,4,7,F,1,0,4.12,1290,Arts & Letters,Yes,No,
2108,6,6,M,1,0,3.96,1400,Arts & Letters,Yes,No,
2110,3,4,M,0,0,3.73,1320,Arts & Letters,Yes,No,
2124,7,6,F,1,0,4.15,1360,Arts & Letters,Yes,No,
2125,7,7,F,1,0,4.15,1430,Arts & Letters,Yes,No,
2134,7,5,F,1,0,3.64,1140,Arts & Letters,Yes,No,
2135,7,6,F,0,0,3.78,1290,Arts & Letters,Yes,Yes,3.689
2137,7,6,F,1,0,4.27,1480,Arts & Letters,Yes,No,
2146,6,7,M,1,0,4.33,1260,Arts & Letters,Yes,No,
2148,5,7,M,0,0,3.32,1210,Arts & Letters,Yes,No,
2157,6,7,F,1,0,4.14,1130,Arts & Letters,Yes,No,
2158,6,6,F,1,0,3.64,1120,Arts & Letters,Yes,No,
2167,1,1,F,0,0,3.55,1060,Arts & Letters,Yes,No,
2195,3,5,M,0,0,3.55,1170,Arts & Letters,Yes,No,
2200,3,4,F,1,0,3.95,1130,Arts & Letters,Yes,No,
2209,6,6,F,1,0,3.59,1180,Arts & Letters,Yes,No,
2212,6,6,M,0,0,4.15,1270,Arts & Letters,Yes,No,
2215,5,6,F,1,0,4.21,1400,Arts & Letters,Yes,Yes,3.67
2227,6,4,F,1,0,4.05,1420,Arts & Letters,Yes,No,
2237,6,4,M,1,0,3.95,1200,Arts & Letters,Yes,Yes,3.32
2253,7,7,F,1,0,3.85,1410,Arts & Letters,Yes,Yes,3.204
2255,5,6,M,0,1,4.05,1250,Arts & Letters,Yes,No,
2288,7,7,M,1,0,3.57,1230,Arts & Letters,Yes,No,
2291,6,6,F,1,0,3.77,1320,Arts & Letters,Yes,No,
2298,6,6,F,1,0,3.48,1160,Arts & Letters,Yes,Yes,2.776
2301,6,6,F,1,0,3.96,1420,Arts & Letters,Yes,Yes,3.905
2302,7,6,F,1,0,4.08,1200,Arts & Letters,Yes,No,
2320,6,6,F,1,0,4,1320,Arts & Letters,Yes,No,
2324,6,6,F,1,0,4,950,Arts & Letters,Yes,No,
2333,3,3,F,0,0,3.65,1260,Arts & Letters,Yes,No,
2345,6,6,F,1,0,3.77,1350,Arts & Letters,Yes,No,
2358,2,3,F,0,0,3.46,1170,Arts & Letters,Yes,No,
2363,7,5,F,1,0,3.96,1100,Arts & Letters,Yes,No,
2373,3,3,F,1,0,4.33,1330,Arts & Letters,Yes,No,
2382,5,6,M,1,0,4.18,1180,Arts & Letters,Yes,No,
2384,6,6,F,1,0,3.91,1300,Arts & Letters,Yes,No,
2399,6,6,F,1,0,3.15,1360,Arts & Letters,Yes,No,
2427,7,4,F,1,0,4.33,1270,Arts & Letters,Yes,No,
2453,5,3,M,0,0,3.57,1270,Arts & Letters,Yes,No,
2472,4,6,F,1,0,4,1150,Arts & Letters,Yes,No,
2477,6,7,M,1,0,3.95,1200,Arts & Letters,Yes,No,
2482,7,6,F,1,0,3.62,1270,Arts & Letters,Yes,No,
2488,6,6,F,0,1,3.92,1560,Arts & Letters,Yes,No,
2507,3,4,F,1,0,4.23,1530,Arts & Letters,Yes,No,
2510,7,7,F,0,0,4.23,1400,Arts & Letters,Yes,No,
2517,7,5,F,0,0,4.1,1360,Arts & Letters,Yes,No,
2520,6,6,F,1,0,3.91,1310,Arts & Letters,Yes,No,
2540,7,6,M,1,0,3.54,1250,Arts & Letters,Yes,No,
2543,5,3,F,1,0,3.5,1150,Arts & Letters,Yes,No,
2564,6,6,F,0,1,3.91,1420,Arts & Letters,Yes,No,
2578,6,7,F,1,0,3.45,1280,Arts & Letters,Yes,Yes,3.296
2585,6,4,F,0,0,3.85,1070,Arts & Letters,Yes,No,
2587,7,5,F,0,0,4.27,1470,Arts & Letters,Yes,No,
2594,7,7,F,1,0,4.05,1480,Arts & Letters,Yes,No,
2600,4,3,F,1,0,4.12,1340,Arts & Letters,Yes,Yes,3.425
2606,7,6,F,1,0,3.93,1430,Arts & Letters,Yes,No,
2607,6,7,F,1,0,4.08,1390,Arts & Letters,Yes,No,
2612,7,4,F,1,0,4.1,1290,Arts & Letters,Yes,No,
2633,7,6,F,0,0,3.54,1170,Arts & Letters,Yes,No,
2640,6,6,F,0,1,4.08,1310,Arts & Letters,Yes,No,
2647,4,5,F,0,0,4.19,1180,Arts & Letters,Yes,No,
2651,5,4,M,1,0,3.82,1060,Arts & Letters,Yes,No,
2662,7,7,F,0,0,4,1360,Arts & Letters,Yes,No,
2664,7,7,M,1,0,3.68,1110,Arts & Letters,Yes,No,
2682,7,4,F,1,0,4.17,1400,Arts & Letters,Yes,No,
2684,7,6,F,1,0,3.5,1410,Arts & Letters,Yes,No,
2691,6,6,F,1,0,4.36,1220,Arts & Letters,Yes,Yes,3.465
2702,3,6,F,1,0,3.82,1210,Arts & Letters,Yes,No,
2708,3,3,F,1,0,4,1400,Arts & Letters,Yes,No,
2712,5,3,F,0,0,4.02,1310,Arts & Letters,Yes,No,
2716,1,1,M,0,0,4.15,1030,Arts & Letters,Yes,No,
2722,6,6,M,1,0,3.33,1170,Arts & Letters,Yes,Yes,2.911
2726,6,7,M,0,0,4.33,1530,Arts & Letters,Yes,No,
2735,1,1,F,0,0,4.22,970,Arts & Letters,Yes,No,
2743,7,7,M,1,0,4.09,1330,Arts & Letters,Yes,No,
2745,6,4,M,1,0,3.73,1340,Arts & Letters,Yes,No,
2746,6,5,F,0,0,3.71,1050,Arts & Letters,Yes,Yes,3.74
2748,7,6,F,0,0,4.08,1350,Arts & Letters,Yes,Yes,3.82
2757,6,6,F,1,0,4.04,1330,Arts & Letters,Yes,No,
2759,6,7,F,1,0,3.75,1460,Arts & Letters,Yes,No,
2766,7,6,M,1,0,3.64,1280,Arts & Letters,Yes,Yes,3.299
2774,7,7,F,1,0,3.73,1270,Arts & Letters,Yes,No,
2776,5,5,F,0,0,3.33,1070,Arts & Letters,Yes,No,
2777,7,7,F,1,0,4.18,1430,Arts & Letters,Yes,No,
2780,6,6,F,1,0,3.62,1320,Arts & Letters,Yes,No,
2803,6,6,F,0,1,3.95,1390,Arts & Letters,Yes,No,
2828,7,7,F,1,0,3.8,1320,Arts & Letters,Yes,Yes,3.308
2832,3,3,F,0,0,3.15,1320,Arts & Letters,Yes,No,
2856,6,5,F,1,0,4.2,1220,Arts & Letters,Yes,No,
2861,7,7,F,1,0,3.58,1260,Arts & Letters,Yes,No,
2864,7,7,F,1,0,3.32,1210,Arts & Letters,Yes,Yes,2.93
2892,7,6,F,0,0,3.43,1250,Arts & Letters,Yes,No,
2896,6,7,M,1,0,3.8,1340,Arts & Letters,Yes,Yes,2.392
2928,7,7,F,1,0,4,1380,Arts & Letters,Yes,No,
2934,7,7,M,1,0,3.35,1200,Arts & Letters,Yes,No,
2936,4,6,F,1,0,3.6,1230,Arts & Letters,Yes,Yes,2.683
2944,6,6,F,0,0,4.05,1310,Arts & Letters,Yes,No,
2946,4,7,M,0,0,4.04,1250,Arts & Letters,Yes,No,
2956,7,7,F,0,0,4.36,1450,Arts & Letters,Yes,Yes,3.972
3003,6,5,F,1,0,4.03,1310,Arts & Letters,Yes,No,
3034,7,7,F,1,0,3.77,1350,Arts & Letters,Yes,No,
3038,6,4,F,1,0,3.41,1250,Arts & Letters,Yes,Yes,3.601
3050,3,6,F,1,0,3.9,1170,Arts & Letters,Yes,No,
3056,6,7,F,1,0,4.05,1260,Arts & Letters,Yes,No,
3063,6,6,F,1,0,3.95,1070,Arts & Letters,Yes,No,
3092,6,4,F,1,0,3.81,1210,Arts & Letters,Yes,Yes,3.215
3095,6,6,F,1,0,3.33,1290,Arts & Letters,Yes,No,
3098,6,7,F,1,0,3.82,1320,Arts & Letters,Yes,Yes,3.584
3114,6,7,F,1,0,4.22,1120,Arts & Letters,Yes,No,
3115,6,7,F,1,0,4.04,1350,Arts & Letters,Yes,Yes,3.658
3120,7,7,F,1,0,4.2,1440,Arts & Letters,Yes,No,
3121,7,7,M,1,0,4.05,1310,Arts & Letters,Yes,No,
3131,3,3,F,1,0,4,1510,Arts & Letters,Yes,No,
3140,7,7,F,1,0,3.92,1380,Arts & Letters,Yes,No,
3143,6,6,F,1,0,3.88,1320,Arts & Letters,Yes,Yes,3.57
3145,6,6,F,0,0,3.65,1060,Arts & Letters,Yes,No,
3146,7,7,F,1,0,3.92,1030,Arts & Letters,Yes,No,
3163,7,7,F,1,0,4.36,1350,Arts & Letters,Yes,No,
3181,4,6,F,0,0,3.68,1170,Arts & Letters,Yes,No,
3197,6,4,F,1,0,2.85,1110,Arts & Letters,Yes,Yes,2.255
3240,6,7,F,1,0,4.07,1110,Arts & Letters,Yes,No,
3258,6,7,F,1,0,4.08,1290,Arts & Letters,Yes,No,
3261,6,6,M,0,1,4.3,1190,Arts & Letters,Yes,No,
3270,7,5,M,1,0,4.09,1310,Arts & Letters,Yes,Yes,4
3273,7,6,F,1,0,3.5,1340,Arts & Letters,Yes,No,
3274,7,6,F,1,0,4.09,1290,Arts & Letters,Yes,No,
3276,6,6,F,0,0,4.33,1240,Arts & Letters,Yes,No,
3277,4,1,F,0,0,3.4,1110,Arts & Letters,Yes,No,
3295,7,7,M,0,0,4.23,1240,Arts & Letters,Yes,Yes,3.673
3302,7,5,F,1,0,3.64,1140,Arts & Letters,Yes,No,
3303,6,6,F,1,0,3.3,1070,Arts & Letters,Yes,Yes,2.623
3327,6,6,F,1,0,3.77,1280,Arts & Letters,Yes,No,
3341,7,7,F,1,0,4.21,1180,Arts & Letters,Yes,Yes,3.306
3342,6,6,F,1,0,3.7,1160,Arts & Letters,Yes,No,
3347,6,3,F,1,0,3.67,1140,Arts & Letters,Yes,No,
3349,6,4,F,1,0,4.17,1270,Arts & Letters,Yes,No,
3361,7,7,F,1,0,4.36,1420,Arts & Letters,Yes,No,
3364,4,4,F,1,0,3.73,1340,Arts & Letters,Yes,No,
3377,6,6,F,1,0,3.35,1100,Arts & Letters,Yes,No,
3385,4,6,F,1,0,3.73,1180,Arts & Letters,Yes,Yes,3.236
3386,2,3,F,0,0,3.86,1090,Arts & Letters,Yes,No,
3389,6,6,F,1,0,3.89,1440,Arts & Letters,Yes,No,
3395,7,7,F,1,0,3.92,1230,Arts & Letters,Yes,Yes,3.372
3397,7,4,M,1,0,3.35,1410,Arts & Letters,Yes,No,
3437,7,7,M,1,0,4.1,1580,Arts & Letters,Yes,No,
3468,2,2,M,0,0,3.91,970,Arts & Letters,Yes,No,
3476,7,6,F,1,0,3.7,1310,Arts & Letters,Yes,No,
3478,7,7,F,1,0,4.05,1420,Arts & Letters,Yes,No,
3498,6,4,F,1,0,3.29,1040,Arts & Letters,Yes,Yes,2.467
3508,7,6,F,1,0,3.09,1500,Arts & Letters,Yes,No,
3512,6,6,M,1,0,3.68,1530,Arts & Letters,Yes,No,
3521,6,7,F,1,0,3.21,1310,Arts & Letters,Yes,Yes,2.413
3584,4,6,F,1,0,4.14,1220,Arts & Letters,Yes,Yes,3.417
3589,6,4,F,1,0,3.75,1110,Arts & Letters,Yes,No,
3601,6,7,M,0,0,4.17,1550,Arts & Letters,Yes,No,
3626,7,7,F,0,0,4.1,1190,Arts & Letters,Yes,No,
3638,7,6,F,1,0,3.64,1240,Arts & Letters,Yes,Yes,3.421
3645,6,5,F,0,0,3.68,1130,Arts & Letters,Yes,No,
3655,7,7,F,1,0,4.29,1470,Arts & Letters,Yes,No,
3668,6,6,F,1,0,3.62,1260,Arts & Letters,Yes,No,
3698,7,7,F,0,0,3.95,1210,Arts & Letters,Yes,No,
3699,7,4,F,1,0,4.15,1360,Arts & Letters,Yes,No,
3716,2,7,F,1,0,3.18,1110,Arts & Letters,Yes,Yes,2.838
3739,6,5,F,0,0,4.28,1550,Arts & Letters,Yes,No,
3743,6,7,F,1,0,3.95,1360,Arts & Letters,Yes,No,
3750,6,6,F,0,0,4.13,1050,Arts & Letters,Yes,No,
3756,3,6,F,1,0,4.09,1310,Arts & Letters,Yes,No,
3766,3,7,F,1,0,3.71,1430,Arts & Letters,Yes,No,
3769,7,7,F,1,0,4.36,1410,Arts & Letters,Yes,No,
3775,4,7,F,1,0,4.1,1480,Arts & Letters,Yes,No,
3782,4,5,F,0,0,4.11,1190,Arts & Letters,Yes,No,
3788,4,7,F,1,0,3.69,1350,Arts & Letters,Yes,No,
3794,7,7,F,1,0,4.33,1560,Arts & Letters,Yes,No,
3795,4,6,F,0,0,3.41,1280,Arts & Letters,Yes,No,
3800,7,6,M,1,0,3.92,1280,Arts & Letters,Yes,No,
3812,7,7,F,0,0,4,1460,Arts & Letters,Yes,No,
3823,1,4,F,0,0,3.73,1360,Arts & Letters,Yes,No,
3824,7,5,F,1,0,3.8,1030,Arts & Letters,Yes,No,
3825,4,3,F,1,0,4.04,1180,Arts & Letters,Yes,Yes,3.252
3836,6,6,F,1,0,3.78,1230,Arts & Letters,Yes,Yes,3.161
3844,4,3,M,1,0,3.68,1380,Arts & Letters,Yes,No,
3867,6,6,M,1,0,3.8,1320,Arts & Letters,Yes,No,
3876,7,6,M,1,0,3.7,1340,Arts & Letters,Yes,Yes,3.176
3877,7,6,F,0,0,3.86,1420,Arts & Letters,Yes,No,
3880,4,7,F,1,0,3.83,1340,Arts & Letters,Yes,No,
3883,1,7,F,0,0,4.24,1430,Arts & Letters,Yes,No,
3889,7,7,F,1,0,3.29,1200,Arts & Letters,Yes,No,
3903,7,4,F,0,0,3.41,1270,Arts & Letters,Yes,No,
3906,5,5,F,1,0,3.65,1150,Arts & Letters,Yes,Yes,2.644
3927,6,7,F,1,0,3.5,1040,Arts & Letters,Yes,No,
3930,6,6,F,1,0,4.19,1470,Arts & Letters,Yes,No,
3940,1,3,F,0,0,4.28,1030,Arts & Letters,Yes,No,
3944,7,6,F,1,0,3.9,1340,Arts & Letters,Yes,Yes,3.717
3967,1,3,F,0,0,3.28,1100,Arts & Letters,Yes,Yes,1.92
3968,3,6,F,0,0,4.27,1140,Arts & Letters,Yes,No,
3996,7,7,M,0,0,3.79,1430,Arts & Letters,Yes,No,
4013,6,6,F,1,0,4.17,1280,Arts & Letters,Yes,Yes,3.851
4017,6,3,M,1,0,3.45,1330,Arts & Letters,Yes,No,
4029,7,7,F,0,0,3.5,1280,Arts & Letters,Yes,Yes,2.402
4039,6,6,F,1,0,4.05,1370,Arts & Letters,Yes,No,
4041,3,6,F,1,0,3.42,1130,Arts & Letters,Yes,Yes,3.145
4056,6,7,F,1,0,3.89,1120,Arts & Letters,Yes,Yes,3.584
4060,6,5,M,1,0,3.27,1220,Arts & Letters,Yes,Yes,2.853
4073,7,7,M,0,0,4,1360,Arts & Letters,Yes,No,
4077,6,7,F,0,0,3.86,1160,Arts & Letters,Yes,No,
4091,4,5,F,0,0,4,1220,Arts & Letters,Yes,No,
4097,3,6,F,1,0,4.3,1250,Arts & Letters,Yes,No,
4098,4,3,M,1,0,4.3,1400,Arts & Letters,Yes,No,
4112,1,1,F,1,0,4,1190,Arts & Letters,Yes,No,
4120,6,4,F,1,0,3.36,1100,Arts & Letters,Yes,No,
4127,4,4,M,0,0,4.05,1230,Arts & Letters,Yes,No,
4150,3,4,F,1,0,4.27,980,Arts & Letters,Yes,No,
4154,7,7,F,1,0,3.89,1250,Arts & Letters,Yes,No,
4157,7,7,F,0,1,3.96,1270,Arts & Letters,Yes,No,
4172,6,7,F,1,0,4,1420,Arts & Letters,Yes,No,
4192,6,5,F,1,0,3.68,1120,Arts & Letters,Yes,Yes,3.221
4194,7,6,F,1,0,4,1300,Arts & Letters,Yes,No,
4196,7,7,F,1,0,4.27,1420,Arts & Letters,Yes,No,
4213,6,7,M,1,0,3.86,1150,Arts & Letters,Yes,No,
4236,7,7,F,0,1,4,1540,Arts & Letters,Yes,No,
4244,6,6,F,0,0,3.81,1230,Arts & Letters,Yes,No,
4256,6,6,F,1,0,4.09,1530,Arts & Letters,Yes,No,
4261,3,3,M,1,0,3.54,1440,Arts & Letters,Yes,No,
4270,6,6,F,1,0,4.1,1140,Arts & Letters,Yes,No,
4291,7,7,F,0,0,4.4,1500,Arts & Letters,Yes,No,
4295,2,1,F,0,1,3.82,1000,Arts & Letters,Yes,No,
4296,7,6,F,0,0,3.65,1380,Arts & Letters,Yes,No,
4302,3,1,M,0,0,4.25,1220,Arts & Letters,Yes,No,
4303,4,3,M,0,0,4.16,1460,Arts & Letters,Yes,No,
4309,7,6,F,1,0,4.09,1330,Arts & Letters,Yes,No,
4318,4,5,F,0,0,3.95,1130,Arts & Letters,Yes,No,
4324,3,4,M,0,0,3.67,1050,Arts & Letters,Yes,No,
4329,7,7,F,1,0,3.14,1440,Arts & Letters,Yes,No,
4350,4,3,F,1,0,3.33,1290,Arts & Letters,Yes,No,
4362,6,5,F,1,0,4.1,1290,Arts & Letters,Yes,Yes,3.814
4363,6,6,M,1,0,3.91,1210,Arts & Letters,Yes,No,
4364,7,7,M,1,0,3.55,1320,Arts & Letters,Yes,No,
4391,7,7,F,0,1,4.21,1430,Arts & Letters,Yes,No,
4396,3,3,M,1,0,3.71,1340,Arts & Letters,Yes,No,
4423,6,2,M,0,0,3.78,1020,Arts & Letters,Yes,No,
4430,1,2,M,0,0,3.15,1280,Arts & Letters,Yes,No,
4438,5,7,F,0,0,4.21,1140,Arts & Letters,Yes,No,
4444,1,3,M,0,0,3.65,910,Arts & Letters,Yes,Yes,2.643
4452,6,6,F,1,0,4,1250,Arts & Letters,Yes,Yes,3.587
4479,6,4,M,1,0,4,1310,Arts & Letters,Yes,No,
4481,4,6,F,1,0,3.48,1140,Arts & Letters,Yes,Yes,2.716
4487,7,6,F,1,0,3.71,1340,Arts & Letters,Yes,No,
4489,6,6,F,1,0,3.92,1390,Arts & Letters,Yes,No,
4515,4,6,M,0,0,4.14,1400,Arts & Letters,Yes,No,
4549,6,6,F,1,0,4.2,1350,Arts & Letters,Yes,Yes,3.301
4562,4,7,M,1,0,3.55,1260,Arts & Letters,Yes,No,
4564,6,6,F,0,1,4.3,1090,Arts & Letters,Yes,No,
4567,4,6,F,1,0,3.62,1260,Arts & Letters,Yes,No,
4573,7,4,M,1,0,3.75,1480,Arts & Letters,Yes,No,
4575,7,6,F,1,0,3.83,1250,Arts & Letters,Yes,No,
4577,6,6,M,1,0,3.59,1280,Arts & Letters,Yes,No,
4579,6,6,F,1,0,4.15,1270,Arts & Letters,Yes,Yes,3.676
4585,3,7,M,1,0,3.35,1380,Arts & Letters,Yes,No,
4607,3,3,F,1,0,4.17,1260,Arts & Letters,Yes,No,
4629,6,6,F,0,0,4.32,1310,Arts & Letters,Yes,No,
4640,7,7,M,0,1,3.59,1240,Arts & Letters,Yes,Yes,3.161
4642,4,4,F,1,0,3.82,1210,Arts & Letters,Yes,No,
4647,1,1,F,0,1,3.89,890,Arts & Letters,Yes,No,
4658,7,7,F,0,0,3.75,1120,Arts & Letters,Yes,Yes,3.057
4662,7,7,M,1,0,3.55,1330,Arts & Letters,Yes,No,
4674,6,7,F,1,0,4.21,1290,Arts & Letters,Yes,No,
4678,7,7,F,1,0,3.81,1280,Arts & Letters,Yes,No,
4679,6,7,F,1,0,3.55,1210,Arts & Letters,Yes,No,
4689,7,5,F,1,0,3.5,1230,Arts & Letters,Yes,No,
4694,6,7,F,1,0,4.2,1370,Arts & Letters,Yes,No,
4755,6,7,F,0,0,4.04,1180,Arts & Letters,Yes,No,
4756,7,6,F,1,0,4.05,1360,Arts & Letters,Yes,No,
4761,6,7,M,1,0,4.05,1430,Arts & Letters,Yes,No,
4764,1,2,F,0,0,3.95,1270,Arts & Letters,Yes,No,
4767,4,6,M,0,0,4.05,1230,Arts & Letters,Yes,No,
4771,2,1,F,0,0,4,1070,Arts & Letters,Yes,No,
4788,3,3,F,1,0,3.45,1170,Arts & Letters,Yes,Yes,2.921
4796,6,6,F,1,0,3.95,1130,Arts & Letters,Yes,Yes,2.586
4797,7,6,M,1,0,3.36,1210,Arts & Letters,Yes,No,
4799,6,6,F,1,0,4.12,1290,Arts & Letters,Yes,No,
4800,7,6,M,1,0,4.12,1480,Arts & Letters,Yes,No,
4808,6,6,F,1,0,3.85,1210,Arts & Letters,Yes,No,
4820,1,3,F,0,0,3.81,950,Arts & Letters,Yes,No,
4821,7,7,F,1,0,3.77,1290,Arts & Letters,Yes,No,
4832,6,6,F,1,0,3.87,1310,Arts & Letters,Yes,Yes,3.12
4842,2,4,F,0,0,3.65,1080,Arts & Letters,Yes,No,
4863,6,7,M,0,1,4.18,1290,Arts & Letters,Yes,No,
4888,6,6,F,0,0,3.67,980,Arts & Letters,Yes,No,
4891,7,7,M,1,0,3.85,1150,Arts & Letters,Yes,No,
4896,6,5,F,1,0,3.89,1350,Arts & Letters,Yes,No,
4901,7,6,F,0,0,4,1370,Arts & Letters,Yes,No,
4906,7,6,F,1,0,3.86,1370,Arts & Letters,Yes,No,
4913,7,4,M,1,0,4.09,1410,Arts & Letters,Yes,Yes,3.854
4925,1,1,M,0,0,3.78,950,Arts & Letters,Yes,No,
4930,2,1,M,0,0,4.25,920,Arts & Letters,Yes,No,
4941,7,7,M,0,0,3.3,1220,Arts & Letters,Yes,Yes,3.087
4953,6,6,F,0,0,3.85,1080,Arts & Letters,Yes,Yes,3.068
4955,6,5,F,0,1,3.75,1280,Arts & Letters,Yes,No,
4977,6,7,F,1,0,4.09,1470,Arts & Letters,Yes,No,
4981,6,7,F,1,0,3.79,1190,Arts & Letters,Yes,No,
4990,6,6,F,1,0,3.65,1030,Arts & Letters,Yes,No,
4996,5,7,F,1,0,4.17,1290,Arts & Letters,Yes,No,
5009,6,6,F,0,1,3.96,1340,Arts & Letters,Yes,No,
5018,1,1,M,0,0,3.9,1060,Arts & Letters,Yes,No,
5027,7,6,F,0,0,3.65,1300,Arts & Letters,Yes,No,
5036,7,7,F,1,0,3.41,1260,Arts & Letters,Yes,Yes,3.523
5055,7,6,F,1,0,4,1360,Arts & Letters,Yes,No,
5061,6,4,F,1,0,3.32,1090,Arts & Letters,Yes,No,
5063,6,6,M,1,0,3.82,1300,Arts & Letters,Yes,No,
5064,6,6,F,1,0,4.18,1340,Arts & Letters,Yes,No,
5073,5,6,M,1,0,3.85,1410,Arts & Letters,Yes,No,
5076,6,6,F,1,0,4.18,1480,Arts & Letters,Yes,No,
5077,7,6,F,1,0,4.15,1330,Arts & Letters,Yes,No,
5090,4,4,F,0,0,3.32,1100,Arts & Letters,Yes,No,
5092,3,6,F,0,0,4.05,1380,Arts & Letters,Yes,No,
5095,7,6,M,1,0,4.27,1430,Arts & Letters,Yes,No,
5108,6,4,F,1,0,4.32,1290,Arts & Letters,Yes,Yes,3.28
5120,7,7,M,1,0,3.46,1330,Arts & Letters,Yes,No,
5122,7,6,F,1,0,4.14,1240,Arts & Letters,Yes,No,
5123,4,7,F,1,0,4.08,1270,Arts & Letters,Yes,Yes,3.912
5137,1,1,F,0,0,3.56,1150,Arts & Letters,Yes,No,
5140,7,6,M,1,0,4.33,1290,Arts & Letters,Yes,No,
5143,6,6,F,0,1,3.81,1090,Arts & Letters,Yes,No,
5147,5,7,M,1,0,3.7,1360,Arts & Letters,Yes,No,
5152,6,7,F,1,0,4.15,1070,Arts & Letters,Yes,No,
5156,6,6,M,0,1,3.68,1240,Arts & Letters,Yes,Yes,3.248
5166,7,7,F,0,1,4.09,1210,Arts & Letters,Yes,No,
5186,5,5,F,0,1,3.92,1060,Arts & Letters,Yes,No,
5190,6,4,F,1,0,3.96,1280,Arts & Letters,Yes,Yes,3.674
5198,7,6,F,1,0,3.65,1360,Arts & Letters,Yes,No,
5203,6,6,M,1,0,4.14,1420,Arts & Letters,Yes,No,
5219,6,4,F,1,0,3.45,1190,Arts & Letters,Yes,No,
5224,7,4,F,1,0,3.4,1270,Arts & Letters,Yes,No,
5226,7,4,F,1,0,4.04,1300,Arts & Letters,Yes,No,
5227,7,7,F,0,1,3.71,1410,Arts & Letters,Yes,No,
5230,7,7,F,1,0,3.68,1190,Arts & Letters,Yes,Yes,3.764
5231,4,4,F,1,0,4,1400,Arts & Letters,Yes,No,
5237,7,6,F,1,0,4.27,1320,Arts & Letters,Yes,No,
5239,7,7,F,1,0,3.9,1210,Arts & Letters,Yes,No,
5245,6,6,F,1,0,3.96,1480,Arts & Letters,Yes,No,
5247,6,6,F,0,0,3.58,1180,Arts & Letters,Yes,Yes,3.466
5250,7,4,F,1,0,3.57,1440,Arts & Letters,Yes,Yes,2.43
5256,6,4,M,1,0,4,1490,Arts & Letters,Yes,No,
5257,7,6,F,0,1,4.17,1420,Arts & Letters,Yes,No,
5261,6,7,F,1,0,3.91,1170,Arts & Letters,Yes,No,
5262,7,6,F,1,0,3.18,1170,Arts & Letters,Yes,No,
5264,6,4,F,0,1,3.14,1250,Arts & Letters,Yes,Yes,2.584
5271,6,6,F,0,0,4.33,1380,Arts & Letters,Yes,No,
5273,6,6,F,1,0,4.25,1330,Arts & Letters,Yes,No,
5275,6,6,M,1,0,4,1240,Arts & Letters,Yes,Yes,3.949
5280,6,7,F,1,0,4.27,1280,Arts & Letters,Yes,No,
5286,7,4,F,0,0,4,1190,Arts & Letters,Yes,No,
5293,5,6,F,0,1,4.04,1210,Arts & Letters,Yes,Yes,3.52
5294,6,6,F,1,0,4.36,1440,Arts & Letters,Yes,No,
5301,6,6,F,1,0,3.73,1430,Arts & Letters,Yes,No,
5305,6,6,F,1,0,3.68,1420,Arts & Letters,Yes,No,
5323,7,6,F,1,0,4.05,1400,Arts & Letters,Yes,Yes,3.777
5340,7,6,F,1,0,4.13,1410,Arts & Letters,Yes,No,
5349,1,1,M,0,0,4.33,1370,Arts & Letters,Yes,No,
5351,7,7,F,1,0,3.67,1180,Arts & Letters,Yes,No,
5357,2,2,F,0,0,3.89,1130,Arts & Letters,Yes,No,
5363,3,4,F,1,0,3.95,1270,Arts & Letters,Yes,No,
5382,4,7,F,0,0,4.12,1340,Arts & Letters,Yes,No,
5387,7,7,F,0,0,4.25,1390,Arts & Letters,Yes,No,
5390,7,7,M,0,0,3.96,1480,Arts & Letters,Yes,No,
5391,7,7,F,1,0,3.91,1320,Arts & Letters,Yes,No,
5394,7,6,M,1,0,4.07,1360,Arts & Letters,Yes,No,
5404,1,1,F,0,0,4.04,1010,Arts & Letters,Yes,No,
5408,7,7,F,1,0,4.08,1440,Arts & Letters,Yes,No,
5422,6,6,F,1,0,4.27,1450,Arts & Letters,Yes,No,
5425,7,6,F,1,0,3.91,1410,Arts & Letters,Yes,No,
5445,7,6,M,0,1,3.29,1250,Arts & Letters,Yes,Yes,2.465
5464,7,7,F,1,0,4.2,1340,Arts & Letters,Yes,No,
5469,6,6,F,1,0,3.54,1370,Arts & Letters,Yes,No,
5481,7,7,M,0,0,3.5,1140,Arts & Letters,Yes,No,
5483,7,6,F,0,0,3.23,1360,Arts & Letters,Yes,No,
5485,1,1,M,0,0,3.81,990,Arts & Letters,Yes,No,
5517,2,4,M,0,1,3.55,960,Arts & Letters,Yes,Yes,1.122
5541,7,6,F,1,0,3.95,1310,Arts & Letters,Yes,No,
5543,1,1,F,0,0,3.73,980,Arts & Letters,Yes,Yes,2.646
5551,6,6,M,1,0,3.33,1240,Arts & Letters,Yes,No,
5559,6,7,F,1,0,3.82,1290,Arts & Letters,Yes,No,
5565,2,3,F,0,0,3.2,1250,Arts & Letters,Yes,Yes,3.35
5570,6,6,F,0,1,4.05,1330,Arts & Letters,Yes,No,
5574,7,6,F,1,0,4.05,1220,Arts & Letters,Yes,No,
5584,3,7,F,1,0,3.57,1140,Arts & Letters,Yes,Yes,3.482
5597,4,4,F,1,0,3.78,1260,Arts & Letters,Yes,Yes,2.495
5600,6,6,M,0,1,3.58,1250,Arts & Letters,Yes,No,
5604,7,7,F,1,0,4.33,1350,Arts & Letters,Yes,No,
5623,6,6,F,1,0,3.08,1290,Arts & Letters,Yes,Yes,2.646
5631,6,6,F,1,0,3.85,1280,Arts & Letters,Yes,No,
5661,2,2,F,0,0,3.74,1230,Arts & Letters,Yes,No,
5663,4,7,F,1,0,4.32,1540,Arts & Letters,Yes,No,
5665,3,3,F,1,0,4.5,1490,Arts & Letters,Yes,No,
5668,3,3,F,0,1,4.27,1240,Arts & Letters,Yes,No,
5699,3,2,F,0,0,3.8,960,Arts & Letters,Yes,No,
5706,7,6,M,1,0,3.65,1540,Arts & Letters,Yes,No,
5731,7,6,F,1,0,4.2,1250,Arts & Letters,Yes,No,
5741,7,6,F,1,0,4,1100,Arts & Letters,Yes,No,
5751,6,7,M,0,0,4.12,1120,Arts & Letters,Yes,No,
5752,7,7,M,0,0,4.25,1490,Arts & Letters,Yes,No,
5763,5,6,F,0,1,3.83,920,Arts & Letters,Yes,Yes,2.443
5771,6,7,M,1,0,3.58,1190,Arts & Letters,Yes,No,
5787,6,6,F,1,0,4.08,1450,Arts & Letters,Yes,Yes,3.474
5798,3,4,M,0,0,3.41,1120,Arts & Letters,Yes,No,
5809,7,7,M,1,0,4.23,1360,Arts & Letters,Yes,No,
5813,6,6,F,1,0,4.15,1380,Arts & Letters,Yes,No,
5815,4,6,F,1,0,4.14,1480,Arts & Letters,Yes,No,
5818,7,6,F,0,0,4.39,1380,Arts & Letters,Yes,No,
5828,6,6,M,0,1,3.19,1220,Arts & Letters,Yes,Yes,2.619
5832,6,4,M,0,0,3.57,1170,Arts & Letters,Yes,No,
5834,4,2,M,0,0,3.82,1260,Arts & Letters,Yes,No,
5846,7,7,M,1,0,3.68,1130,Arts & Letters,Yes,No,
5847,7,7,M,1,0,4.21,1230,Arts & Letters,Yes,No,
5855,6,4,F,1,0,3.75,1250,Arts & Letters,Yes,No,
5865,6,6,F,1,0,4,1320,Arts & Letters,Yes,Yes,3.477
5873,4,5,M,1,0,4.05,1460,Arts & Letters,Yes,No,
5874,7,7,F,0,1,3.79,1420,Arts & Letters,Yes,No,
5880,7,6,M,0,1,3.58,1210,Arts & Letters,Yes,Yes,3.319
5905,1,1,F,0,0,3.88,1080,Arts & Letters,Yes,No,
5909,7,6,F,1,0,4.17,1400,Arts & Letters,Yes,No,
5914,6,6,F,1,0,4.29,1330,Arts & Letters,Yes,No,
5939,1,1,F,0,1,4.23,990,Arts & Letters,Yes,No,
5943,5,7,F,0,0,4.09,1190,Arts & Letters,Yes,Yes,3.281
5949,7,6,F,0,0,3.95,1470,Arts & Letters,Yes,No,
5950,6,6,F,0,0,4.19,1220,Arts & Letters,Yes,No,
5958,6,7,F,1,0,4.04,1390,Arts & Letters,Yes,No,
5963,7,4,F,1,0,3.82,1370,Arts & Letters,Yes,No,
5965,7,7,F,1,0,4.27,1230,Arts & Letters,Yes,Yes,3.923
5969,6,5,F,1,0,4.14,1130,Arts & Letters,Yes,Yes,3.369
5983,1,2,F,0,0,3.67,1120,Arts & Letters,Yes,No,
5989,6,7,M,0,1,3.52,1310,Arts & Letters,Yes,No,
6000,7,6,F,1,0,4.1,1400,Arts & Letters,Yes,Yes,3.841
6003,6,7,F,1,0,2.86,1170,Arts & Letters,Yes,No,
6017,6,6,F,1,0,3.83,1340,Arts & Letters,Yes,Yes,3.346
6029,5,2,F,0,1,3.68,1130,Arts & Letters,Yes,No,
6098,6,6,F,1,0,3.75,1150,Arts & Letters,Yes,No,
6101,7,4,F,1,0,4.15,1420,Arts & Letters,Yes,No,
6105,4,4,F,1,0,3.96,1410,Arts & Letters,Yes,Yes,2.823
6107,6,6,F,0,1,4,1340,Arts & Letters,Yes,No,
6119,7,7,F,1,0,3.91,1290,Arts & Letters,Yes,Yes,3.343
6143,6,3,F,1,0,3.9,1220,Arts & Letters,Yes,Yes,3.618
6162,2,2,M,0,1,3.5,930,Arts & Letters,Yes,No,
6170,7,6,F,1,0,4,1420,Arts & Letters,Yes,No,
6193,7,7,M,1,0,3.76,1340,Arts & Letters,Yes,No,
6195,6,6,F,0,0,4.21,1140,Arts & Letters,Yes,No,
6198,6,7,M,1,0,3.31,1210,Arts & Letters,Yes,Yes,3.028
6213,7,5,M,1,0,3.88,1240,Arts & Letters,Yes,No,
6227,6,6,F,1,0,3.71,1260,Arts & Letters,Yes,Yes,2.998
6230,6,6,F,0,0,3.96,1270,Arts & Letters,Yes,No,
6239,7,6,F,1,0,4.23,1550,Arts & Letters,Yes,No,
6244,6,6,M,1,0,3.68,1270,Arts & Letters,Yes,Yes,3.502
6257,6,6,F,1,0,3.62,1270,Arts & Letters,Yes,No,
6258,6,7,F,1,0,4.09,1050,Arts & Letters,Yes,No,
6274,1,1,F,0,0,3.67,1060,Arts & Letters,Yes,No,
6277,4,6,M,1,0,3.29,1200,Arts & Letters,Yes,Yes,2.755
6317,7,7,F,1,0,3.96,1100,Arts & Letters,Yes,Yes,3.548
6319,6,6,F,1,0,4.05,1440,Arts & Letters,Yes,No,
6323,1,1,F,0,1,4.15,1000,Arts & Letters,Yes,No,
6350,7,6,M,0,1,3.42,1160,Arts & Letters,Yes,No,
6357,2,4,F,0,0,3.44,1130,Arts & Letters,Yes,No,
6360,4,4,F,0,1,3.5,1180,Arts & Letters,Yes,No,
6361,2,2,M,0,0,3.62,950,Arts & Letters,Yes,No,
6395,7,7,F,1,0,3.9,1370,Arts & Letters,Yes,No,
6396,7,6,F,1,0,3.65,1290,Arts & Letters,Yes,Yes,3.107
6408,6,6,F,1,0,3.68,1080,Arts & Letters,Yes,No,
6430,6,6,F,1,0,4.22,1320,Arts & Letters,Yes,Yes,3.788
6433,3,4,F,0,0,3.58,1240,Arts & Letters,Yes,Yes,3.181
6446,4,4,F,1,0,4.09,1310,Arts & Letters,Yes,No,
6451,4,6,M,1,0,4.14,1350,Arts & Letters,Yes,No,
6476,6,4,M,0,1,3.35,1410,Arts & Letters,Yes,No,
6488,6,7,F,1,0,3.77,1220,Arts & Letters,Yes,Yes,3.246
6507,2,4,M,0,0,3.59,1070,Arts & Letters,Yes,No,
6509,6,6,F,1,0,4.21,1370,Arts & Letters,Yes,No,
6517,6,6,F,1,0,3.96,1250,Arts & Letters,Yes,No,
6537,4,3,F,0,0,4.33,1450,Arts & Letters,Yes,No,
6565,6,4,F,0,1,3.05,1090,Arts & Letters,Yes,Yes,2.575
6573,6,6,M,0,0,3.75,1100,Arts & Letters,Yes,Yes,3.423
6581,4,3,F,1,0,3.9,1480,Arts & Letters,Yes,No,
6589,7,6,F,1,0,3.91,1190,Arts & Letters,Yes,Yes,3.353
6597,4,4,F,1,0,3.2,1250,Arts & Letters,Yes,No,
6601,6,7,F,1,0,4.15,1410,Arts & Letters,Yes,No,
6608,6,7,F,1,0,3.77,1460,Arts & Letters,Yes,No,
6614,7,5,F,1,0,4,1340,Arts & Letters,Yes,No,
6625,6,5,F,1,0,4.23,1240,Arts & Letters,Yes,Yes,3.266
6637,6,6,M,0,1,4.32,1290,Arts & Letters,Yes,No,
6640,6,6,F,1,0,3.05,1370,Arts & Letters,Yes,No,
6651,7,6,F,1,0,3.65,1350,Arts & Letters,Yes,Yes,2.193
6662,4,6,F,0,0,4,1190,Arts & Letters,Yes,Yes,3.099
6668,2,6,F,0,0,3.62,1170,Arts & Letters,Yes,No,
6707,6,6,F,1,0,4.04,1300,Arts & Letters,Yes,No,
6718,6,7,M,0,0,3.9,1440,Arts & Letters,Yes,No,
6742,6,6,F,0,0,3.45,1040,Arts & Letters,Yes,Yes,1.744
6756,6,6,F,0,1,3.86,1520,Arts & Letters,Yes,No,
6767,4,6,F,0,0,3.73,1360,Arts & Letters,Yes,Yes,3.45
6772,7,7,M,1,0,3.37,1360,Arts & Letters,Yes,Yes,2.166
6784,6,7,F,1,0,3.95,1170,Arts & Letters,Yes,Yes,3.523
6798,4,4,F,0,1,3.24,1340,Arts & Letters,Yes,Yes,2.499
6799,5,6,M,0,1,3.46,1080,Arts & Letters,Yes,Yes,1.856
6825,7,6,F,1,0,3.77,1110,Arts & Letters,Yes,Yes,3.217
6827,6,6,F,1,0,3.75,1100,Arts & Letters,Yes,No,
6830,7,4,F,0,0,3.79,1140,Arts & Letters,Yes,Yes,3.195
6838,7,7,F,1,0,4.23,1560,Arts & Letters,Yes,No,
6845,7,7,F,0,0,3.6,1320,Arts & Letters,Yes,No,
6865,4,6,M,0,0,3.96,1210,Arts & Letters,Yes,No,
6886,6,6,M,1,0,3.79,1240,Arts & Letters,Yes,Yes,3.441
6889,6,4,F,0,1,3.32,1180,Arts & Letters,Yes,Yes,2.992
6908,6,7,F,1,0,4.1,1160,Arts & Letters,Yes,No,
6942,6,6,F,1,0,3.68,1150,Arts & Letters,Yes,Yes,3.233
6943,6,4,F,1,0,3.84,1180,Arts & Letters,Yes,Yes,3.604
6956,7,7,F,1,0,4.17,1210,Arts & Letters,Yes,No,
6999,5,7,F,1,0,3.81,1500,Arts & Letters,Yes,No,
7057,7,6,M,0,0,3.39,1360,Arts & Letters,Yes,Yes,3.434
7059,5,7,F,1,0,3.05,1350,Arts & Letters,Yes,No,
7067,6,6,F,1,0,4.05,1280,Arts & Letters,Yes,Yes,3.338
7071,7,7,M,1,0,3.92,1350,Arts & Letters,Yes,No,
7078,7,6,M,0,0,3.75,1330,Arts & Letters,Yes,No,
7079,4,6,F,1,0,3.59,1470,Arts & Letters,Yes,No,
7105,7,6,F,1,0,4.05,1420,Arts & Letters,Yes,No,
7131,7,7,F,1,0,4.19,1530,Arts & Letters,Yes,No,
7165,6,3,F,0,1,3.95,1230,Arts & Letters,Yes,No,
7182,5,5,M,0,0,3.75,1150,Arts & Letters,Yes,Yes,3.457
7216,6,6,F,1,0,4.24,1260,Arts & Letters,Yes,No,
7225,7,6,F,1,0,4.17,1410,Arts & Letters,Yes,No,
7227,6,5,F,0,0,4.36,1370,Arts & Letters,Yes,No,
7256,6,6,F,1,0,4.17,1400,Arts & Letters,Yes,No,
7261,7,6,M,1,0,3.67,1210,Arts & Letters,Yes,Yes,3.805
7270,7,6,M,0,0,4,1200,Arts & Letters,Yes,Yes,2.982
7304,7,7,F,1,0,3.68,1250,Arts & Letters,Yes,No,
7311,7,7,M,1,0,3.12,1360,Arts & Letters,Yes,Yes,3.011
7312,4,6,F,0,0,3.83,1540,Arts & Letters,Yes,No,
7321,7,6,F,0,0,3.72,1480,Arts & Letters,Yes,No,
7344,7,7,F,0,0,3.46,1330,Arts & Letters,Yes,No,
7355,6,7,F,1,0,4.21,1470,Arts & Letters,Yes,No,
7357,6,6,F,1,0,4,1460,Arts & Letters,Yes,No,
7360,6,6,M,1,0,3.41,1270,Arts & Letters,Yes,No,
7362,7,6,M,1,0,3.92,1470,Arts & Letters,Yes,No,
7366,6,6,F,1,0,3.73,1270,Arts & Letters,Yes,No,
7376,7,7,F,1,0,3.78,1100,Arts & Letters,Yes,Yes,3.058
7379,6,6,F,1,0,3.5,1260,Arts & Letters,Yes,No,
7385,7,6,F,1,0,3.95,1150,Arts & Letters,Yes,Yes,3.504
7388,2,1,F,1,0,3.14,990,Arts & Letters,Yes,No,
7389,6,6,F,1,0,3.7,1330,Arts & Letters,Yes,No,
7391,4,6,M,1,0,3.7,1190,Arts & Letters,Yes,Yes,3.065
7407,6,7,F,1,0,4.09,950,Arts & Letters,Yes,No,
7417,7,7,F,1,0,3.88,1150,Arts & Letters,Yes,No,
7429,7,7,F,1,0,4.09,1350,Arts & Letters,Yes,No,
7448,2,6,M,0,0,3.85,1170,Arts & Letters,Yes,No,
7451,6,6,F,1,0,3.36,1120,Arts & Letters,Yes,Yes,3.524
7479,5,6,F,0,1,3.88,1170,Arts & Letters,Yes,No,
7490,6,5,F,1,0,3.64,1310,Arts & Letters,Yes,No,
7493,7,7,M,1,0,3.85,1440,Arts & Letters,Yes,No,
7500,7,6,F,0,1,3.32,1310,Arts & Letters,Yes,Yes,3.109
7506,4,7,F,1,0,4.15,1350,Arts & Letters,Yes,No,
7508,7,6,F,0,0,3.3,1210,Arts & Letters,Yes,Yes,2.876
7524,7,7,F,0,1,4.18,1330,Arts & Letters,Yes,No,
7529,5,4,M,1,0,3.82,1390,Arts & Letters,Yes,No,
7534,6,5,F,0,0,3.96,1210,Arts & Letters,Yes,No,
7545,7,6,F,1,0,3.94,1440,Arts & Letters,Yes,No,
7546,1,1,M,0,0,4,1110,Arts & Letters,Yes,No,
7556,3,4,M,0,1,4.08,1030,Arts & Letters,Yes,No,
7565,7,7,M,1,0,3.9,1240,Arts & Letters,Yes,No,
7567,6,4,F,0,1,3.91,1150,Arts & Letters,Yes,Yes,2.924
7569,4,7,F,0,1,4,1270,Arts & Letters,Yes,No,
7575,7,6,F,1,0,4,1270,Arts & Letters,Yes,Yes,2.971
7583,4,4,M,1,0,3.81,1120,Arts & Letters,Yes,No,
7588,7,5,M,1,0,3.85,1220,Arts & Letters,Yes,No,
7595,6,6,M,0,0,3.97,1310,Arts & Letters,Yes,No,
7599,6,6,F,1,0,4.29,1040,Arts & Letters,Yes,No,
7603,4,6,F,0,0,3.88,1330,Arts & Letters,Yes,No,
7607,7,6,F,1,0,3.78,1310,Arts & Letters,Yes,No,
7608,5,5,F,1,0,3.55,1030,Arts & Letters,Yes,No,
7623,3,2,F,0,0,4.14,1350,Arts & Letters,Yes,No,
7629,3,6,F,1,0,3.21,1360,Arts & Letters,Yes,No,
7635,7,7,F,1,0,3.88,1230,Arts & Letters,Yes,Yes,2.938
7648,6,6,M,1,0,3.77,1460,Arts & Letters,Yes,No,
7655,7,7,F,1,0,3.91,1280,Arts & Letters,Yes,No,
7668,7,7,M,1,0,4.15,1360,Arts & Letters,Yes,No,
7670,2,2,F,0,0,3.68,1190,Arts & Letters,Yes,Yes,3.101
7672,6,6,F,0,0,4.18,1340,Arts & Letters,Yes,No,
7677,7,6,F,0,1,3.92,1350,Arts & Letters,Yes,No,
7684,6,7,F,1,0,3.74,1380,Arts & Letters,Yes,No,
7690,6,7,M,1,0,3.65,1410,Arts & Letters,Yes,No,
7697,6,4,F,1,0,3.04,1130,Arts & Letters,Yes,No,
7706,3,7,F,1,0,3.52,1210,Arts & Letters,Yes,No,
7709,7,2,F,0,0,3.75,1150,Arts & Letters,Yes,Yes,2.971
7715,6,3,F,1,0,4,1440,Arts & Letters,Yes,No,
7724,7,7,F,0,0,3.73,1320,Arts & Letters,Yes,No,
7727,6,6,M,1,0,4.06,1480,Arts & Letters,Yes,No,
7732,7,6,F,1,0,4.08,1320,Arts & Letters,Yes,No,
7740,6,6,F,1,0,3.65,1440,Arts & Letters,Yes,Yes,3.612
7747,7,7,F,1,0,4,1160,Arts & Letters,Yes,No,
7750,7,7,F,1,0,4.04,1420,Arts & Letters,Yes,No,
7758,6,6,F,1,0,3.65,1040,Arts & Letters,Yes,No,
7767,6,3,F,0,0,3.45,1280,Arts & Letters,Yes,No,
7773,6,6,F,1,0,4.04,1280,Arts & Letters,Yes,No,
7792,7,7,F,1,0,4.17,1350,Arts & Letters,Yes,No,
7795,6,3,F,0,0,3.52,1250,Arts & Letters,Yes,No,
7799,6,6,M,1,0,4.15,1350,Arts & Letters,Yes,No,
7822,6,5,F,1,0,4.2,1280,Arts & Letters,Yes,Yes,3.65
7843,3,6,F,0,0,3.55,1330,Arts & Letters,Yes,No,
7859,7,7,F,1,0,3.97,1190,Arts & Letters,Yes,No,
7880,2,2,F,0,0,4.36,1170,Arts & Letters,Yes,No,
7881,4,4,F,0,0,3.6,1200,Arts & Letters,Yes,No,
7887,7,6,F,1,0,3.65,1370,Arts & Letters,Yes,No,
7898,3,6,F,1,0,4.19,1430,Arts & Letters,Yes,No,
7899,6,6,F,1,0,4.04,1300,Arts & Letters,Yes,No,
7914,6,6,F,1,0,3.56,1220,Arts & Letters,Yes,Yes,2.506
7924,6,7,M,1,0,3.91,1530,Arts & Letters,Yes,No,
7935,7,4,M,0,1,3.71,1270,Arts & Letters,Yes,No,
7941,1,1,M,0,0,3.5,1160,Arts & Letters,Yes,No,
7955,6,6,M,1,0,2.86,1420,Arts & Letters,Yes,Yes,2.944
7959,3,3,F,0,0,3.5,1360,Arts & Letters,Yes,No,
7968,7,6,F,1,0,4.21,1450,Arts & Letters,Yes,No,
7969,7,6,F,0,0,3.86,1530,Arts & Letters,Yes,No,
7978,6,6,F,1,0,3.79,1340,Arts & Letters,Yes,No,
7990,6,7,F,1,0,4.27,1420,Arts & Letters,Yes,No,
8013,3,3,M,0,0,3.91,1060,Arts & Letters,Yes,No,
8020,3,3,F,0,0,4.05,1280,Arts & Letters,Yes,No,
8024,6,6,M,1,0,3.82,1160,Arts & Letters,Yes,No,
8026,6,6,F,1,0,4.4,1450,Arts & Letters,Yes,No,
8030,7,7,F,1,0,3.32,1210,Arts & Letters,Yes,Yes,3.116
8042,6,6,M,0,1,3.68,1320,Arts & Letters,Yes,No,
8044,7,7,F,1,0,3.88,1340,Arts & Letters,Yes,No,
8045,7,7,F,1,0,3.92,1290,Arts & Letters,Yes,No,
8049,4,6,F,1,0,4.07,1380,Arts & Letters,Yes,No,
8050,6,6,F,1,0,4.14,1360,Arts & Letters,Yes,No,
8063,6,7,F,1,0,3.73,1260,Arts & Letters,Yes,No,
8064,7,6,F,1,0,4.09,1510,Arts & Letters,Yes,No,
8068,7,4,M,1,0,3.54,1380,Arts & Letters,Yes,No,
8077,6,6,F,0,0,3.9,1270,Arts & Letters,Yes,No,
8079,3,6,F,0,1,3.75,1170,Arts & Letters,Yes,Yes,3.23
8095,6,6,M,1,0,3.05,1280,Arts & Letters,Yes,No,
8098,3,3,F,1,0,4.25,1360,Arts & Letters,Yes,No,
8109,7,7,M,0,0,3.67,1070,Arts & Letters,Yes,Yes,2.79
8110,7,6,F,1,0,4.3,1480,Arts & Letters,Yes,No,
8113,6,6,F,1,0,3.75,1100,Arts & Letters,Yes,No,
8145,7,7,F,1,0,3.67,1190,Arts & Letters,Yes,No,
8151,7,7,F,0,1,3.87,1370,Arts & Letters,Yes,No,
8152,6,7,F,0,0,3.72,1240,Arts & Letters,Yes,Yes,3.026
8164,4,7,F,1,0,4.18,1360,Arts & Letters,Yes,No,
8173,2,3,F,0,0,3.7,1220,Arts & Letters,Yes,No,
8174,4,3,F,0,0,4.14,1180,Arts & Letters,Yes,Yes,3.397
8187,7,6,F,1,0,4.38,1370,Arts & Letters,Yes,No,
8207,4,4,F,0,0,3.55,1180,Arts & Letters,Yes,Yes,3.35
8218,6,6,M,1,0,3.33,1210,Arts & Letters,Yes,Yes,2.522
8219,1,4,F,0,0,3.88,1230,Arts & Letters,Yes,Yes,2.757
8243,4,4,F,1,0,4.33,1290,Arts & Letters,Yes,No,
8264,7,6,M,1,0,3.44,1110,Arts & Letters,Yes,Yes,3.179
8294,4,6,F,1,0,3.85,1250,Arts & Letters,Yes,Yes,3.463
8303,7,7,F,1,0,4.04,1420,Arts & Letters,Yes,No,
8315,7,6,F,1,0,3.85,1280,Arts & Letters,Yes,No,
8319,4,5,F,0,0,4.1,1400,Arts & Letters,Yes,No,
8322,7,4,F,1,0,3.96,1400,Arts & Letters,Yes,No,
8323,5,6,F,1,0,3.36,1080,Arts & Letters,Yes,Yes,3.279
8327,6,6,F,1,0,4,1480,Arts & Letters,Yes,No,
8332,1,1,F,0,0,3.95,1160,Arts & Letters,Yes,No,
8362,7,6,M,1,0,3.95,1330,Arts & Letters,Yes,Yes,3.303
8378,6,6,F,0,0,3.38,1080,Arts & Letters,Yes,Yes,3.366
8384,3,3,M,0,0,3.8,1210,Arts & Letters,Yes,No,
8399,7,7,M,1,0,3.79,1270,Arts & Letters,Yes,No,
8402,5,5,M,1,0,3.88,1170,Arts & Letters,Yes,Yes,3.079
8409,7,4,M,1,0,4.11,1270,Arts & Letters,Yes,No,
8422,3,7,M,1,0,4.09,1390,Arts & Letters,Yes,No,
8427,3,3,M,1,0,3.15,1320,Arts & Letters,Yes,No,
8431,7,7,M,1,0,3.52,1340,Arts & Letters,Yes,No,
8435,3,3,F,1,0,4.27,1360,Arts & Letters,Yes,Yes,3.823
8439,6,4,F,0,1,3.87,1170,Arts & Letters,Yes,Yes,3.435
8470,6,6,F,0,0,3.62,1110,Arts & Letters,Yes,Yes,2.957
8477,1,1,F,0,1,4.09,880,Arts & Letters,Yes,No,
8489,4,5,F,1,0,4,1180,Arts & Letters,Yes,No,
8490,7,7,F,1,0,4.05,1550,Arts & Letters,Yes,Yes,3.301
8492,7,7,F,1,0,4.27,1210,Arts & Letters,Yes,No,
8534,6,7,M,0,0,4.14,1360,Arts & Letters,Yes,No,
8535,6,7,F,1,0,3.91,1020,Arts & Letters,Yes,No,
8539,7,3,M,0,0,3.67,1350,Arts & Letters,Yes,No,
8559,7,7,F,1,0,3.88,1390,Arts & Letters,Yes,No,
8576,4,4,M,1,0,3.41,1440,Arts & Letters,Yes,Yes,2.349
8589,7,6,F,0,0,3.75,1130,Arts & Letters,Yes,No,
8596,7,6,F,1,0,4.1,1290,Arts & Letters,Yes,No,
8612,7,7,F,1,0,3.86,1140,Arts & Letters,Yes,No,
8627,4,6,F,1,0,4.15,1300,Arts & Letters,Yes,No,
8631,2,7,F,1,0,3.56,1150,Arts & Letters,Yes,No,
8645,5,6,F,1,0,3.92,1320,Arts & Letters,Yes,Yes,3.719
8646,1,3,F,0,1,3.89,1200,Arts & Letters,Yes,No,
8658,2,2,F,0,0,4.2,1230,Arts & Letters,Yes,No,
8683,2,3,M,1,0,3.4,1110,Arts & Letters,Yes,No,
8686,6,7,F,1,0,3.83,1080,Arts & Letters,Yes,No,
8688,6,6,M,0,0,3.25,1200,Arts & Letters,Yes,Yes,3.068
8697,6,6,F,0,1,4.08,1280,Arts & Letters,Yes,Yes,3.828
8710,7,7,F,0,0,4.1,1380,Arts & Letters,Yes,No,
8726,3,5,M,1,0,4.05,1290,Arts & Letters,Yes,No,
8730,6,6,F,0,0,3.95,1450,Arts & Letters,Yes,Yes,3.623
8731,3,3,F,0,1,3.59,1300,Arts & Letters,Yes,No,
8732,6,6,F,0,1,3.67,1210,Arts & Letters,Yes,No,
8735,1,1,F,0,1,3.76,980,Arts & Letters,Yes,No,
8751,6,6,F,1,0,4.09,1220,Arts & Letters,Yes,No,
8765,6,7,F,0,0,3.71,1210,Arts & Letters,Yes,Yes,3.113
8772,4,1,F,0,1,4.2,1250,Arts & Letters,Yes,No,
8773,4,6,F,0,0,4.12,1370,Arts & Letters,Yes,No,
8793,6,6,F,1,0,3.8,1270,Arts & Letters,Yes,No,
8794,6,6,F,0,0,3.88,1350,Arts & Letters,Yes,No,
8804,1,1,M,0,0,3.6,850,Arts & Letters,Yes,No,
8808,7,4,F,1,0,3.95,1160,Arts & Letters,Yes,No,
8811,7,7,M,1,0,4.11,1430,Arts & Letters,Yes,No,
8819,6,6,F,0,0,3.71,1280,Arts & Letters,Yes,No,
8842,5,6,F,1,0,4.05,1330,Arts & Letters,Yes,No,
8843,7,7,F,1,0,4.4,1420,Arts & Letters,Yes,No,
8881,4,4,F,1,0,3.8,1160,Arts & Letters,Yes,No,
8883,3,3,F,0,1,3.86,1250,Arts & Letters,Yes,Yes,3.652
8922,7,6,M,1,0,3.62,1320,Arts & Letters,Yes,Yes,3.104
8956,4,7,F,0,0,4.17,1210,Arts & Letters,Yes,No,
8958,7,6,F,1,0,3.75,1240,Arts & Letters,Yes,No,
8962,6,6,F,1,0,3.91,1290,Arts & Letters,Yes,No,
8963,6,7,M,0,0,3.32,1180,Arts & Letters,Yes,Yes,3.113
8986,3,7,F,0,0,4.05,1470,Arts & Letters,Yes,No,
8990,6,6,F,1,0,3.7,1390,Arts & Letters,Yes,No,
9001,2,2,F,0,0,3.43,1040,Arts & Letters,Yes,No,
9009,6,6,F,1,0,3.92,1580,Arts & Letters,Yes,No,
9027,6,6,F,1,0,3.83,940,Arts & Letters,Yes,No,
9031,6,6,F,1,0,3.9,1020,Arts & Letters,Yes,Yes,3.337
9033,7,4,F,0,0,3.66,1330,Arts & Letters,Yes,No,
9045,3,6,M,1,0,4,930,Arts & Letters,Yes,No,
9067,7,6,F,0,0,3.92,1200,Arts & Letters,Yes,No,
9070,5,4,M,1,0,3.29,1250,Arts & Letters,Yes,Yes,3.343
9071,6,7,F,1,0,3.65,1150,Arts & Letters,Yes,Yes,3.177
9078,6,6,F,1,0,4.15,1320,Arts & Letters,Yes,No,
9081,6,6,M,1,0,3.25,1360,Arts & Letters,Yes,Yes,3.519
9083,7,6,M,1,0,3.94,1490,Arts & Letters,Yes,No,
9115,6,6,F,1,0,3.7,1210,Arts & Letters,Yes,Yes,3.234
9133,1,6,F,1,0,3.67,1310,Arts & Letters,Yes,No,
9134,7,7,M,1,0,4,1150,Arts & Letters,Yes,No,
9136,4,6,M,0,0,3.23,1310,Arts & Letters,Yes,No,
9140,7,7,F,1,0,3.7,1130,Arts & Letters,Yes,Yes,3.208
9150,7,7,F,1,0,3.65,1290,Arts & Letters,Yes,No,
9157,2,2,F,0,0,4.09,980,Arts & Letters,Yes,No,
9161,1,2,M,0,1,3.14,1140,Arts & Letters,Yes,No,
9165,6,4,F,1,0,3.87,1360,Arts & Letters,Yes,Yes,3.223
9172,6,7,F,1,0,3.73,1100,Arts & Letters,Yes,No,
9186,7,7,F,1,0,3.88,1190,Arts & Letters,Yes,Yes,3.228
9194,7,6,F,1,0,4.27,1450,Arts & Letters,Yes,No,
9200,1,1,F,0,0,4.19,1200,Arts & Letters,Yes,No,
9204,6,7,M,1,0,3.75,1170,Arts & Letters,Yes,No,
9209,7,6,F,0,0,4.04,1390,Arts & Letters,Yes,No,
9215,1,1,F,0,0,3.93,1110,Arts & Letters,Yes,No,
9233,7,6,M,0,1,3.09,1330,Arts & Letters,Yes,No,
9239,4,7,F,0,0,3.96,1240,Arts & Letters,Yes,No,
9244,6,6,M,1,0,3.95,1430,Arts & Letters,Yes,No,
9247,7,6,F,1,0,3.08,1270,Arts & Letters,Yes,No,
9253,5,7,F,1,0,4.16,1410,Arts & Letters,Yes,No,
9267,7,7,F,1,0,4.2,1380,Arts & Letters,Yes,No,
9283,6,7,F,1,0,3.2,1140,Arts & Letters,Yes,Yes,2.694
9287,4,4,F,1,0,4,1290,Arts & Letters,Yes,Yes,3.457
9302,7,6,M,1,0,3.33,1000,Arts & Letters,Yes,No,
9333,6,6,M,1,0,3.52,1270,Arts & Letters,Yes,Yes,3.1
9336,3,5,M,1,0,3.4,1420,Arts & Letters,Yes,Yes,3.963
9356,2,4,M,0,0,3.91,1020,Arts & Letters,Yes,Yes,2.016
9374,4,6,F,0,0,3.55,1160,Arts & Letters,Yes,No,
9375,4,6,M,1,0,4.3,1410,Arts & Letters,Yes,No,
9383,6,6,M,1,0,3.45,1360,Arts & Letters,Yes,No,
9399,6,6,F,1,0,4,1550,Arts & Letters,Yes,No,
9401,4,4,F,0,0,4.14,1290,Arts & Letters,Yes,No,
9433,7,3,F,1,0,3.42,1170,Arts & Letters,Yes,No,
9436,6,5,F,1,0,4.09,1190,Arts & Letters,Yes,Yes,3.521
9463,6,6,F,1,0,4.13,1210,Arts & Letters,Yes,No,
9464,6,6,F,1,0,3.95,1340,Arts & Letters,Yes,Yes,3.407
9493,4,6,F,1,0,3.35,1310,Arts & Letters,Yes,Yes,2.447
9496,7,6,F,0,1,3.91,1370,Arts & Letters,Yes,No,
9503,7,7,F,0,1,3.91,1450,Arts & Letters,Yes,No,
9514,3,4,F,0,0,4.19,1360,Arts & Letters,Yes,No,
9524,6,4,M,1,0,4.09,1390,Arts & Letters,Yes,No,
9535,1,1,M,0,0,3.35,750,Arts & Letters,Yes,No,
9536,1,3,F,0,0,3.33,970,Arts & Letters,Yes,No,
9539,7,6,M,1,0,4,1190,Arts & Letters,Yes,No,
9546,4,4,F,1,0,3.77,1230,Arts & Letters,Yes,No,
9549,4,4,M,1,0,4.08,1380,Arts & Letters,Yes,Yes,4
9599,3,2,F,0,1,4.08,920,Arts & Letters,Yes,No,
9610,3,7,F,1,0,4,1190,Arts & Letters,Yes,No,
9620,5,3,F,0,0,3.64,1240,Arts & Letters,Yes,Yes,2.93
9625,7,6,F,0,0,3.38,1340,Arts & Letters,Yes,No,
9648,3,4,M,0,1,3.41,1300,Arts & Letters,Yes,No,
9660,7,7,M,0,1,4.1,1460,Arts & Letters,Yes,No,
9673,7,7,M,1,0,3.96,1410,Arts & Letters,Yes,No,
9674,6,6,M,0,1,3.45,1040,Arts & Letters,Yes,No,
9676,2,2,M,0,1,3.56,1030,Arts & Letters,Yes,No,
9681,7,6,F,1,0,3.82,1250,Arts & Letters,Yes,No,
9695,6,6,M,0,1,3.62,1280,Arts & Letters,Yes,No,
9701,7,6,M,1,0,3.5,1390,Arts & Letters,Yes,Yes,3.759
9702,1,1,F,0,1,4.23,1190,Arts & Letters,Yes,No,
9704,7,5,M,0,0,3.73,1320,Arts & Letters,Yes,Yes,2.968
9715,2,7,F,1,0,3.91,1440,Arts & Letters,Yes,No,
9720,3,3,F,1,0,3.73,1090,Arts & Letters,Yes,Yes,3.036
9744,6,3,F,1,0,3.88,1290,Arts & Letters,Yes,Yes,3.268
9748,6,6,F,1,0,3.85,1110,Arts & Letters,Yes,Yes,3.597
9757,7,7,F,1,0,3.71,1280,Arts & Letters,Yes,No,
9771,2,5,M,0,1,3.38,1290,Arts & Letters,Yes,No,
9779,4,6,F,1,0,4.14,1110,Arts & Letters,Yes,No,
9788,6,7,F,0,1,3.91,1140,Arts & Letters,Yes,No,
9797,6,6,F,1,0,4.06,1420,Arts & Letters,Yes,Yes,3.376
9801,7,6,F,0,1,4.11,1360,Arts & Letters,Yes,No,
9807,6,6,M,1,0,4,1440,Arts & Letters,Yes,No,
9809,6,7,F,1,0,3.76,1340,Arts & Letters,Yes,No,
9816,7,7,F,1,0,3.74,1290,Arts & Letters,Yes,Yes,3.638
9823,7,6,M,1,0,3.95,1290,Arts & Letters,Yes,No,
9824,6,6,F,1,0,4.08,1410,Arts & Letters,Yes,No,
9825,7,7,F,1,0,3.57,1350,Arts & Letters,Yes,Yes,3.4
9827,1,1,F,0,0,4.17,1160,Arts & Letters,Yes,No,
9838,6,6,F,1,0,3.95,1190,Arts & Letters,Yes,No,
9849,6,6,M,1,0,3.2,1270,Arts & Letters,Yes,Yes,2.545
9852,6,7,F,0,0,3.67,1100,Arts & Letters,Yes,Yes,2.623
9872,7,7,F,1,0,3.68,1410,Arts & Letters,Yes,No,
9904,4,4,F,0,0,3.74,1090,Arts & Letters,Yes,No,
9910,7,6,F,1,0,4,1170,Arts & Letters,Yes,No,
9937,6,7,M,1,0,4.14,1440,Arts & Letters,Yes,No,
9938,4,6,F,1,0,3.86,1060,Arts & Letters,Yes,No,
9958,7,6,F,1,0,4.38,1450,Arts & Letters,Yes,No,
9959,7,7,F,1,0,4.12,1340,Arts & Letters,Yes,No,
9972,6,6,M,1,0,3.69,1250,Arts & Letters,Yes,No,
9982,6,5,F,1,0,3.95,1260,Arts & Letters,Yes,No,
9983,4,4,F,0,0,3.38,1230,Arts & Letters,Yes,No,
9985,6,6,M,0,0,3.7,1350,Arts & Letters,Yes,No,
9987,3,3,F,1,0,4.27,1180,Arts & Letters,Yes,No,
9989,6,4,F,1,0,4.18,1200,Arts & Letters,Yes,Yes,3.572
9996,7,7,F,1,0,4.44,1260,Arts & Letters,Yes,No,
9997,7,7,F,0,1,3.79,1360,Arts & Letters,Yes,No,
9999,2,6,M,1,0,3.48,1310,Arts & Letters,Yes,No,
10002,6,6,F,1,0,3.92,1480,Arts & Letters,Yes,No,
10003,7,6,F,1,0,3.82,1160,Arts & Letters,Yes,No,
10026,7,7,F,1,0,4,1300,Arts & Letters,Yes,No,
10037,7,6,F,1,0,4.36,1310,Arts & Letters,Yes,No,
10051,6,7,F,0,0,3.96,1340,Arts & Letters,Yes,No,
10052,6,4,F,0,0,4.16,980,Arts & Letters,Yes,No,
10101,6,4,F,1,0,3.84,1170,Arts & Letters,Yes,No,
10102,7,6,F,0,1,4.25,1510,Arts & Letters,Yes,No,
10129,6,6,F,1,0,4.35,1350,Arts & Letters,Yes,No,
10137,7,7,F,0,0,3.68,1260,Arts & Letters,Yes,No,
10151,7,7,F,1,0,3.67,1400,Arts & Letters,Yes,No,
10156,6,7,M,0,0,3.91,1170,Arts & Letters,Yes,No,
10163,7,7,F,0,0,3.81,1380,Arts & Letters,Yes,No,
10199,7,7,M,0,0,3.85,1530,Arts & Letters,Yes,No,
10210,7,5,F,0,0,3.7,1310,Arts & Letters,Yes,No,
10236,6,6,F,1,0,4,1000,Arts & Letters,Yes,Yes,3.196
10247,6,6,F,1,0,4.21,1440,Arts & Letters,Yes,No,
10251,6,7,M,1,0,3.95,1240,Arts & Letters,Yes,Yes,1.409
10261,6,6,F,0,1,4.21,1270,Arts & Letters,Yes,No,
10265,6,7,M,1,0,3.45,1180,Arts & Letters,Yes,Yes,2.904
10276,3,2,F,0,0,4.15,1030,Arts & Letters,Yes,No,
10277,6,7,M,1,0,3.75,1230,Arts & Letters,Yes,No,
10283,3,2,M,0,0,3.32,1240,Arts & Letters,Yes,No,
10291,6,6,F,1,0,3.94,1160,Arts & Letters,Yes,Yes,3.601
10296,3,4,M,0,0,3.78,1070,Arts & Letters,Yes,Yes,2.765
10307,3,3,F,1,0,3.95,1510,Arts & Letters,Yes,No,
10330,6,6,F,1,0,3.82,1590,Arts & Letters,Yes,No,
10344,3,3,F,0,1,4,1080,Arts & Letters,Yes,No,
10354,7,6,M,0,1,4.33,1510,Arts & Letters,Yes,No,
10363,7,6,M,1,0,3.33,1250,Arts & Letters,Yes,No,
10371,2,2,M,0,0,4.15,1040,Arts & Letters,Yes,No,
10393,1,1,F,0,0,4.19,990,Arts & Letters,Yes,No,
10395,6,5,F,0,0,3.59,1270,Arts & Letters,Yes,No,
10404,2,2,M,1,0,3.08,1070,Arts & Letters,Yes,Yes,2.893
10410,3,3,F,0,0,4.33,1330,Arts & Letters,Yes,No,
10414,6,6,F,1,0,4,1420,Arts & Letters,Yes,Yes,3.729
10419,6,5,F,0,1,3.14,1270,Arts & Letters,Yes,No,
10429,6,4,F,0,1,3.68,1430,Arts & Letters,Yes,No,
10430,7,6,F,1,0,4.25,1200,Arts & Letters,Yes,No,
10472,7,6,F,0,1,3.8,1310,Arts & Letters,Yes,No,
10474,6,7,M,1,0,4.05,1460,Arts & Letters,Yes,No,
10499,7,6,F,1,0,3.85,1530,Arts & Letters,Yes,No,
10505,6,7,F,1,0,3.86,1320,Arts & Letters,Yes,No,
10527,6,6,F,1,0,3.88,1190,Arts & Letters,Yes,No,
10537,7,6,F,0,1,4.04,1390,Arts & Letters,Yes,No,
10539,7,4,F,1,0,3.5,1150,Arts & Letters,Yes,No,
10548,7,7,F,1,0,3.88,1350,Arts & Letters,Yes,No,
10555,7,5,F,1,0,4,1500,Arts & Letters,Yes,No,
10557,7,4,M,1,0,3.73,1460,Arts & Letters,Yes,No,
10562,1,1,F,0,0,4.18,1000,Arts & Letters,Yes,No,
10566,7,7,F,1,0,3.71,1340,Arts & Letters,Yes,No,
10569,7,7,F,1,0,3.92,1370,Arts & Letters,Yes,No,
10577,6,7,M,0,0,4,1210,Arts & Letters,Yes,No,
10578,6,7,F,1,0,4.04,1290,Arts & Letters,Yes,Yes,3.804
10605,7,3,F,1,0,4.03,1360,Arts & Letters,Yes,No,
10616,6,2,M,0,0,4.17,1420,Arts & Letters,Yes,No,
10623,6,6,F,1,0,3.68,1270,Arts & Letters,Yes,Yes,3.137
10638,3,3,F,1,0,4.08,1430,Arts & Letters,Yes,No,
10647,7,7,F,1,0,3.96,1290,Arts & Letters,Yes,Yes,3.796
10657,6,7,F,1,0,3.81,1280,Arts & Letters,Yes,No,
10688,3,3,F,1,0,3.38,1260,Arts & Letters,Yes,Yes,3.416
10689,2,1,F,0,1,3.92,1100,Arts & Letters,Yes,No,
10691,7,7,F,0,0,4.25,1460,Arts & Letters,Yes,No,
10696,6,6,M,1,0,3.8,1410,Arts & Letters,Yes,No,
10713,6,5,M,1,0,4.24,1320,Arts & Letters,Yes,No,
10727,1,1,F,0,1,4,1000,Arts & Letters,Yes,No,
10741,7,7,F,0,0,3.91,1270,Arts & Letters,Yes,No,
10744,5,6,F,1,0,3.7,1230,Arts & Letters,Yes,Yes,3.043
10745,3,3,M,0,1,3.45,1100,Arts & Letters,Yes,No,
10756,6,6,F,0,0,3.52,1410,Arts & Letters,Yes,Yes,2.828
10768,7,7,M,0,0,3.86,1400,Arts & Letters,Yes,No,
10773,2,2,F,0,0,3.26,950,Arts & Letters,Yes,No,
10784,1,1,F,0,1,3.41,1020,Arts & Letters,Yes,No,
10786,6,6,F,1,0,4.31,1260,Arts & Letters,Yes,Yes,3.634
10804,6,6,F,1,0,4.38,1200,Arts & Letters,Yes,Yes,3.784
10809,3,3,M,1,0,4.25,1410,Arts & Letters,Yes,No,
10817,4,6,F,1,0,4.36,1470,Arts & Letters,Yes,No,
10825,7,6,F,1,0,4.13,1390,Arts & Letters,Yes,No,
10835,6,6,F,0,1,4.15,1340,Arts & Letters,Yes,No,
10841,7,7,F,1,0,3.71,1310,Arts & Letters,Yes,No,
10843,6,7,F,0,1,4,1270,Arts & Letters,Yes,Yes,2.883
10844,4,3,F,0,1,4.05,1200,Arts & Letters,Yes,No,
10870,7,6,F,1,0,4.25,1340,Arts & Letters,Yes,No,
10879,7,6,F,1,0,3.55,1330,Arts & Letters,Yes,No,
10902,2,5,F,1,0,4.14,1090,Arts & Letters,Yes,No,
10906,6,4,F,1,0,4.19,1290,Arts & Letters,Yes,No,
10911,7,7,F,0,1,3.79,1250,Arts & Letters,Yes,No,
10912,7,4,F,1,0,3.95,1430,Arts & Letters,Yes,No,
10915,6,6,F,1,0,3.25,1120,Arts & Letters,Yes,No,
10922,1,1,F,1,0,3.52,1200,Arts & Letters,Yes,No,
10936,6,6,F,1,0,4.23,1420,Arts & Letters,Yes,No,
10941,7,7,F,1,0,4.12,1380,Arts & Letters,Yes,No,
10946,7,6,M,1,0,4.18,1540,Arts & Letters,Yes,No,
10947,7,7,M,1,0,3.62,1280,Arts & Letters,Yes,No,
10978,7,6,M,1,0,4,1250,Arts & Letters,Yes,Yes,3.137
10986,6,7,F,0,0,4.2,1230,Arts & Letters,Yes,No,
10989,6,3,F,1,0,3.93,1150,Arts & Letters,Yes,Yes,3.501
10997,6,5,F,1,0,4.2,1240,Arts & Letters,Yes,No,
11002,4,7,F,1,0,3.82,1170,Arts & Letters,Yes,Yes,3.689
11009,6,6,F,1,0,2.88,1190,Arts & Letters,Yes,Yes,3.484
11018,6,6,F,1,0,3.67,1220,Arts & Letters,Yes,No,
11022,7,7,M,1,0,4,1190,Arts & Letters,Yes,No,
11026,3,3,F,0,1,3.71,1150,Arts & Letters,Yes,No,
11027,7,6,F,1,0,4.27,1320,Arts & Letters,Yes,No,
11039,6,6,F,1,0,4.1,1450,Arts & Letters,Yes,No,
11043,2,2,F,1,0,3.83,1210,Arts & Letters,Yes,No,
11054,7,6,F,1,0,4.27,1350,Arts & Letters,Yes,No,
11057,6,6,F,1,0,3.14,1380,Arts & Letters,Yes,No,
11061,6,6,F,1,0,3.41,1360,Arts & Letters,Yes,Yes,3
11075,6,7,M,1,0,3.43,1290,Arts & Letters,Yes,No,
11081,6,5,M,1,0,3.96,1100,Arts & Letters,Yes,No,
11083,7,7,M,1,0,4.09,1380,Arts & Letters,Yes,No,
11097,7,6,F,1,0,3.65,1100,Arts & Letters,Yes,Yes,3.33
11104,7,7,M,1,0,3.5,1130,Arts & Letters,Yes,No,
11105,7,7,F,0,0,4,1190,Arts & Letters,Yes,No,
11107,7,4,F,1,0,4.14,1310,Arts & Letters,Yes,No,
11120,4,4,F,0,0,4,1310,Arts & Letters,Yes,Yes,3.614
11126,6,3,F,1,0,4.27,1380,Arts & Letters,Yes,No,
11128,7,6,M,1,0,3.5,1410,Arts & Letters,Yes,No,
11138,6,6,M,0,0,4.05,1280,Arts & Letters,Yes,Yes,3.279
11139,6,6,M,1,0,4.22,1450,Arts & Letters,Yes,No,
11149,6,4,F,1,0,3.52,1380,Arts & Letters,Yes,No,
11170,5,7,F,1,0,4.05,1020,Arts & Letters,Yes,No,
11171,6,6,M,0,0,3,1270,Arts & Letters,Yes,No,
11173,6,5,F,1,0,3.92,1300,Arts & Letters,Yes,No,
11177,7,6,F,1,0,3.95,1080,Arts & Letters,Yes,No,
11185,1,1,F,0,0,3.61,1010,Arts & Letters,Yes,No,
11217,6,4,F,1,0,3.95,1190,Arts & Letters,Yes,No,
11237,7,6,F,1,0,4.23,1350,Arts & Letters,Yes,No,
11238,2,2,F,0,0,3.2,1100,Arts & Letters,Yes,Yes,3.27
11245,1,1,F,0,0,4.1,1050,Arts & Letters,Yes,No,
11264,7,7,F,1,0,4.14,1510,Arts & Letters,Yes,No,
11268,6,5,M,1,0,3.86,1270,Arts & Letters,Yes,No,
11278,7,5,M,1,0,3.73,1390,Arts & Letters,Yes,Yes,3.712
11283,1,1,F,0,0,3.95,1090,Arts & Letters,Yes,No,
11327,2,2,F,0,0,3.3,1130,Arts & Letters,Yes,No,
11341,7,6,F,0,1,4.17,1350,Arts & Letters,Yes,No,
11354,6,7,F,1,0,3.77,1450,Arts & Letters,Yes,Yes,3.758
11372,7,7,F,0,0,3.64,1240,Arts & Letters,Yes,Yes,2.721
11380,3,3,F,0,0,4,1220,Arts & Letters,Yes,No,
11384,4,7,M,0,0,4.3,1340,Arts & Letters,Yes,Yes,3.226
11386,1,1,F,0,0,4.14,1300,Arts & Letters,Yes,No,
11416,1,1,F,0,1,4.12,1030,Arts & Letters,Yes,No,
11426,2,2,F,0,0,4.08,1160,Arts & Letters,Yes,No,
11432,7,7,F,1,0,4.33,1390,Arts & Letters,Yes,No,
11443,7,7,F,0,0,3.71,1100,Arts & Letters,Yes,Yes,3.512
11444,1,2,M,0,0,3.72,1220,Arts & Letters,Yes,No,
11456,7,7,F,1,0,4,1500,Arts & Letters,Yes,No,
11474,2,2,M,0,1,3.72,1140,Arts & Letters,Yes,No,
11491,7,6,F,0,1,4.12,1470,Arts & Letters,Yes,No,
11503,6,6,F,1,0,4.12,1180,Arts & Letters,Yes,No,
11541,6,6,F,1,0,3.72,1280,Arts & Letters,Yes,Yes,2.872
11554,6,6,F,1,0,3.7,1150,Arts & Letters,Yes,Yes,2.307
11566,7,6,F,1,0,3.95,1250,Arts & Letters,Yes,Yes,3.816
11576,1,1,F,0,1,3.33,1100,Arts & Letters,Yes,No,
11579,7,7,F,0,1,4.07,1330,Arts & Letters,Yes,No,
11580,7,6,F,1,0,4.08,1260,Arts & Letters,Yes,No,
11584,6,6,F,1,0,3.68,1280,Arts & Letters,Yes,No,
11592,7,5,M,0,0,4.05,1360,Arts & Letters,Yes,Yes,3.39
11610,7,7,F,1,0,3.8,1420,Arts & Letters,Yes,No,
11614,6,7,F,1,0,3.08,1410,Arts & Letters,Yes,No,
11622,7,7,F,1,0,4.04,1560,Arts & Letters,Yes,No,
11624,6,6,M,0,0,4,1260,Arts & Letters,Yes,No,
11635,7,7,M,0,0,3.71,1280,Arts & Letters,Yes,No,
11639,7,6,F,0,0,4.09,1440,Arts & Letters,Yes,No,
11653,4,6,F,1,0,3.45,1290,Arts & Letters,Yes,No,
11659,7,7,F,0,0,4.25,1530,Arts & Letters,Yes,No,
11663,7,6,F,1,0,4.17,1190,Arts & Letters,Yes,Yes,3.752
11668,3,7,F,0,1,3.26,1180,Arts & Letters,Yes,Yes,2.509
11676,6,5,F,0,1,4.04,1340,Arts & Letters,Yes,No,
11682,5,7,F,0,0,4.09,1290,Arts & Letters,Yes,No,
11685,3,3,M,0,0,3.92,1380,Arts & Letters,Yes,No,
11694,7,7,M,1,0,3.54,1460,Arts & Letters,Yes,No,
11702,4,6,M,0,0,4.23,1250,Arts & Letters,Yes,No,
11722,4,4,F,1,0,3.61,970,Arts & Letters,Yes,Yes,3.068
11732,6,7,F,0,1,4.33,1450,Arts & Letters,Yes,No,
11737,7,7,F,1,0,4.08,1230,Arts & Letters,Yes,Yes,3.547
11744,5,4,F,0,1,4.17,1390,Arts & Letters,Yes,No,
11752,1,1,F,0,0,3.73,1210,Arts & Letters,Yes,No,
11776,1,2,F,1,0,3.76,1100,Arts & Letters,Yes,No,
11781,7,3,F,0,0,4.05,1280,Arts & Letters,Yes,No,
11783,7,5,F,1,0,4.27,1310,Arts & Letters,Yes,No,
11786,4,6,F,0,0,4,1180,Arts & Letters,Yes,Yes,3.765
11790,7,6,F,0,0,3.88,1150,Arts & Letters,Yes,No,
11796,7,7,F,1,0,3.79,1100,Arts & Letters,Yes,No,
11811,7,5,F,1,0,3.57,970,Arts & Letters,Yes,Yes,1.568
11816,7,6,M,1,0,4.33,1490,Arts & Letters,Yes,No,
11817,5,3,F,1,0,3.95,1150,Arts & Letters,Yes,No,
11844,7,7,M,1,0,3.27,1160,Arts & Letters,Yes,No,
11849,7,6,F,1,0,3.67,1210,Arts & Letters,Yes,No,
11864,6,6,F,1,0,4.18,1250,Arts & Letters,Yes,No,
11907,4,6,M,1,0,3.88,1360,Arts & Letters,Yes,No,
11926,7,7,F,1,0,4.1,1260,Arts & Letters,Yes,Yes,2.793
11931,3,1,F,0,0,3.86,1240,Arts & Letters,Yes,No,
11953,7,7,F,1,0,3.36,1170,Arts & Letters,Yes,No,
11957,3,2,F,0,0,4.17,820,Arts & Letters,Yes,No,
11963,7,6,F,1,0,3.26,1430,Arts & Letters,Yes,Yes,2.063
11977,6,6,M,1,0,3.82,1160,Arts & Letters,Yes,Yes,3.343
11982,4,7,M,1,0,3.8,1330,Arts & Letters,Yes,No,
11992,6,6,M,0,0,4.27,1420,Arts & Letters,Yes,No,
11995,4,6,F,0,0,3.5,1280,Arts & Letters,Yes,Yes,3.536
11999,7,4,F,0,0,3.96,1280,Arts & Letters,Yes,No,
12000,7,7,F,1,0,4.2,1360,Arts & Letters,Yes,No,
12016,6,7,F,0,1,4.14,1130,Arts & Letters,Yes,No,
12034,7,6,F,1,0,3.58,1090,Arts & Letters,Yes,No,
12054,6,5,F,1,0,4.1,1380,Arts & Letters,Yes,No,
12069,7,6,F,1,0,3.95,1330,Arts & Letters,Yes,No,
12109,3,6,F,1,0,4.16,1290,Arts & Letters,Yes,No,
12128,7,5,F,0,0,4,1370,Arts & Letters,Yes,No,
12137,1,1,F,0,0,3.9,1030,Arts & Letters,Yes,No,
12144,7,3,F,0,0,3.95,1290,Arts & Letters,Yes,No,
12145,6,6,F,1,0,4.44,1450,Arts & Letters,Yes,No,
12164,7,7,F,0,1,3.92,1420,Arts & Letters,Yes,No,
12173,7,6,F,1,0,4.15,1520,Arts & Letters,Yes,No,
12181,6,6,F,1,0,3.25,1050,Arts & Letters,Yes,Yes,3.274
12196,6,5,F,1,0,3.61,1110,Arts & Letters,Yes,Yes,3.099
12199,6,4,F,1,0,3.59,1150,Arts & Letters,Yes,Yes,3.192
12200,7,6,F,0,1,2.92,1480,Arts & Letters,Yes,No,
12204,6,7,F,1,0,3.45,1090,Arts & Letters,Yes,No,
12237,7,3,F,1,0,3.64,1270,Arts & Letters,Yes,No,
12240,1,4,F,0,0,3.83,1090,Arts & Letters,Yes,No,
12255,6,6,F,0,0,4.14,1450,Arts & Letters,Yes,No,
12269,7,7,M,0,0,4.12,1520,Arts & Letters,Yes,No,
12285,7,3,F,1,0,3.69,1090,Arts & Letters,Yes,Yes,2.876
12291,4,5,M,0,0,3.77,1230,Arts & Letters,Yes,No,
12303,7,6,F,0,1,3.96,1500,Arts & Letters,Yes,No,
12305,7,7,F,1,0,4.11,1380,Arts & Letters,Yes,No,
12344,6,4,F,1,0,4,1420,Arts & Letters,Yes,No,
12367,4,4,F,1,0,3.75,1180,Arts & Letters,Yes,No,
12371,7,6,F,0,0,3.58,1190,Arts & Letters,Yes,No,
12374,7,7,F,1,0,4.07,1300,Arts & Letters,Yes,No,
12375,1,4,F,1,0,4,1440,Arts & Letters,Yes,No,
12378,6,6,M,1,0,3.85,1480,Arts & Letters,Yes,No,
12379,6,6,F,1,0,3.95,1410,Arts & Letters,Yes,No,
12390,7,7,F,1,0,3.96,1380,Arts & Letters,Yes,No,
12392,7,7,M,1,0,4,1290,Arts & Letters,Yes,No,
12410,3,6,F,1,0,4.32,1260,Arts & Letters,Yes,No,
12411,7,6,F,0,0,3.91,1290,Arts & Letters,Yes,No,
12413,3,6,F,0,0,3.47,980,Arts & Letters,Yes,Yes,3.309
12418,2,3,F,0,1,4.17,1160,Arts & Letters,Yes,Yes,3.527
12419,7,5,F,0,1,4,1340,Arts & Letters,Yes,No,
12421,1,1,F,0,1,3.86,950,Arts & Letters,Yes,No,
12435,1,1,F,0,0,3.72,1190,Arts & Letters,Yes,No,
12442,7,4,M,1,0,3.72,1270,Arts & Letters,Yes,No,
12459,6,5,F,1,0,4.23,1230,Arts & Letters,Yes,No,
12478,5,6,F,1,0,4.27,1330,Arts & Letters,Yes,No,
12516,3,3,F,1,0,4.14,1170,Arts & Letters,Yes,No,
12540,7,4,F,0,0,3.65,1260,Arts & Letters,Yes,No,
12545,5,7,F,1,0,3.59,1150,Arts & Letters,Yes,No,
12548,2,6,F,0,0,3.77,1170,Arts & Letters,Yes,Yes,2.982
12555,7,4,M,1,0,3.73,1300,Arts & Letters,Yes,No,
12568,2,1,F,0,1,3.91,1110,Arts & Letters,Yes,No,
12570,1,1,F,0,1,3.6,1040,Arts & Letters,Yes,No,
12580,5,5,F,1,0,4.23,1310,Arts & Letters,Yes,No,
12607,3,2,M,0,0,3.67,1060,Arts & Letters,Yes,No,
12614,5,3,F,0,0,4.14,1410,Arts & Letters,Yes,No,
12630,1,2,F,0,0,3.61,850,Arts & Letters,Yes,No,
12632,6,7,F,1,0,3.77,1280,Arts & Letters,Yes,Yes,3.52
12653,1,3,F,0,0,3.62,1110,Arts & Letters,Yes,No,
12655,7,6,F,0,1,4,1570,Arts & Letters,Yes,No,
12665,1,1,F,0,0,4.4,1340,Arts & Letters,Yes,No,
12669,7,6,F,1,0,4.04,1440,Arts & Letters,Yes,No,
12673,3,3,M,0,0,3.68,1400,Arts & Letters,Yes,No,
12702,6,6,F,1,0,4.21,1410,Arts & Letters,Yes,No,
12706,7,7,F,0,1,3.97,1320,Arts & Letters,Yes,No,
12723,6,5,M,0,0,3.4,1230,Arts & Letters,Yes,No,
12728,6,4,M,1,0,3.95,1380,Arts & Letters,Yes,No,
12738,1,1,F,0,1,3.62,1080,Arts & Letters,Yes,Yes,2.912
12740,1,1,F,0,1,3.07,1200,Arts & Letters,Yes,No,
12745,6,7,F,0,0,3.71,1240,Arts & Letters,Yes,No,
12750,6,7,F,1,0,4.32,1360,Arts & Letters,Yes,No,
12751,7,6,F,1,0,3.9,1490,Arts & Letters,Yes,No,
12757,7,6,M,1,0,3.71,1270,Arts & Letters,Yes,Yes,3.925
12759,6,7,F,1,0,4,1460,Arts & Letters,Yes,No,
12760,6,6,F,0,0,3.83,1230,Arts & Letters,Yes,No,
12761,7,6,F,1,0,3.96,1340,Arts & Letters,Yes,No,
12778,7,4,F,0,0,4.08,1210,Arts & Letters,Yes,No,
12782,7,6,F,1,0,3.83,1380,Arts & Letters,Yes,Yes,3.138
12794,6,3,F,0,1,4.17,1320,Arts & Letters,Yes,No,
12800,6,7,M,1,0,3.37,1250,Arts & Letters,Yes,No,
12805,6,5,F,1,0,3.74,1470,Arts & Letters,Yes,No,
12828,6,6,F,0,0,3.87,1180,Arts & Letters,Yes,No,
12840,6,7,F,1,0,4,1230,Arts & Letters,Yes,No,
12841,6,6,M,1,0,4.07,1500,Arts & Letters,Yes,No,
12843,7,7,F,1,0,4.14,1430,Arts & Letters,Yes,No,
12846,6,7,F,1,0,3.41,1410,Arts & Letters,Yes,No,
12859,6,6,F,0,1,3.65,1470,Arts & Letters,Yes,No,
12865,6,6,F,1,0,3.86,1330,Arts & Letters,Yes,Yes,3.206
12870,6,3,M,1,0,3.36,1320,Arts & Letters,Yes,No,
12878,6,6,F,1,0,3.57,1370,Arts & Letters,Yes,Yes,3.629
12890,7,6,F,1,0,3.59,1170,Arts & Letters,Yes,Yes,3.075
12891,6,6,F,0,0,3.79,1210,Arts & Letters,Yes,No,
12910,7,7,F,0,0,4.04,1450,Arts & Letters,Yes,No,
12911,7,7,F,0,0,4.32,1440,Arts & Letters,Yes,No,
12914,7,7,M,1,0,3.83,1360,Arts & Letters,Yes,No,
12916,6,4,F,0,0,3.3,1410,Arts & Letters,Yes,No,
12932,6,3,F,1,0,4.36,1360,Arts & Letters,Yes,No,
12958,6,6,M,0,0,3.61,1360,Arts & Letters,Yes,No,
12985,7,6,F,0,1,3.73,1250,Arts & Letters,Yes,No,
13000,4,5,F,1,0,3.88,1270,Arts & Letters,Yes,No,
13003,4,4,M,1,0,3.44,1230,Arts & Letters,Yes,Yes,3.164
13024,7,7,M,1,0,3.92,1430,Arts & Letters,Yes,Yes,2.895
13034,6,7,F,1,0,3.41,1140,Arts & Letters,Yes,No,
13043,5,6,F,0,1,3.77,1190,Arts & Letters,Yes,No,
13053,4,7,F,1,0,4.25,1190,Arts & Letters,Yes,No,
13068,6,7,F,1,0,3.9,1300,Arts & Letters,Yes,No,
13074,5,6,M,0,0,3.8,1080,Arts & Letters,Yes,No,
13084,5,6,F,0,1,3.53,1040,Arts & Letters,Yes,Yes,2.798
13091,6,4,M,0,1,4.12,1170,Arts & Letters,Yes,No,
13094,5,5,F,1,0,4.18,1380,Arts & Letters,Yes,No,
13098,7,6,F,1,0,3.59,1270,Arts & Letters,Yes,No,
13099,7,6,M,0,0,3.95,1320,Arts & Letters,Yes,No,
13104,7,6,F,1,0,3.87,1440,Arts & Letters,Yes,No,
13108,7,6,F,1,0,4.04,1440,Arts & Letters,Yes,No,
13110,7,6,F,1,0,3.79,1380,Arts & Letters,Yes,Yes,3.329
13111,7,6,F,1,0,4.05,1330,Arts & Letters,Yes,No,
13115,7,7,M,1,0,3.68,1330,Arts & Letters,Yes,No,
13127,7,6,M,1,0,3.32,1020,Arts & Letters,Yes,No,
13143,6,6,F,1,0,4.09,1430,Arts & Letters,Yes,No,
13148,5,6,F,0,0,3.94,1390,Arts & Letters,Yes,No,
13152,5,7,F,1,0,4.15,1280,Arts & Letters,Yes,Yes,3.475
13155,6,7,M,1,0,4.1,1420,Arts & Letters,Yes,No,
13158,5,5,F,0,0,4,1130,Arts & Letters,Yes,No,
13163,6,6,M,1,0,4.18,1290,Arts & Letters,Yes,No,
13165,6,4,F,1,0,3.42,1390,Arts & Letters,Yes,No,
13169,7,6,F,1,0,3.67,1380,Arts & Letters,Yes,No,
13171,7,7,M,0,1,3.92,1560,Arts & Letters,Yes,No,
13174,1,1,F,0,0,4.36,1300,Arts & Letters,Yes,No,
13179,4,4,F,1,0,4.17,1260,Arts & Letters,Yes,No,
13184,6,7,M,0,1,3.94,1480,Arts & Letters,Yes,No,
13185,6,5,M,1,0,3.85,1280,Arts & Letters,Yes,Yes,3.606
13197,4,6,M,0,0,4.15,1330,Arts & Letters,Yes,No,
13204,6,6,M,1,0,4.09,1490,Arts & Letters,Yes,No,
13205,6,6,F,1,0,3.72,1430,Arts & Letters,Yes,Yes,3.526
13212,6,6,M,1,0,3.93,1300,Arts & Letters,Yes,No,
13218,6,7,F,1,0,3.45,1230,Arts & Letters,Yes,No,
13230,7,6,F,0,0,4.2,1460,Arts & Letters,Yes,No,
13237,5,6,F,1,0,4.05,1340,Arts & Letters,Yes,Yes,3.165
13242,6,6,M,1,0,3.55,1380,Arts & Letters,Yes,No,
13243,7,5,F,0,1,4.2,1400,Arts & Letters,Yes,No,
13244,7,7,F,1,0,3.95,1190,Arts & Letters,Yes,No,
13247,7,7,F,0,1,3.89,1540,Arts & Letters,Yes,No,
13259,5,5,M,1,0,3.5,1440,Arts & Letters,Yes,No,
13268,7,6,M,0,0,4.04,1290,Arts & Letters,Yes,No,
13276,6,4,F,0,1,4.14,1360,Arts & Letters,Yes,No,
13289,6,3,F,1,0,3.68,1190,Arts & Letters,Yes,Yes,3.458
13295,1,1,F,0,0,4.05,1110,Arts & Letters,Yes,Yes,2.436
13312,6,7,M,1,0,4.25,1330,Arts & Letters,Yes,No,
13318,7,6,F,1,0,3.15,1460,Arts & Letters,Yes,Yes,3.136
13322,7,7,F,0,1,3.91,1230,Arts & Letters,Yes,No,
13362,6,7,F,1,0,4.36,1320,Arts & Letters,Yes,No,
13382,4,4,M,1,0,3.82,1140,Arts & Letters,Yes,No,
13386,6,7,F,1,0,3.79,1230,Arts & Letters,Yes,No,
13402,6,4,M,0,1,3.5,1060,Arts & Letters,Yes,Yes,2.674
13413,7,7,F,0,0,3.67,970,Arts & Letters,Yes,No,
13414,7,6,F,1,0,3.76,1400,Arts & Letters,Yes,No,
13425,5,5,M,1,0,4.22,1250,Arts & Letters,Yes,No,
13434,3,6,M,1,0,4.17,1280,Arts & Letters,Yes,No,
13437,3,3,F,1,0,3.53,1100,Arts & Letters,Yes,No,
13442,4,5,F,0,0,3.45,1170,Arts & Letters,Yes,No,
13451,7,6,F,0,1,3.83,1410,Arts & Letters,Yes,No,
13458,6,4,F,0,0,4.1,1260,Arts & Letters,Yes,No,
13468,4,5,F,1,0,4.16,1150,Arts & Letters,Yes,No,
13471,7,7,F,1,0,4.14,1390,Arts & Letters,Yes,No,
13473,3,6,F,0,1,3.71,1340,Arts & Letters,Yes,No,
13479,6,6,M,1,0,4.1,1490,Arts & Letters,Yes,No,
13481,6,6,F,1,0,3.62,1320,Arts & Letters,Yes,No,
13501,4,7,F,0,0,3.93,1220,Arts & Letters,Yes,Yes,3.308
13507,7,7,F,1,0,4.16,1250,Arts & Letters,Yes,Yes,3.7
13513,6,4,M,0,0,3.5,1270,Arts & Letters,Yes,No,
13548,6,6,F,1,0,4.27,1260,Arts & Letters,Yes,Yes,3.785
13549,7,7,F,1,0,3.62,1190,Arts & Letters,Yes,No,
13560,6,6,F,1,0,3.03,1240,Arts & Letters,Yes,Yes,2.642
13565,3,3,F,0,0,3.68,1130,Arts & Letters,Yes,No,
13571,6,4,F,1,0,4.4,1480,Arts & Letters,Yes,No,
13587,7,6,F,0,0,4.06,1450,Arts & Letters,Yes,No,
13588,6,6,M,1,0,4.18,1270,Arts & Letters,Yes,No,
13595,1,1,F,0,0,4.05,1150,Arts & Letters,Yes,No,
13607,7,7,F,0,1,4.15,1250,Arts & Letters,Yes,No,
13620,7,6,F,0,1,3.85,1250,Arts & Letters,Yes,No,
13654,1,1,M,0,0,3.83,1300,Arts & Letters,Yes,No,
13664,2,2,F,1,0,3.5,1120,Arts & Letters,Yes,Yes,2.586
13666,5,5,F,0,0,4.2,1110,Arts & Letters,Yes,No,
13671,6,6,M,0,1,3.46,1400,Arts & Letters,Yes,Yes,3.128
13684,7,7,M,1,0,3.77,1240,Arts & Letters,Yes,No,
13724,6,6,F,1,0,3.71,1250,Arts & Letters,Yes,No,
13726,6,7,F,0,0,3.54,1260,Arts & Letters,Yes,Yes,3.051
13732,6,6,M,0,1,3.73,1180,Arts & Letters,Yes,No,
13753,7,7,M,0,1,3.45,1380,Arts & Letters,Yes,Yes,3.667
13755,6,6,F,0,1,3.92,1140,Arts & Letters,Yes,No,
13757,6,6,M,0,0,3.42,1270,Arts & Letters,Yes,No,
13768,7,6,M,1,0,3.59,1190,Arts & Letters,Yes,Yes,3.017
13779,4,6,F,0,0,3.52,1000,Arts & Letters,Yes,No,
13786,6,6,F,0,0,3.97,1090,Arts & Letters,Yes,No,
13801,3,3,F,1,0,4.18,1280,Arts & Letters,Yes,No,
13807,7,6,F,0,1,3.54,1340,Arts & Letters,Yes,Yes,3.301
13824,6,7,M,1,0,4.05,1100,Arts & Letters,Yes,No,
13837,7,7,F,1,0,4.21,1300,Arts & Letters,Yes,No,
13842,4,6,F,1,0,4.23,1090,Arts & Letters,Yes,No,
13860,7,6,F,1,0,3.9,1310,Arts & Letters,Yes,No,
13862,7,6,F,0,1,4.12,1440,Arts & Letters,Yes,No,
13873,6,6,F,0,0,3.55,1110,Arts & Letters,Yes,Yes,3.288
13888,6,6,M,1,0,3.59,1210,Arts & Letters,Yes,Yes,2.123
13947,6,5,M,0,0,3.25,1070,Arts & Letters,Yes,Yes,2.381
13950,2,3,F,1,0,4.18,1170,Arts & Letters,Yes,No,
13952,1,1,M,0,0,3.77,1180,Arts & Letters,Yes,No,
13964,2,3,F,1,0,4.09,1110,Arts & Letters,Yes,No,
13972,4,6,M,1,0,3.85,1190,Arts & Letters,Yes,No,
13979,5,6,M,1,0,3.19,1130,Arts & Letters,Yes,Yes,2.738
13983,7,7,F,0,0,3.91,1040,Arts & Letters,Yes,No,
13993,4,4,F,1,0,3.73,1200,Arts & Letters,Yes,No,
14006,7,5,F,0,1,3.94,1370,Arts & Letters,Yes,No,
14023,7,6,F,1,0,4,1180,Arts & Letters,Yes,No,
14046,3,3,F,1,0,4.33,1340,Arts & Letters,Yes,Yes,3.833
14048,6,6,F,1,0,3.84,1400,Arts & Letters,Yes,Yes,3.252
14061,4,5,F,1,0,4.15,1330,Arts & Letters,Yes,No,
14073,6,3,M,1,0,4,1040,Arts & Letters,Yes,Yes,3.03
14086,6,6,F,0,0,3.94,1240,Arts & Letters,Yes,No,
14109,7,7,M,0,1,3.68,1470,Arts & Letters,Yes,No,
14126,7,7,F,1,0,3.64,1230,Arts & Letters,Yes,No,
14128,6,7,F,1,0,3.64,1430,Arts & Letters,Yes,No,
14143,4,7,F,1,0,3.11,1160,Arts & Letters,Yes,No,
14144,1,3,M,0,1,4.05,1390,Arts & Letters,Yes,No,
14159,4,4,F,1,0,3.54,1290,Arts & Letters,Yes,No,
14166,6,6,F,0,0,3.85,1260,Arts & Letters,Yes,No,
14186,4,4,F,1,0,3.88,1360,Arts & Letters,Yes,Yes,3.146
14192,4,6,F,1,0,3.86,1190,Arts & Letters,Yes,No,
14198,7,7,F,0,0,3.67,1320,Arts & Letters,Yes,No,
14200,1,1,F,0,1,3.52,960,Arts & Letters,Yes,No,
14208,6,4,M,0,0,3.17,1290,Arts & Letters,Yes,No,
14209,6,6,F,0,1,4,1300,Arts & Letters,Yes,No,
14218,7,6,M,0,0,3.2,1180,Arts & Letters,Yes,Yes,2.395
14219,5,3,M,1,0,3.28,1240,Arts & Letters,Yes,Yes,2.571
14228,2,2,F,1,0,3.62,1080,Arts & Letters,Yes,Yes,1.792
14247,7,7,F,1,0,4.15,1190,Arts & Letters,Yes,No,
14250,4,6,F,0,1,3.62,1410,Arts & Letters,Yes,No,
14267,7,7,F,0,0,3.65,1110,Arts & Letters,Yes,No,
14270,1,1,F,0,1,3.77,1280,Arts & Letters,Yes,No,
14273,3,3,F,0,1,3.45,1090,Arts & Letters,Yes,No,
14293,6,7,M,1,0,3.82,1290,Arts & Letters,Yes,No,
14300,6,6,F,0,0,4.25,1490,Arts & Letters,Yes,No,
14313,7,7,F,0,1,3.91,1430,Arts & Letters,Yes,No,
14317,7,7,F,1,0,4.05,1280,Arts & Letters,Yes,No,
14324,7,4,F,1,0,3.82,1180,Arts & Letters,Yes,No,
14327,4,7,M,0,0,3.88,1280,Arts & Letters,Yes,No,
14350,7,6,F,1,0,3.68,1390,Arts & Letters,Yes,Yes,3.56
14364,7,7,M,0,0,4.21,1330,Arts & Letters,Yes,No,
14375,6,3,M,0,0,3.65,1370,Arts & Letters,Yes,No,
14380,5,7,F,1,0,3.85,1410,Arts & Letters,Yes,No,
14381,7,7,F,1,0,3.69,1230,Arts & Letters,Yes,Yes,3.429
14384,6,6,F,1,0,3.94,1330,Arts & Letters,Yes,No,
14386,7,7,F,1,0,3.83,1520,Arts & Letters,Yes,No,
14395,6,6,F,1,0,3.86,1200,Arts & Letters,Yes,No,
14398,2,4,F,0,0,3.91,1250,Arts & Letters,Yes,No,
14425,6,6,F,1,0,3.91,1190,Arts & Letters,Yes,Yes,3.507
14442,6,7,F,0,1,4,1370,Arts & Letters,Yes,No,
14450,6,3,M,1,0,3.43,1100,Arts & Letters,Yes,Yes,3.155
14497,1,1,F,0,0,4.36,1090,Arts & Letters,Yes,No,
14510,3,7,F,1,0,3.46,1420,Arts & Letters,Yes,No,
14513,6,6,F,1,0,4.14,1300,Arts & Letters,Yes,No,
14520,7,6,F,1,0,4.19,1310,Arts & Letters,Yes,No,
14522,7,6,M,1,0,3.65,1100,Arts & Letters,Yes,No,
14527,6,7,F,1,0,4,1220,Arts & Letters,Yes,No,
14540,6,6,M,0,0,3.67,1340,Arts & Letters,Yes,Yes,2.757
14554,6,6,F,1,0,4.18,1420,Arts & Letters,Yes,No,
14556,4,6,F,1,0,4.25,1300,Arts & Letters,Yes,No,
14564,6,5,F,0,1,3.64,1310,Arts & Letters,Yes,No,
14567,7,7,M,1,0,3.74,1330,Arts & Letters,Yes,No,
14578,2,1,F,0,1,2.74,1210,Arts & Letters,Yes,No,
14579,4,6,M,1,0,4.23,1400,Arts & Letters,Yes,No,
14621,1,2,F,0,0,3.83,1040,Arts & Letters,Yes,No,
14642,7,7,F,0,1,3.48,1480,Arts & Letters,Yes,No,
14652,7,4,F,1,0,4.08,1300,Arts & Letters,Yes,No,
14653,7,5,F,0,0,3.86,1330,Arts & Letters,Yes,No,
14661,3,4,F,1,0,4.09,1200,Arts & Letters,Yes,No,
14664,1,1,F,0,0,3.9,1070,Arts & Letters,Yes,No,
14669,6,7,F,0,0,4.05,1210,Arts & Letters,Yes,No,
14690,7,6,M,0,0,3.52,1220,Arts & Letters,Yes,No,
14702,6,6,M,0,0,3.5,1240,Arts & Letters,Yes,No,
14738,6,6,F,0,0,3.88,1310,Arts & Letters,Yes,No,
14755,6,4,M,1,0,3.78,1500,Arts & Letters,Yes,No,
14763,7,6,M,1,0,4.05,1410,Arts & Letters,Yes,No,
14769,2,1,F,0,0,4.27,1460,Arts & Letters,Yes,No,
14779,6,4,F,1,0,3.75,1060,Arts & Letters,Yes,Yes,2.679
14784,7,7,F,1,0,4.04,1350,Arts & Letters,Yes,No,
14791,6,6,F,1,0,3.95,1290,Arts & Letters,Yes,Yes,3.472
14821,2,4,F,0,0,3.95,1240,Arts & Letters,Yes,No,
14823,6,6,M,1,0,3.82,1120,Arts & Letters,Yes,No,
14828,6,6,F,1,0,4.14,1220,Arts & Letters,Yes,No,
14857,7,7,F,1,0,4.08,1150,Arts & Letters,Yes,No,
14858,7,4,F,1,0,3.62,1250,Arts & Letters,Yes,No,
14875,4,3,F,0,0,3.71,1140,Arts & Letters,Yes,No,
14876,5,6,F,1,0,3.64,1080,Arts & Letters,Yes,Yes,3.584
14887,7,7,F,0,1,3.94,1280,Arts & Letters,Yes,No,
14896,6,6,F,1,0,4.05,1240,Arts & Letters,Yes,Yes,3.473
14903,6,3,M,0,1,3.04,1370,Arts & Letters,Yes,No,
14910,6,6,F,1,0,3.68,1210,Arts & Letters,Yes,No,
14914,7,7,F,1,0,4.12,1290,Arts & Letters,Yes,No,
14919,7,6,F,1,0,3.79,1280,Arts & Letters,Yes,No,
14932,7,6,F,0,0,4.05,1260,Arts & Letters,Yes,No,
14939,6,4,F,1,0,4.36,1300,Arts & Letters,Yes,No,
14942,6,6,F,1,0,3.32,1320,Arts & Letters,Yes,No,
14943,6,4,F,1,0,3.81,1070,Arts & Letters,Yes,Yes,2.327
14946,6,7,F,1,0,4.33,1280,Arts & Letters,Yes,No,
14968,7,6,F,1,0,4.05,1390,Arts & Letters,Yes,No,
14995,4,7,F,0,0,3.79,1310,Arts & Letters,Yes,No,
14996,2,2,F,0,1,3.79,1110,Arts & Letters,Yes,No,
15006,3,3,F,0,0,3.95,1200,Arts & Letters,Yes,No,
15010,6,4,F,1,0,4.29,1050,Arts & Letters,Yes,No,
15025,7,7,M,0,1,4.08,1390,Arts & Letters,Yes,No,
15036,3,4,F,0,0,3.58,1110,Arts & Letters,Yes,Yes,2.784
15051,3,3,M,0,0,4.04,1240,Arts & Letters,Yes,No,
15063,7,3,F,1,0,3.96,1350,Arts & Letters,Yes,Yes,3.626
15082,3,4,M,1,0,4,1440,Arts & Letters,Yes,Yes,3.689
15086,7,6,F,0,0,3.95,1320,Arts & Letters,Yes,No,
15112,7,7,F,1,0,3.79,1260,Arts & Letters,Yes,No,
15115,1,1,F,0,0,3.59,1150,Arts & Letters,Yes,No,
15129,3,3,F,0,0,3.91,1060,Arts & Letters,Yes,No,
15133,7,7,F,1,0,3.82,1250,Arts & Letters,Yes,No,
15140,5,4,F,1,0,4.05,1410,Arts & Letters,Yes,No,
15155,7,7,F,0,0,4.12,1230,Arts & Letters,Yes,No,
15183,4,7,M,1,0,3.79,1480,Arts & Letters,Yes,No,
15202,4,4,F,0,0,3.44,1130,Arts & Letters,Yes,No,
15227,7,6,M,1,0,3.92,1270,Arts & Letters,Yes,No,
15242,4,4,F,0,0,4,1360,Arts & Letters,Yes,No,
15257,7,5,F,1,0,4,1540,Arts & Letters,Yes,No,
15262,6,4,F,1,0,3.82,1120,Arts & Letters,Yes,No,
15269,6,6,F,1,0,4.28,1510,Arts & Letters,Yes,No,
15278,3,2,M,0,1,3.7,1290,Arts & Letters,Yes,No,
15287,7,6,F,0,1,3.61,1560,Arts & Letters,Yes,No,
15294,2,6,M,0,0,3.73,990,Arts & Letters,Yes,Yes,1.338
15305,7,4,F,1,0,3.3,1270,Arts & Letters,Yes,No,
15310,6,6,F,1,0,3.81,1260,Arts & Letters,Yes,No,
15312,7,7,M,1,0,3.76,1380,Arts & Letters,Yes,No,
15321,7,7,F,0,0,3.58,1340,Arts & Letters,Yes,No,
15330,7,7,F,0,0,3.96,990,Arts & Letters,Yes,Yes,2.814
15341,6,5,F,0,0,4.32,1330,Arts & Letters,Yes,No,
15343,3,3,F,1,0,3.35,1180,Arts & Letters,Yes,No,
15366,4,1,M,0,0,3.74,1180,Arts & Letters,Yes,No,
15371,6,6,F,1,0,4,1100,Arts & Letters,Yes,No,
15386,7,7,F,0,1,4.14,1400,Arts & Letters,Yes,No,
15389,3,3,F,1,0,4.18,1370,Arts & Letters,Yes,No,
15401,7,7,F,0,0,4.11,1260,Arts & Letters,Yes,No,
15402,7,6,F,1,0,3.76,1370,Arts & Letters,Yes,No,
15420,7,6,M,1,0,3.45,1260,Arts & Letters,Yes,No,
15449,4,7,F,1,0,4.25,1420,Arts & Letters,Yes,No,
15469,7,7,M,0,1,3.71,1480,Arts & Letters,Yes,No,
15484,3,3,M,1,0,4.05,1190,Arts & Letters,Yes,No,
15495,4,4,F,0,1,3.58,1120,Arts & Letters,Yes,Yes,3.028
15506,1,1,F,0,0,4.17,1050,Arts & Letters,Yes,No,
15507,6,6,F,0,0,3.37,1100,Arts & Letters,Yes,Yes,2.734
15522,6,6,F,1,0,3.75,1170,Arts & Letters,Yes,No,
15526,3,3,F,0,0,3.41,1310,Arts & Letters,Yes,No,
15537,7,7,F,1,0,3.96,1370,Arts & Letters,Yes,No,
15543,6,6,M,0,0,3.48,1410,Arts & Letters,Yes,No,
15560,7,4,F,1,0,4.08,1350,Arts & Letters,Yes,Yes,3.374
15564,7,6,M,0,0,3.11,1340,Arts & Letters,Yes,No,
15576,2,1,F,0,1,4,1100,Arts & Letters,Yes,No,
15580,6,6,F,1,0,3.55,1430,Arts & Letters,Yes,No,
15583,1,1,F,0,0,3.54,1220,Arts & Letters,Yes,No,
15619,4,6,F,1,0,4.32,1470,Arts & Letters,Yes,No,
15620,4,5,F,1,0,4.09,1230,Arts & Letters,Yes,No,
15659,7,6,M,0,1,3.31,1360,Arts & Letters,Yes,No,
15677,6,4,M,0,0,3.55,1260,Arts & Letters,Yes,No,
15683,7,6,F,1,0,3.71,1150,Arts & Letters,Yes,Yes,3.188
15692,4,2,F,0,0,3.54,1310,Arts & Letters,Yes,No,
15697,7,6,M,0,0,3.64,1350,Arts & Letters,Yes,No,
15699,7,4,M,0,0,4.33,1440,Arts & Letters,Yes,No,
15712,6,4,F,1,0,3.86,1440,Arts & Letters,Yes,No,
15728,6,6,F,1,0,3.6,1280,Arts & Letters,Yes,No,
15731,1,4,F,0,0,3.58,1310,Arts & Letters,Yes,No,
15744,1,3,F,0,0,3.91,1170,Arts & Letters,Yes,No,
15747,7,5,F,1,0,4.21,1370,Arts & Letters,Yes,Yes,3.719
15755,7,6,F,1,0,4.09,1070,Arts & Letters,Yes,No,
15765,7,6,F,1,0,3.95,1340,Arts & Letters,Yes,No,
15767,7,7,M,1,0,4.25,1260,Arts & Letters,Yes,No,
15808,3,4,F,1,0,4.35,1340,Arts & Letters,Yes,Yes,3.361
15813,7,6,F,1,0,4.36,1290,Arts & Letters,Yes,No,
15826,4,6,F,1,0,3.38,1240,Arts & Letters,Yes,No,
15855,7,7,M,1,0,3.68,1290,Arts & Letters,Yes,No,
15865,7,7,F,1,0,4.24,1400,Arts & Letters,Yes,No,
15875,3,7,M,1,0,4.08,1160,Arts & Letters,Yes,No,
15882,7,7,M,1,0,3.71,1340,Arts & Letters,Yes,No,
15883,6,3,F,1,0,4.18,1490,Arts & Letters,Yes,No,
15887,6,5,F,0,0,3.88,1240,Arts & Letters,Yes,No,
15929,7,5,F,1,0,4.04,1030,Arts & Letters,Yes,No,
15931,2,2,M,1,0,3.32,1180,Arts & Letters,Yes,No,
15934,6,6,F,0,1,3.95,1530,Arts & Letters,Yes,No,
15969,1,2,F,0,0,3.85,1070,Arts & Letters,Yes,No,
15981,7,3,M,1,0,3.9,1070,Arts & Letters,Yes,No,
16038,6,6,F,1,0,3.83,1170,Arts & Letters,Yes,Yes,3.338
16053,3,2,M,0,0,3.25,1330,Arts & Letters,Yes,No,
16058,6,6,F,1,0,4.25,1360,Arts & Letters,Yes,No,
16060,1,4,F,0,0,3.37,1130,Arts & Letters,Yes,No,
16067,4,4,M,0,1,4.05,1240,Arts & Letters,Yes,No,
16071,6,6,M,1,0,3.62,1410,Arts & Letters,Yes,No,
16093,4,7,M,1,0,3.14,1290,Arts & Letters,Yes,No,
16096,6,7,M,1,0,3.96,1030,Arts & Letters,Yes,No,
16116,3,6,M,1,0,3.85,1350,Arts & Letters,Yes,No,
16123,6,6,F,1,0,4.1,1340,Arts & Letters,Yes,No,
16137,6,6,F,0,0,3.19,1200,Arts & Letters,Yes,No,
16151,6,6,M,0,1,3.77,1180,Arts & Letters,Yes,No,
16187,7,6,M,0,0,3.33,1220,Arts & Letters,Yes,No,
16194,7,6,F,1,0,3.64,1100,Arts & Letters,Yes,No,
16195,7,6,M,0,1,3.54,1360,Arts & Letters,Yes,No,
16199,3,3,M,0,0,3.65,1310,Arts & Letters,Yes,No,
16237,6,6,M,1,0,4.15,1460,Arts & Letters,Yes,No,
16241,4,7,F,0,0,4.05,1150,Arts & Letters,Yes,No,
16255,3,6,F,0,0,4.04,1240,Arts & Letters,Yes,No,
16275,4,3,F,1,0,3.9,1380,Arts & Letters,Yes,No,
16290,6,7,M,1,0,3.75,1450,Arts & Letters,Yes,No,
16309,4,6,F,0,0,4.17,1170,Arts & Letters,Yes,No,
16337,1,1,M,0,1,3.85,1070,Arts & Letters,Yes,No,
16340,7,7,M,1,0,4.17,1260,Arts & Letters,Yes,No,
16363,7,7,M,0,0,3.41,1300,Arts & Letters,Yes,No,
16373,4,6,F,1,0,4,1320,Arts & Letters,Yes,No,
16388,6,4,F,1,0,4.36,1400,Arts & Letters,Yes,Yes,3.806
16413,4,7,M,0,0,3.55,1360,Arts & Letters,Yes,No,
16441,7,1,F,0,0,3.69,970,Arts & Letters,Yes,No,
16466,6,6,F,1,0,4.19,1250,Arts & Letters,Yes,No,
16476,6,7,F,0,0,3.73,1210,Arts & Letters,Yes,No,
16483,6,3,M,0,1,3.9,1100,Arts & Letters,Yes,No,
16535,3,6,F,0,1,4.24,1190,Arts & Letters,Yes,No,
16550,6,5,M,1,0,3.61,1190,Arts & Letters,Yes,No,
16555,1,1,F,0,1,3.68,1260,Arts & Letters,Yes,No,
16586,6,6,F,1,0,3.64,1180,Arts & Letters,Yes,No,
16588,7,7,M,0,0,4.04,1290,Arts & Letters,Yes,No,
16592,2,5,M,0,0,3.67,790,Arts & Letters,Yes,No,
16622,7,7,F,1,0,4.15,1360,Arts & Letters,Yes,No,
16624,7,7,F,0,0,3.83,1260,Arts & Letters,Yes,No,
16628,2,2,M,0,0,3.73,1070,Arts & Letters,Yes,No,
16646,7,7,M,1,0,3.88,1420,Arts & Letters,Yes,No,
16650,7,6,M,1,0,3.6,1350,Arts & Letters,Yes,No,
16676,4,3,M,1,0,3.46,1260,Arts & Letters,Yes,Yes,2.176
16683,6,7,F,0,0,4.05,1410,Arts & Letters,Yes,No,
16688,1,1,F,0,0,3.59,1140,Arts & Letters,Yes,No,
16708,6,6,F,0,0,3.8,1180,Arts & Letters,Yes,No,
16713,1,1,F,0,0,3.5,1030,Arts & Letters,Yes,Yes,0.889
16721,6,6,F,0,1,3.82,1440,Arts & Letters,Yes,No,
16728,7,6,F,0,0,4.12,1170,Arts & Letters,Yes,No,
16736,6,5,F,1,0,3.73,1140,Arts & Letters,Yes,No,
16752,6,4,F,1,0,3.92,1220,Arts & Letters,Yes,Yes,3.574
16754,6,5,F,1,0,3.45,1220,Arts & Letters,Yes,Yes,2.759
16782,7,7,F,1,0,4,1190,Arts & Letters,Yes,No,
16799,3,1,F,0,1,3.74,1280,Arts & Letters,Yes,No,
16830,3,3,F,0,1,3.33,1370,Arts & Letters,Yes,No,
16841,7,7,F,1,0,4.22,1430,Arts & Letters,Yes,No,
16861,7,7,M,1,0,4.24,1320,Arts & Letters,Yes,No,
16864,6,5,M,1,0,3.91,1260,Arts & Letters,Yes,Yes,3.207
16870,6,5,F,0,0,3.96,1400,Arts & Letters,Yes,No,
16879,6,7,F,0,0,4.3,1470,Arts & Letters,Yes,No,
16880,7,7,M,1,0,4.05,1420,Arts & Letters,Yes,No,
16887,7,6,F,1,0,4.28,1330,Arts & Letters,Yes,No,
16894,3,6,F,0,0,3.52,990,Arts & Letters,Yes,No,
16928,3,7,F,1,0,3.88,1300,Arts & Letters,Yes,No,
16936,3,7,F,0,0,3.27,1080,Arts & Letters,Yes,No,
16941,4,4,F,0,0,3.82,1020,Arts & Letters,Yes,No,
16942,7,7,F,1,0,3.77,1350,Arts & Letters,Yes,No,
16959,5,7,F,1,0,3.62,1090,Arts & Letters,Yes,No,
16978,7,6,F,1,0,4.05,1420,Arts & Letters,Yes,No,
16980,7,3,M,0,0,4.07,1320,Arts & Letters,Yes,No,
17014,6,6,F,1,0,3.96,1170,Arts & Letters,Yes,No,
17020,3,4,M,0,0,3.77,1190,Arts & Letters,Yes,No,
17056,7,6,M,1,0,3.82,1390,Arts & Letters,Yes,No,
17065,6,5,M,0,0,4.12,1010,Arts & Letters,Yes,No,
17108,4,7,F,0,0,4.25,1250,Arts & Letters,Yes,No,
17112,7,5,M,0,1,3.6,1360,Arts & Letters,Yes,No,
17115,7,7,M,1,0,3.79,1420,Arts & Letters,Yes,No,
17117,5,3,F,0,1,4.06,1150,Arts & Letters,Yes,No,
17126,7,7,F,0,1,3.91,1440,Arts & Letters,Yes,No,
17137,3,2,F,0,1,4,1190,Arts & Letters,Yes,No,
17141,4,4,M,0,0,3.65,1040,Arts & Letters,Yes,No,
17143,3,3,M,0,1,3.54,1320,Arts & Letters,Yes,No,
17162,6,5,M,1,0,3.23,1400,Arts & Letters,Yes,No,
17182,3,3,M,0,1,3.59,1200,Arts & Letters,Yes,No,
17201,6,6,F,1,0,3.42,1300,Arts & Letters,Yes,No,
17208,1,1,F,0,0,4.1,980,Arts & Letters,Yes,No,
17219,6,4,F,1,0,3.75,1280,Arts & Letters,Yes,No,
17226,7,3,M,0,1,3.65,1370,Arts & Letters,Yes,No,
17243,6,7,M,0,0,3.55,1240,Arts & Letters,Yes,Yes,2.953
17251,6,7,M,1,0,3.3,1170,Arts & Letters,Yes,No,
17262,7,7,F,0,1,3.73,1360,Arts & Letters,Yes,No,
17275,7,6,M,1,0,3.3,1520,Arts & Letters,Yes,No,
17281,4,4,F,0,0,3.71,1200,Arts & Letters,Yes,Yes,3.268
17293,6,5,M,1,0,3.29,1040,Arts & Letters,Yes,No,
17297,7,6,F,0,0,4,1400,Arts & Letters,Yes,No,
17298,2,3,F,0,0,3.75,970,Arts & Letters,Yes,No,
17318,6,6,F,0,0,3.91,1360,Arts & Letters,Yes,Yes,3.854
17331,2,5,M,0,0,2.8,1010,Arts & Letters,Yes,Yes,2.555
,,,,,,,,,,,
1,4,4,M,0,1,4.08,1460,Business & Economics,Yes,No,
14,6,6,M,0,0,3.88,1340,Business & Economics,Yes,No,
16,7,7,M,1,0,3.62,1460,Business & Economics,Yes,No,
21,7,6,M,1,0,4.25,1560,Business & Economics,Yes,No,
33,6,6,F,1,0,3.43,1220,Business & Economics,Yes,No,
48,7,6,M,1,0,4.14,1360,Business & Economics,Yes,No,
51,7,6,F,1,0,4.14,1270,Business & Economics,Yes,No,
56,6,6,M,1,0,4.15,1510,Business & Economics,Yes,No,
70,6,6,F,1,0,4.08,1200,Business & Economics,Yes,No,
76,6,7,M,0,0,3.67,1170,Business & Economics,Yes,No,
78,4,4,M,0,0,4,1330,Business & Economics,Yes,Yes,3.525
88,7,6,M,1,0,3.77,1310,Business & Economics,Yes,No,
90,7,7,M,1,0,4,1190,Business & Economics,Yes,No,
95,7,6,M,0,0,3.75,1240,Business & Economics,Yes,Yes,3.344
97,7,6,F,1,0,3.95,1250,Business & Economics,Yes,No,
110,6,6,M,1,0,4.25,1270,Business & Economics,Yes,No,
121,7,7,M,1,0,4,1410,Business & Economics,Yes,No,
137,1,1,M,0,0,4.2,980,Business & Economics,Yes,No,
158,6,6,M,1,0,4.25,1350,Business & Economics,Yes,No,
164,7,7,M,1,0,3.95,1430,Business & Economics,Yes,No,
171,6,6,F,1,0,3.4,1000,Business & Economics,Yes,Yes,2.919
179,3,3,F,0,0,3.61,1050,Business & Economics,Yes,Yes,2.88
188,7,6,M,0,0,3.95,1400,Business & Economics,Yes,No,
191,2,1,F,0,0,3.44,960,Business & Economics,Yes,No,
208,6,5,M,1,0,3.64,1350,Business & Economics,Yes,No,
221,6,7,M,1,0,3.73,1040,Business & Economics,Yes,No,
222,6,6,M,1,0,3.74,1260,Business & Economics,Yes,Yes,2.81
226,7,6,F,1,0,3.45,1440,Business & Economics,Yes,No,
233,7,7,M,1,0,4.04,1140,Business & Economics,Yes,Yes,2.932
239,4,6,F,1,0,4.2,1140,Business & Economics,Yes,Yes,3.641
248,6,6,F,1,0,3.91,1480,Business & Economics,Yes,No,
249,6,6,F,1,0,4.1,1450,Business & Economics,Yes,No,
258,7,6,F,1,0,4.17,1360,Business & Economics,Yes,Yes,2.986
264,6,5,M,1,0,3.85,1160,Business & Economics,Yes,No,
265,7,6,F,1,0,4.33,1430,Business & Economics,Yes,Yes,3.472
271,7,6,M,1,0,4.36,1480,Business & Economics,Yes,No,
276,7,6,F,1,0,3.86,1330,Business & Economics,Yes,Yes,3.599
277,3,5,M,0,1,3.77,1170,Business & Economics,Yes,Yes,2.671
279,3,6,M,1,0,3.77,950,Business & Economics,Yes,No,
282,6,6,F,1,0,3.88,1310,Business & Economics,Yes,Yes,3.468
287,6,6,M,0,1,3.55,1230,Business & Economics,Yes,Yes,2.859
288,7,7,M,0,0,3.32,1230,Business & Economics,Yes,Yes,2.58
291,7,6,F,1,0,3.91,1350,Business & Economics,Yes,No,
292,4,4,M,0,1,3.5,1270,Business & Economics,Yes,No,
297,7,6,F,1,0,4.28,1550,Business & Economics,Yes,No,
305,6,6,F,0,0,4.09,1290,Business & Economics,Yes,No,
326,1,1,M,0,0,3.57,1020,Business & Economics,Yes,No,
345,3,7,M,1,0,4.35,1310,Business & Economics,Yes,No,
371,7,6,F,1,0,4.08,1430,Business & Economics,Yes,No,
372,7,6,M,1,0,3.94,1260,Business & Economics,Yes,Yes,3.1
383,6,6,F,1,0,4.08,1320,Business & Economics,Yes,No,
400,1,7,M,0,0,3.92,1310,Business & Economics,Yes,No,
422,7,6,F,0,0,3.95,1230,Business & Economics,Yes,Yes,3.465
423,7,7,M,1,0,4.1,1170,Business & Economics,Yes,No,
427,6,6,F,0,1,3.95,1170,Business & Economics,Yes,Yes,2.496
428,3,3,F,1,0,4.11,1280,Business & Economics,Yes,Yes,3.5
477,7,7,M,1,0,3.9,1360,Business & Economics,Yes,No,
482,6,6,F,1,0,3.7,1270,Business & Economics,Yes,No,
483,3,6,M,0,0,3.35,1340,Business & Economics,Yes,No,
484,7,6,F,1,0,4.25,1290,Business & Economics,Yes,No,
488,6,6,F,1,0,4.15,1170,Business & Economics,Yes,No,
494,7,7,M,1,0,3.95,1410,Business & Economics,Yes,No,
504,6,6,F,1,0,3.75,1190,Business & Economics,Yes,Yes,2.691
508,6,1,M,0,0,3.71,930,Business & Economics,Yes,Yes,3.024
512,7,6,M,1,0,3.79,1370,Business & Economics,Yes,Yes,3.376
516,6,7,F,1,0,3.97,1170,Business & Economics,Yes,No,
524,4,5,F,0,1,4.14,1250,Business & Economics,Yes,Yes,3.474
538,7,6,F,1,0,3.85,1280,Business & Economics,Yes,Yes,2.094
562,7,6,F,1,0,3.5,1210,Business & Economics,Yes,No,
566,2,3,F,0,0,4,1350,Business & Economics,Yes,No,
573,3,3,F,0,0,3.83,1440,Business & Economics,Yes,Yes,3.823
577,3,7,F,1,0,4,1320,Business & Economics,Yes,Yes,3.028
581,7,7,M,1,0,3.95,1270,Business & Economics,Yes,Yes,3.066
599,6,6,F,1,0,3.95,1250,Business & Economics,Yes,Yes,3.136
606,7,7,F,1,0,3.48,1390,Business & Economics,Yes,No,
614,6,5,F,1,0,4,1260,Business & Economics,Yes,No,
631,4,7,M,1,0,4.05,1100,Business & Economics,Yes,Yes,3.078
635,7,6,M,1,0,4,1400,Business & Economics,Yes,No,
636,4,7,M,1,0,4.05,1410,Business & Economics,Yes,Yes,3.325
644,3,2,M,0,0,3.73,1090,Business & Economics,Yes,No,
648,6,6,M,1,0,4.27,1540,Business & Economics,Yes,Yes,3.764
668,6,6,F,1,0,4.12,1280,Business & Economics,Yes,No,
671,6,3,M,1,0,3.72,1350,Business & Economics,Yes,No,
713,6,6,M,1,0,4.09,1210,Business & Economics,Yes,No,
715,6,5,M,1,0,3.9,1200,Business & Economics,Yes,Yes,3.575
722,7,6,F,1,0,3.86,1250,Business & Economics,Yes,No,
726,7,6,M,1,0,4.18,1470,Business & Economics,Yes,No,
735,7,6,F,1,0,3.45,1250,Business & Economics,Yes,Yes,2.876
737,5,7,M,1,0,3.45,1080,Business & Economics,Yes,No,
748,7,6,M,1,0,4.1,1460,Business & Economics,Yes,No,
751,7,6,M,0,1,4.14,1420,Business & Economics,Yes,No,
775,7,7,F,0,1,4.04,1300,Business & Economics,Yes,Yes,2.966
790,6,6,M,1,0,4.21,1280,Business & Economics,Yes,No,
792,7,7,F,1,0,4.27,1290,Business & Economics,Yes,Yes,3.937
818,7,3,M,1,0,4.25,1400,Business & Economics,Yes,No,
837,3,3,F,1,0,4.2,1150,Business & Economics,Yes,Yes,3.373
847,6,6,M,1,0,3.75,1300,Business & Economics,Yes,Yes,2.98
848,6,6,M,1,0,4.4,1410,Business & Economics,Yes,No,
850,6,6,M,1,0,3.75,1430,Business & Economics,Yes,No,
857,6,6,F,1,0,4.33,1500,Business & Economics,Yes,No,
865,7,7,M,0,0,3.29,1370,Business & Economics,Yes,No,
874,7,6,M,1,0,3.91,1280,Business & Economics,Yes,Yes,3.264
878,6,6,F,1,0,4,1100,Business & Economics,Yes,No,
903,7,7,F,1,0,3.95,1490,Business & Economics,Yes,No,
908,6,6,F,1,0,4.17,1310,Business & Economics,Yes,Yes,3.537
909,6,6,M,1,0,3.8,1370,Business & Economics,Yes,No,
910,7,7,M,1,0,3.84,1240,Business & Economics,Yes,Yes,2.825
913,4,4,F,1,0,4.19,1230,Business & Economics,Yes,No,
925,5,5,M,0,0,3.95,1110,Business & Economics,Yes,Yes,3.046
934,6,6,M,1,0,4.18,1310,Business & Economics,Yes,No,
948,6,5,M,1,0,3.9,1330,Business & Economics,Yes,Yes,3.576
953,4,4,F,1,0,4,1230,Business & Economics,Yes,No,
966,7,6,M,0,1,4.08,1320,Business & Economics,Yes,No,
980,7,6,M,0,1,4.04,1360,Business & Economics,Yes,No,
1000,7,6,M,1,0,4.12,1070,Business & Economics,Yes,No,
1023,6,5,F,1,0,3.73,1210,Business & Economics,Yes,Yes,2.701
1031,6,7,F,0,0,4.19,1320,Business & Economics,Yes,No,
1034,6,7,M,1,0,4.33,1440,Business & Economics,Yes,No,
1068,6,5,F,1,0,4.19,1390,Business & Economics,Yes,Yes,3.391
1075,3,4,F,1,0,4.17,1260,Business & Economics,Yes,No,
1077,7,7,M,1,0,3.45,1140,Business & Economics,Yes,No,
1080,3,6,M,1,0,4.12,1430,Business & Economics,Yes,Yes,3.477
1087,3,3,M,1,0,3.44,1220,Business & Economics,Yes,No,
1108,6,4,M,1,0,3.36,1340,Business & Economics,Yes,No,
1116,6,6,M,1,0,3.64,1520,Business & Economics,Yes,No,
1130,6,7,F,1,0,4.05,1290,Business & Economics,Yes,No,
1133,4,5,F,1,0,3.93,1320,Business & Economics,Yes,No,
1134,6,7,M,1,0,3.58,1190,Business & Economics,Yes,Yes,2.507
1142,5,7,F,0,1,4.35,1240,Business & Economics,Yes,No,
1155,7,6,M,1,0,4.05,1410,Business & Economics,Yes,No,
1163,6,4,F,1,0,4,1100,Business & Economics,Yes,Yes,3.099
1176,6,6,F,0,0,3.79,1150,Business & Economics,Yes,No,
1179,4,6,M,0,0,3,1290,Business & Economics,Yes,No,
1188,4,5,F,1,0,3.92,1300,Business & Economics,Yes,No,
1204,6,6,F,0,1,4.27,1500,Business & Economics,Yes,No,
1206,7,6,F,0,1,3.88,1550,Business & Economics,Yes,No,
1231,6,6,M,0,0,4.25,1190,Business & Economics,Yes,No,
1234,7,6,M,1,0,3.83,1470,Business & Economics,Yes,No,
1267,7,5,M,1,0,3.38,1130,Business & Economics,Yes,No,
1270,2,2,M,0,0,3.5,1080,Business & Economics,Yes,No,
1318,6,6,M,0,1,3.85,1340,Business & Economics,Yes,No,
1336,7,6,F,1,0,4.21,1330,Business & Economics,Yes,No,
1339,1,2,M,0,0,3.3,1140,Business & Economics,Yes,Yes,2.535
1352,1,1,M,0,0,3.65,1030,Business & Economics,Yes,No,
1366,1,1,M,0,0,3.35,1100,Business & Economics,Yes,No,
1384,4,4,F,1,0,3.79,1060,Business & Economics,Yes,Yes,2.03
1399,6,6,M,1,0,3.5,1280,Business & Economics,Yes,Yes,3.048
1400,6,4,M,1,0,3.64,1310,Business & Economics,Yes,Yes,3.153
1409,6,6,M,0,0,3.78,1420,Business & Economics,Yes,Yes,2.889
1413,4,6,F,1,0,3.3,1040,Business & Economics,Yes,Yes,2.888
1461,4,4,M,0,0,3.35,1140,Business & Economics,Yes,Yes,1.815
1471,6,6,M,0,1,3.95,1240,Business & Economics,Yes,No,
1474,6,6,M,1,0,3.95,1420,Business & Economics,Yes,No,
1491,7,7,F,1,0,4.42,1330,Business & Economics,Yes,Yes,3.959
1495,4,4,M,1,0,3.88,1260,Business & Economics,Yes,Yes,2.947
1518,6,6,M,0,0,3.5,1130,Business & Economics,Yes,Yes,3.029
1530,6,7,F,1,0,3.95,1290,Business & Economics,Yes,No,
1537,4,7,F,0,0,4.05,1310,Business & Economics,Yes,Yes,3.204
1542,6,6,F,0,1,3.76,1030,Business & Economics,Yes,Yes,2.576
1546,7,6,F,1,0,3.74,1130,Business & Economics,Yes,Yes,2.789
1554,4,6,F,1,0,3.73,1410,Business & Economics,Yes,Yes,3.172
1556,6,7,F,1,0,4.04,1290,Business & Economics,Yes,No,
1559,6,4,F,1,0,4.08,1400,Business & Economics,Yes,No,
1567,3,6,M,1,0,4.23,1430,Business & Economics,Yes,No,
1594,1,2,F,0,0,4.3,1080,Business & Economics,Yes,No,
1606,3,6,F,1,0,4,1550,Business & Economics,Yes,Yes,3.272
1617,3,6,M,0,0,3.91,1430,Business & Economics,Yes,No,
1618,7,6,F,1,0,3.8,1170,Business & Economics,Yes,No,
1632,6,6,F,1,0,3.86,1150,Business & Economics,Yes,No,
1640,7,6,M,1,0,3.92,1130,Business & Economics,Yes,Yes,3.61
1642,2,2,M,0,1,3.85,1120,Business & Economics,Yes,No,
1659,6,6,F,0,1,4.29,1360,Business & Economics,Yes,No,
1663,6,6,M,0,1,3.93,1300,Business & Economics,Yes,Yes,3.248
1681,3,3,F,0,1,3.66,1230,Business & Economics,Yes,Yes,3.21
1686,6,6,M,1,0,3.95,1350,Business & Economics,Yes,No,
1694,7,7,M,0,0,4.1,1300,Business & Economics,Yes,No,
1716,6,6,F,1,0,3.86,970,Business & Economics,Yes,Yes,2.953
1720,5,5,M,1,0,4,1270,Business & Economics,Yes,Yes,3.263
1726,6,4,M,1,0,3.7,1310,Business & Economics,Yes,Yes,2.674
1735,7,6,M,1,0,3.55,1450,Business & Economics,Yes,No,
1737,6,6,F,1,0,3.96,1300,Business & Economics,Yes,Yes,3.16
1749,7,3,M,0,0,3.23,1120,Business & Economics,Yes,No,
1767,7,6,M,1,0,4.27,1480,Business & Economics,Yes,No,
1768,7,6,M,1,0,4.2,1410,Business & Economics,Yes,No,
1795,5,5,F,1,0,4,1210,Business & Economics,Yes,No,
1812,6,6,F,1,0,3.27,1370,Business & Economics,Yes,Yes,3.187
1815,7,4,F,1,0,4.3,1550,Business & Economics,Yes,Yes,3.224
1828,1,1,F,0,1,3.74,1080,Business & Economics,Yes,No,
1841,6,7,F,1,0,3.9,1200,Business & Economics,Yes,Yes,3.456
1856,1,2,M,0,0,3.38,1140,Business & Economics,Yes,Yes,2.883
1892,7,5,M,1,0,4.1,1400,Business & Economics,Yes,No,
1899,6,6,M,1,0,3.08,1100,Business & Economics,Yes,Yes,2.524
1905,1,3,M,0,0,3.87,1100,Business & Economics,Yes,No,
1908,7,6,F,1,0,4.18,1420,Business & Economics,Yes,No,
1915,4,6,M,0,0,4,1180,Business & Economics,Yes,No,
1932,7,5,M,0,0,3.95,1490,Business & Economics,Yes,No,
1941,6,6,M,0,0,4.22,1330,Business & Economics,Yes,Yes,3.94
1946,4,5,F,1,0,3.56,1360,Business & Economics,Yes,Yes,3.344
1990,7,7,F,1,0,3.4,1210,Business & Economics,Yes,No,
2024,7,7,M,1,0,4.2,1500,Business & Economics,Yes,Yes,3.636
2030,4,4,M,1,0,3.32,1480,Business & Economics,Yes,Yes,3.072
2038,7,7,F,1,0,4,1530,Business & Economics,Yes,No,
2045,7,7,M,1,0,3.35,1310,Business & Economics,Yes,No,
2077,6,7,M,1,0,3.82,1290,Business & Economics,Yes,No,
2081,6,6,F,1,0,4.4,1520,Business & Economics,Yes,No,
2088,6,7,M,1,0,3.67,1270,Business & Economics,Yes,Yes,2.079
2096,6,4,F,1,0,3.79,1260,Business & Economics,Yes,Yes,3.225
2109,6,3,F,1,0,3.9,1180,Business & Economics,Yes,No,
2116,6,6,M,1,0,3.85,1360,Business & Economics,Yes,Yes,2.855
2121,7,6,M,1,0,3.8,1260,Business & Economics,Yes,Yes,3.081
2123,7,7,F,1,0,4.04,1510,Business & Economics,Yes,Yes,3.772
2127,6,7,F,1,0,4.26,1170,Business & Economics,Yes,Yes,3.535
2156,3,6,F,1,0,4.12,1100,Business & Economics,Yes,Yes,3.309
2233,7,7,F,0,1,4.17,1480,Business & Economics,Yes,No,
2234,4,6,M,1,0,3.68,1160,Business & Economics,Yes,No,
2236,7,6,M,1,0,3.18,1150,Business & Economics,Yes,Yes,2.789
2258,4,7,M,1,0,4.15,1410,Business & Economics,Yes,No,
2260,6,7,M,1,0,3.8,1500,Business & Economics,Yes,Yes,3.352
2272,7,6,M,1,0,3.85,1430,Business & Economics,Yes,No,
2280,6,4,F,1,0,4,1210,Business & Economics,Yes,No,
2285,7,6,M,1,0,3.75,1330,Business & Economics,Yes,No,
2287,7,6,M,0,1,3.67,1460,Business & Economics,Yes,No,
2290,1,1,F,0,0,4.3,1340,Business & Economics,Yes,Yes,3.283
2299,6,7,M,1,0,3.33,1390,Business & Economics,Yes,No,
2308,4,6,F,1,0,4.25,900,Business & Economics,Yes,No,
2309,7,7,M,1,0,4.1,1290,Business & Economics,Yes,No,
2316,6,7,F,1,0,4,1230,Business & Economics,Yes,No,
2329,6,6,M,1,0,3.1,1210,Business & Economics,Yes,Yes,2.879
2362,6,7,F,0,0,3.71,1270,Business & Economics,Yes,No,
2367,6,6,M,1,0,3.81,1330,Business & Economics,Yes,Yes,3.326
2374,6,4,F,0,1,3.75,1250,Business & Economics,Yes,No,
2380,3,4,M,0,0,4.1,1260,Business & Economics,Yes,No,
2413,4,6,F,1,0,3.85,1210,Business & Economics,Yes,Yes,3.541
2423,7,7,M,1,0,3.96,1300,Business & Economics,Yes,Yes,3.167
2454,7,7,F,1,0,3.6,1240,Business & Economics,Yes,No,
2468,7,6,F,1,0,3.86,1320,Business & Economics,Yes,No,
2478,7,7,M,1,0,4.32,1140,Business & Economics,Yes,No,
2487,7,6,M,1,0,2.95,1100,Business & Economics,Yes,No,
2516,6,6,F,1,0,4.17,1260,Business & Economics,Yes,No,
2548,6,6,F,1,0,4.04,1180,Business & Economics,Yes,No,
2561,7,7,F,1,0,4.25,1530,Business & Economics,Yes,No,
2592,3,3,M,1,0,3.96,1260,Business & Economics,Yes,Yes,2.77
2593,6,7,F,0,0,4,1160,Business & Economics,Yes,Yes,3.158
2622,6,6,M,1,0,4,1370,Business & Economics,Yes,No,
2638,6,6,F,1,0,4.05,1550,Business & Economics,Yes,No,
2650,3,3,F,0,1,3.86,1470,Business & Economics,Yes,No,
2653,3,5,F,1,0,3.79,1340,Business & Economics,Yes,No,
2674,7,6,M,1,0,4.09,1190,Business & Economics,Yes,No,
2692,7,7,F,0,0,3.7,1350,Business & Economics,Yes,Yes,2.926
2698,7,6,M,0,0,3.94,1410,Business & Economics,Yes,Yes,3.005
2704,7,7,F,1,0,4.05,1160,Business & Economics,Yes,Yes,3.14
2705,7,6,M,1,0,4.18,1430,Business & Economics,Yes,No,
2721,3,3,F,0,0,3.88,1250,Business & Economics,Yes,No,
2723,7,6,F,1,0,4.33,1430,Business & Economics,Yes,No,
2733,6,6,F,1,0,4,1170,Business & Economics,Yes,Yes,3.247
2762,6,3,M,1,0,3.15,1090,Business & Economics,Yes,Yes,1.886
2781,4,6,F,0,0,3.85,1130,Business & Economics,Yes,No,
2789,1,1,F,0,0,3.5,970,Business & Economics,Yes,No,
2793,1,1,F,0,0,3.45,850,Business & Economics,Yes,Yes,1.679
2802,7,7,F,1,0,3.92,1530,Business & Economics,Yes,No,
2814,7,7,M,1,0,3.8,1430,Business & Economics,Yes,No,
2821,7,6,M,0,0,3.68,1280,Business & Economics,Yes,No,
2839,7,5,M,0,0,3.71,1150,Business & Economics,Yes,Yes,2.948
2845,7,7,F,1,0,4,1320,Business & Economics,Yes,Yes,3.382
2852,4,6,M,0,1,4.1,1550,Business & Economics,Yes,No,
2857,6,7,M,1,0,3.67,1250,Business & Economics,Yes,Yes,3.227
2869,7,7,F,1,0,4.04,1550,Business & Economics,Yes,No,
2874,6,2,M,0,0,4.32,1180,Business & Economics,Yes,Yes,3.317
2875,4,4,M,0,0,3.67,1340,Business & Economics,Yes,No,
2888,7,6,F,0,1,4.32,1370,Business & Economics,Yes,No,
2895,7,4,M,1,0,4.17,1160,Business & Economics,Yes,No,
2897,6,6,M,0,0,4.23,1360,Business & Economics,Yes,No,
2898,6,6,F,0,1,4.24,1430,Business & Economics,Yes,No,
2900,6,6,M,0,1,4.05,1390,Business & Economics,Yes,No,
2904,6,6,F,0,0,4.23,1250,Business & Economics,Yes,No,
2907,6,6,M,1,0,3.59,1210,Business & Economics,Yes,Yes,2.905
2909,6,6,M,1,0,3.65,1350,Business & Economics,Yes,No,
2916,7,7,F,0,1,4.25,1230,Business & Economics,Yes,No,
2939,7,6,F,1,0,4.2,1440,Business & Economics,Yes,Yes,3.344
2949,7,7,F,1,0,3.9,1350,Business & Economics,Yes,No,
2964,6,4,M,0,1,3.91,1240,Business & Economics,Yes,No,
2968,6,6,M,1,0,3.92,1210,Business & Economics,Yes,Yes,2.766
2970,4,4,F,1,0,3.41,1110,Business & Economics,Yes,Yes,2.822
3018,4,6,M,1,0,3.64,1260,Business & Economics,Yes,No,
3019,3,6,M,0,0,4,1280,Business & Economics,Yes,Yes,2.864
3025,3,6,M,0,0,3.75,1250,Business & Economics,Yes,No,
3036,6,5,F,1,0,3.54,1030,Business & Economics,Yes,Yes,2.767
3042,2,2,F,1,0,3.95,1250,Business & Economics,Yes,No,
3043,7,4,F,1,0,3.68,1090,Business & Economics,Yes,No,
3047,6,6,M,0,0,3.58,1510,Business & Economics,Yes,No,
3072,6,6,F,1,0,4.12,1200,Business & Economics,Yes,Yes,3.348
3073,5,6,M,0,0,3.85,1020,Business & Economics,Yes,Yes,2.637
3094,6,6,M,1,0,3.65,1170,Business & Economics,Yes,Yes,3.2
3132,6,6,F,0,0,3.78,1200,Business & Economics,Yes,No,
3168,6,6,M,1,0,3.9,1300,Business & Economics,Yes,No,
3184,6,6,F,0,1,3.83,1270,Business & Economics,Yes,No,
3186,6,6,M,1,0,4.2,1210,Business & Economics,Yes,Yes,3.131
3198,7,7,M,1,0,3.47,1430,Business & Economics,Yes,No,
3202,3,3,M,0,0,3.48,1310,Business & Economics,Yes,No,
3226,6,5,M,1,0,4.22,1450,Business & Economics,Yes,Yes,3.785
3256,7,7,F,1,0,4,1300,Business & Economics,Yes,No,
3259,7,6,M,0,1,3.77,1290,Business & Economics,Yes,Yes,3.456
3292,2,1,F,0,0,3.62,950,Business & Economics,Yes,No,
3297,7,7,M,1,0,4.1,1320,Business & Economics,Yes,Yes,3.134
3313,6,6,M,1,0,3.6,1490,Business & Economics,Yes,No,
3318,2,2,M,1,0,3.1,1100,Business & Economics,Yes,Yes,1.543
3319,6,6,F,1,0,4.09,1200,Business & Economics,Yes,No,
3340,6,6,F,1,0,4.05,1290,Business & Economics,Yes,No,
3351,7,6,M,1,0,3.96,1350,Business & Economics,Yes,No,
3374,6,6,M,1,0,4.05,1250,Business & Economics,Yes,No,
3402,3,4,F,1,0,3.9,1220,Business & Economics,Yes,No,
3425,5,7,M,1,0,3.68,1250,Business & Economics,Yes,Yes,3.245
3463,6,6,F,1,0,3.92,1460,Business & Economics,Yes,Yes,2.936
3471,4,4,F,1,0,4.05,1210,Business & Economics,Yes,No,
3484,6,6,F,1,0,4.2,1210,Business & Economics,Yes,Yes,3.451
3490,6,4,F,1,0,3.55,1230,Business & Economics,Yes,Yes,2.479
3493,3,7,M,1,0,3.55,1430,Business & Economics,Yes,Yes,3.269
3513,7,7,M,1,0,4.35,1240,Business & Economics,Yes,No,
3516,7,6,F,0,1,3.9,1410,Business & Economics,Yes,No,
3523,7,6,M,0,0,4.18,1480,Business & Economics,Yes,No,
3531,6,7,F,1,0,3.68,1350,Business & Economics,Yes,No,
3537,7,6,M,0,0,4,1340,Business & Economics,Yes,Yes,3.21
3540,7,6,F,0,0,4.05,1190,Business & Economics,Yes,Yes,3.443
3550,7,6,M,0,1,4.17,1310,Business & Economics,Yes,No,
3564,3,2,F,0,0,4.25,1030,Business & Economics,Yes,No,
3591,7,6,M,1,0,3.94,1220,Business & Economics,Yes,No,
3592,7,7,F,1,0,4.25,1250,Business & Economics,Yes,No,
3596,6,6,F,1,0,3.86,1480,Business & Economics,Yes,No,
3597,6,7,F,0,0,4.28,1410,Business & Economics,Yes,No,
3598,4,4,M,0,1,4.09,1370,Business & Economics,Yes,Yes,2.604
3605,6,6,M,1,0,3.92,1390,Business & Economics,Yes,No,
3610,6,6,F,1,0,4.08,1410,Business & Economics,Yes,No,
3624,7,4,M,0,1,4.04,1370,Business & Economics,Yes,No,
3652,7,7,F,1,0,4,1310,Business & Economics,Yes,No,
3656,6,7,M,1,0,3.95,1510,Business & Economics,Yes,No,
3659,6,6,F,1,0,3.08,1270,Business & Economics,Yes,Yes,2.571
3683,6,7,M,0,1,4.08,1260,Business & Economics,Yes,No,
3688,6,6,M,1,0,3.45,1180,Business & Economics,Yes,Yes,2.66
3697,6,6,M,1,0,3.83,1360,Business & Economics,Yes,Yes,3.367
3705,3,3,M,0,0,3.22,1100,Business & Economics,Yes,No,
3715,6,6,F,1,0,4.27,1250,Business & Economics,Yes,Yes,3.107
3724,7,7,F,1,0,3.86,1350,Business & Economics,Yes,No,
3733,7,6,M,0,0,3.86,1460,Business & Economics,Yes,No,
3737,2,2,F,0,1,3.91,1080,Business & Economics,Yes,No,
3752,5,6,F,1,0,4.32,1340,Business & Economics,Yes,No,
3764,3,3,M,1,0,4.08,1110,Business & Economics,Yes,Yes,3.081
3774,6,6,M,1,0,4.05,1280,Business & Economics,Yes,No,
3799,6,6,F,1,0,4.15,1250,Business & Economics,Yes,No,
3805,7,7,F,1,0,4.33,1480,Business & Economics,Yes,No,
3819,7,7,F,1,0,3.54,1380,Business & Economics,Yes,Yes,3.534
3832,6,6,F,1,0,4.09,1160,Business & Economics,Yes,No,
3833,7,7,F,0,0,4.32,1310,Business & Economics,Yes,No,
3837,7,4,M,0,0,4.14,1210,Business & Economics,Yes,No,
3861,7,6,M,1,0,4.25,1530,Business & Economics,Yes,No,
3862,7,6,F,0,1,4,1310,Business & Economics,Yes,No,
3864,7,5,M,1,0,3.14,1260,Business & Economics,Yes,Yes,2.197
3868,6,4,F,1,0,3.65,1170,Business & Economics,Yes,No,
3869,6,6,F,1,0,4,1390,Business & Economics,Yes,No,
3873,6,4,M,1,0,4.27,1230,Business & Economics,Yes,Yes,3.818
3886,6,6,F,1,0,4.12,1400,Business & Economics,Yes,Yes,3.922
3895,6,6,M,1,0,3.83,1310,Business & Economics,Yes,No,
3901,6,6,F,1,0,4,1210,Business & Economics,Yes,Yes,3.758
3914,4,5,F,1,0,3.9,1290,Business & Economics,Yes,No,
3934,7,6,M,0,1,3.83,1450,Business & Economics,Yes,No,
3935,7,7,M,0,1,3.25,1200,Business & Economics,Yes,No,
3952,6,6,M,1,0,4.05,1530,Business & Economics,Yes,No,
3961,7,6,M,1,0,4.28,1510,Business & Economics,Yes,No,
3963,6,3,M,1,0,3.39,1230,Business & Economics,Yes,No,
3998,1,1,F,0,1,3.9,1090,Business & Economics,Yes,No,
4006,3,3,F,0,1,4.36,1440,Business & Economics,Yes,No,
4026,3,3,M,0,0,3.39,950,Business & Economics,Yes,No,
4030,5,5,M,1,0,4,1120,Business & Economics,Yes,Yes,2.374
4042,7,7,M,1,0,3.64,1440,Business & Economics,Yes,No,
4048,6,6,M,1,0,3.88,1080,Business & Economics,Yes,No,
4049,3,7,M,1,0,3.9,1350,Business & Economics,Yes,Yes,3.246
4057,1,3,M,0,0,3.96,1340,Business & Economics,Yes,No,
4058,7,6,F,1,0,4,1270,Business & Economics,Yes,No,
4071,6,6,F,0,1,4,1290,Business & Economics,Yes,No,
4072,6,6,M,0,0,3.91,1390,Business & Economics,Yes,No,
4080,3,1,M,0,1,3.81,1270,Business & Economics,Yes,No,
4082,7,6,M,1,0,3.77,1290,Business & Economics,Yes,Yes,3.124
4103,7,6,F,0,0,3.57,1340,Business & Economics,Yes,Yes,3.052
4104,6,3,M,1,0,4.17,1240,Business & Economics,Yes,Yes,3.344
4114,7,6,M,1,0,4.12,1230,Business & Economics,Yes,No,
4130,6,6,M,1,0,4.04,1200,Business & Economics,Yes,No,
4135,2,2,M,0,0,4.4,1310,Business & Economics,Yes,No,
4156,1,1,F,0,0,3.88,820,Business & Economics,Yes,No,
4162,7,7,M,1,0,3.92,1340,Business & Economics,Yes,No,
4174,3,3,F,0,0,3.62,1050,Business & Economics,Yes,No,
4226,6,6,F,1,0,4.14,1270,Business & Economics,Yes,No,
4237,6,6,M,0,0,3.91,1370,Business & Economics,Yes,No,
4252,6,7,F,1,0,3.91,1280,Business & Economics,Yes,No,
4260,6,6,M,1,0,3.79,1420,Business & Economics,Yes,No,
4263,7,7,F,1,0,3.95,1460,Business & Economics,Yes,Yes,3.522
4274,6,6,M,1,0,3.64,1530,Business & Economics,Yes,No,
4313,6,6,M,1,0,4.1,1460,Business & Economics,Yes,No,
4328,7,3,M,1,0,4,1100,Business & Economics,Yes,No,
4339,6,4,F,1,0,3.9,1070,Business & Economics,Yes,No,
4359,7,6,M,1,0,3.62,1210,Business & Economics,Yes,No,
4373,7,7,M,1,0,3.83,1200,Business & Economics,Yes,Yes,3.649
4382,7,7,M,0,1,4.09,1440,Business & Economics,Yes,No,
4392,7,7,M,1,0,4.09,1260,Business & Economics,Yes,No,
4406,6,6,F,1,0,3.95,1490,Business & Economics,Yes,No,
4412,6,6,M,0,1,4,1440,Business & Economics,Yes,No,
4432,7,6,F,0,1,3.75,1360,Business & Economics,Yes,No,
4437,2,1,F,0,0,3.92,1130,Business & Economics,Yes,No,
4441,4,4,F,1,0,3.73,1140,Business & Economics,Yes,Yes,2.802
4448,6,6,M,1,0,3.55,1170,Business & Economics,Yes,Yes,2.737
4450,4,4,F,1,0,4.18,1140,Business & Economics,Yes,Yes,2.875
4455,6,6,M,1,0,4.18,1450,Business & Economics,Yes,Yes,3.174
4460,3,4,M,1,0,4.23,1230,Business & Economics,Yes,No,
4464,6,6,M,0,1,3.86,1320,Business & Economics,Yes,Yes,2.843
4474,7,7,F,1,0,3.64,1490,Business & Economics,Yes,Yes,2.725
4483,6,6,F,0,0,3.91,1230,Business & Economics,Yes,No,
4514,6,3,F,1,0,4.18,1130,Business & Economics,Yes,Yes,3.189
4517,7,6,F,0,0,3.75,1210,Business & Economics,Yes,Yes,3.512
4524,6,4,M,1,0,3.75,1290,Business & Economics,Yes,Yes,3.202
4529,6,6,M,0,1,4.25,1470,Business & Economics,Yes,No,
4539,6,6,M,1,0,3.29,1170,Business & Economics,Yes,No,
4542,6,6,F,0,1,4.25,1460,Business & Economics,Yes,No,
4559,5,5,F,1,0,3.9,1400,Business & Economics,Yes,Yes,3.487
4568,6,6,F,0,0,3.81,1260,Business & Economics,Yes,Yes,2.884
4594,7,6,F,1,0,3.85,1420,Business & Economics,Yes,No,
4613,6,6,M,0,0,3.85,1250,Business & Economics,Yes,No,
4630,6,5,F,1,0,4.29,1210,Business & Economics,Yes,Yes,3.228
4631,6,6,F,0,1,3.91,1260,Business & Economics,Yes,No,
4644,6,6,M,0,0,3.77,1370,Business & Economics,Yes,No,
4645,6,6,M,1,0,4.25,1430,Business & Economics,Yes,No,
4649,7,7,M,0,0,4.14,1570,Business & Economics,Yes,No,
4650,7,6,F,1,0,3.85,1280,Business & Economics,Yes,No,
4655,6,6,F,0,1,3.77,1360,Business & Economics,Yes,No,
4664,7,7,M,1,0,3.65,1400,Business & Economics,Yes,Yes,3.074
4677,6,6,M,0,1,3.91,1300,Business & Economics,Yes,No,
4681,6,6,M,1,0,3.5,1400,Business & Economics,Yes,Yes,2.989
4684,3,3,F,1,0,4,1250,Business & Economics,Yes,No,
4693,6,3,F,0,1,4.31,1010,Business & Economics,Yes,No,
4696,6,7,M,1,0,3.77,1320,Business & Economics,Yes,No,
4706,7,6,M,1,0,4.09,1320,Business & Economics,Yes,No,
4711,6,6,M,1,0,4.1,1230,Business & Economics,Yes,Yes,2.287
4721,7,7,F,1,0,3.71,1300,Business & Economics,Yes,No,
4737,6,7,M,1,0,3.45,1200,Business & Economics,Yes,Yes,2.934
4742,6,7,M,1,0,4.18,1220,Business & Economics,Yes,No,
4765,2,2,F,0,1,3.19,940,Business & Economics,Yes,Yes,0.967
4777,3,4,M,1,0,4.18,1210,Business & Economics,Yes,No,
4787,6,6,F,1,0,3.6,1230,Business & Economics,Yes,No,
4829,7,4,F,0,0,3.81,1470,Business & Economics,Yes,No,
4830,6,7,F,0,1,4.15,1260,Business & Economics,Yes,No,
4841,6,6,M,1,0,3.76,1550,Business & Economics,Yes,No,
4844,6,6,F,1,0,3.82,1340,Business & Economics,Yes,Yes,3.583
4845,7,4,M,1,0,3.86,1140,Business & Economics,Yes,Yes,2.897
4851,6,6,M,1,0,3.85,1110,Business & Economics,Yes,No,
4872,7,7,M,0,0,3.42,1380,Business & Economics,Yes,No,
4876,6,6,F,1,0,3.57,1160,Business & Economics,Yes,Yes,3.013
4890,4,5,M,0,0,3.95,1130,Business & Economics,Yes,Yes,3.033
4933,6,7,F,1,0,3.68,1310,Business & Economics,Yes,No,
4943,6,7,F,0,0,3.95,1290,Business & Economics,Yes,No,
4948,3,3,M,1,0,4.14,1290,Business & Economics,Yes,No,
4949,3,3,M,0,0,3.33,1050,Business & Economics,Yes,Yes,2.773
4964,7,7,F,0,1,4.12,1550,Business & Economics,Yes,No,
4968,7,6,F,0,1,4.17,1210,Business & Economics,Yes,No,
4975,7,6,M,1,0,3.95,1380,Business & Economics,Yes,No,
4983,7,6,M,1,0,3.39,1290,Business & Economics,Yes,No,
4989,6,6,F,1,0,3.9,1320,Business & Economics,Yes,Yes,3.392
5010,1,4,M,0,0,4,790,Business & Economics,Yes,No,
5042,6,6,M,0,0,4.27,1170,Business & Economics,Yes,No,
5047,7,6,F,1,0,3.8,1270,Business & Economics,Yes,Yes,3.532
5048,7,6,M,1,0,3.44,1320,Business & Economics,Yes,No,
5068,6,6,F,0,1,4.07,1390,Business & Economics,Yes,No,
5085,4,4,M,1,0,3.55,1280,Business & Economics,Yes,Yes,3.296
5097,7,6,M,1,0,3.55,1350,Business & Economics,Yes,No,
5105,7,7,F,1,0,3.62,1420,Business & Economics,Yes,Yes,3.122
5110,7,6,M,1,0,3.64,1370,Business & Economics,Yes,Yes,2.625
5121,3,3,F,0,1,3.69,1210,Business & Economics,Yes,No,
5139,7,6,F,1,0,4.4,1480,Business & Economics,Yes,No,
5148,3,3,M,0,1,3.92,990,Business & Economics,Yes,No,
5161,7,6,F,0,1,3.68,1390,Business & Economics,Yes,Yes,2.821
5173,7,7,F,0,1,4,1400,Business & Economics,Yes,Yes,3.097
5178,6,4,F,1,0,3.96,1150,Business & Economics,Yes,No,
5189,6,6,M,1,0,3.78,1430,Business & Economics,Yes,No,
5196,6,6,F,0,1,3.79,1320,Business & Economics,Yes,Yes,2.517
5206,6,6,M,0,0,4.01,1380,Business & Economics,Yes,No,
5216,7,6,F,1,0,3.71,1270,Business & Economics,Yes,No,
5218,4,4,F,1,0,4.19,1050,Business & Economics,Yes,No,
5222,6,6,M,1,0,3.83,1490,Business & Economics,Yes,Yes,2.91
5232,7,7,M,1,0,3.48,1380,Business & Economics,Yes,Yes,3.251
5238,7,7,M,1,0,4.17,1430,Business & Economics,Yes,No,
5242,7,7,M,1,0,4.09,1520,Business & Economics,Yes,No,
5246,6,6,F,1,0,3.76,1270,Business & Economics,Yes,Yes,3.11
5260,7,6,F,1,0,4,1270,Business & Economics,Yes,Yes,3.444
5265,4,6,M,0,1,3.87,1450,Business & Economics,Yes,No,
5270,6,7,F,1,0,4.1,1550,Business & Economics,Yes,No,
5277,7,6,F,1,0,3.77,1310,Business & Economics,Yes,Yes,3.305
5281,6,7,F,1,0,3.95,1250,Business & Economics,Yes,Yes,3.446
5282,6,6,M,0,1,3.5,1360,Business & Economics,Yes,Yes,3.229
5283,6,3,M,1,0,4.08,1440,Business & Economics,Yes,No,
5284,4,6,F,1,0,4.08,1420,Business & Economics,Yes,Yes,3.522
5287,6,6,M,1,0,4.09,1490,Business & Economics,Yes,Yes,3.943
5290,6,7,M,1,0,3.71,1060,Business & Economics,Yes,No,
5298,3,3,M,0,0,4.27,1370,Business & Economics,Yes,Yes,3.788
5306,7,6,M,1,0,3.75,1460,Business & Economics,Yes,No,
5315,4,6,F,0,0,3.73,1290,Business & Economics,Yes,Yes,2.395
5317,4,6,M,1,0,4.25,1350,Business & Economics,Yes,No,
5330,6,6,M,0,0,4.2,1390,Business & Economics,Yes,No,
5334,7,6,M,1,0,3.92,1190,Business & Economics,Yes,Yes,3.589
5335,7,7,M,1,0,3.23,1080,Business & Economics,Yes,Yes,2.641
5341,7,6,M,0,0,3.38,1350,Business & Economics,Yes,No,
5386,6,3,M,1,0,4.2,1340,Business & Economics,Yes,No,
5389,7,7,F,0,1,3.77,1350,Business & Economics,Yes,No,
5395,1,1,F,0,0,4.09,1310,Business & Economics,Yes,No,
5412,2,2,F,1,0,4.03,1260,Business & Economics,Yes,Yes,3.713
5413,6,6,M,1,0,4.09,1260,Business & Economics,Yes,No,
5423,6,5,F,1,0,4.14,1040,Business & Economics,Yes,No,
5459,7,6,F,0,1,3.85,1310,Business & Economics,Yes,No,
5460,6,7,F,1,0,4.07,1300,Business & Economics,Yes,No,
5476,1,1,F,0,1,3.68,970,Business & Economics,Yes,Yes,3.212
5491,6,6,M,0,0,3.95,1180,Business & Economics,Yes,No,
5510,6,6,F,1,0,4.07,1290,Business & Economics,Yes,No,
5546,7,7,F,1,0,3.86,1410,Business & Economics,Yes,No,
5562,6,7,M,1,0,3.9,1460,Business & Economics,Yes,No,
5577,3,3,M,1,0,3.82,1250,Business & Economics,Yes,Yes,2.86
5602,6,6,F,0,1,3.54,1160,Business & Economics,Yes,Yes,3.53
5611,6,6,F,1,0,4.09,1250,Business & Economics,Yes,No,
5613,1,1,F,0,0,4.3,950,Business & Economics,Yes,Yes,2.851
5642,6,4,M,1,0,3.68,1210,Business & Economics,Yes,Yes,3.443
5646,4,4,M,0,1,3.32,1090,Business & Economics,Yes,Yes,1.915
5653,7,7,M,1,0,3.91,1370,Business & Economics,Yes,No,
5657,6,6,M,1,0,3.4,1190,Business & Economics,Yes,No,
5677,3,2,M,0,0,3.74,1410,Business & Economics,Yes,No,
5682,3,3,F,0,1,3.76,1170,Business & Economics,Yes,No,
5683,6,6,F,1,0,4.4,1170,Business & Economics,Yes,No,
5705,6,6,M,1,0,3.4,1210,Business & Economics,Yes,Yes,2.972
5712,6,7,M,1,0,3.45,1400,Business & Economics,Yes,Yes,1.323
5716,3,3,M,0,1,3.54,1440,Business & Economics,Yes,No,
5720,7,7,F,0,0,4.24,1360,Business & Economics,Yes,No,
5728,6,6,F,1,0,3.8,1250,Business & Economics,Yes,No,
5734,2,1,M,0,0,4.05,950,Business & Economics,Yes,No,
5735,6,7,F,1,0,3.91,1300,Business & Economics,Yes,No,
5754,6,6,F,1,0,3.38,1320,Business & Economics,Yes,Yes,3.313
5779,7,6,F,1,0,3.95,1290,Business & Economics,Yes,Yes,3.213
5878,7,5,F,1,0,3.96,1290,Business & Economics,Yes,No,
5882,7,7,M,0,1,4.14,1450,Business & Economics,Yes,No,
5888,6,4,M,1,0,3.76,1490,Business & Economics,Yes,No,
5892,7,7,F,1,0,3.74,1400,Business & Economics,Yes,No,
5893,3,3,F,0,1,3.82,1280,Business & Economics,Yes,No,
5917,6,6,M,1,0,4.05,1220,Business & Economics,Yes,Yes,2.998
5919,3,3,F,0,0,4.36,1170,Business & Economics,Yes,No,
5920,3,6,M,1,0,3.68,1230,Business & Economics,Yes,Yes,2.813
5956,7,6,M,0,1,3.77,1250,Business & Economics,Yes,No,
5972,6,6,M,1,0,4.09,1440,Business & Economics,Yes,No,
5981,6,3,M,1,0,3.95,1250,Business & Economics,Yes,Yes,3.446
6016,7,7,F,1,0,3.67,1250,Business & Economics,Yes,No,
6046,7,6,F,0,1,4.08,1410,Business & Economics,Yes,Yes,3.659
6062,6,6,M,1,0,3.05,1290,Business & Economics,Yes,Yes,2.074
6080,7,6,M,1,0,4.28,1390,Business & Economics,Yes,No,
6095,6,6,M,1,0,3.62,1380,Business & Economics,Yes,No,
6116,6,4,F,0,1,3.79,1380,Business & Economics,Yes,No,
6127,7,7,M,1,0,4,1350,Business & Economics,Yes,No,
6129,6,6,M,0,1,4.18,1390,Business & Economics,Yes,No,
6151,1,1,F,0,1,4,1330,Business & Economics,Yes,No,
6176,7,6,M,1,0,4.05,1240,Business & Economics,Yes,No,
6184,6,6,M,0,0,3.68,1040,Business & Economics,Yes,No,
6189,6,6,F,1,0,4.22,1520,Business & Economics,Yes,No,
6218,7,7,M,0,1,4.04,1530,Business & Economics,Yes,No,
6231,6,6,F,1,0,4.06,1250,Business & Economics,Yes,Yes,3.215
6261,7,6,F,0,1,4.14,1290,Business & Economics,Yes,No,
6262,2,2,F,0,1,3.46,1110,Business & Economics,Yes,Yes,3.055
6268,7,7,F,0,1,3.82,1320,Business & Economics,Yes,No,
6293,5,6,F,0,0,4.1,1190,Business & Economics,Yes,Yes,3.144
6294,7,7,M,1,0,3.78,1330,Business & Economics,Yes,No,
6304,4,2,F,0,1,4.09,1110,Business & Economics,Yes,No,
6312,3,3,M,0,0,3.12,990,Business & Economics,Yes,No,
6318,7,7,F,1,0,3.82,1260,Business & Economics,Yes,Yes,2.524
6328,4,3,M,0,0,4,1150,Business & Economics,Yes,Yes,3.698
6340,7,6,F,0,0,3.83,1310,Business & Economics,Yes,No,
6346,7,6,F,1,0,3.73,1300,Business & Economics,Yes,No,
6348,4,4,F,1,0,3.68,1070,Business & Economics,Yes,No,
6377,6,4,M,1,0,3.62,1340,Business & Economics,Yes,No,
6385,6,6,M,1,0,3.75,1210,Business & Economics,Yes,No,
6394,7,3,M,0,1,3.68,1370,Business & Economics,Yes,No,
6431,6,6,F,0,1,3.43,1450,Business & Economics,Yes,Yes,3.64
6487,7,5,M,1,0,3.54,1420,Business & Economics,Yes,Yes,2.778
6500,6,6,F,0,0,3.67,1160,Business & Economics,Yes,No,
6516,6,5,F,0,1,3.73,1270,Business & Economics,Yes,No,
6520,6,6,M,0,0,3.69,1480,Business & Economics,Yes,No,
6526,3,5,M,1,0,3.74,1040,Business & Economics,Yes,Yes,2.739
6548,6,6,M,1,0,4.05,1410,Business & Economics,Yes,No,
6550,6,6,M,1,0,3.86,1210,Business & Economics,Yes,Yes,2.575
6558,6,6,M,1,0,3.41,990,Business & Economics,Yes,Yes,2.851
6561,3,1,M,0,0,3.92,990,Business & Economics,Yes,No,
6583,7,6,F,1,0,3.88,1280,Business & Economics,Yes,Yes,3.457
6596,1,1,F,0,1,3.75,880,Business & Economics,Yes,No,
6623,2,2,F,0,0,3.54,970,Business & Economics,Yes,No,
6634,4,3,M,1,0,4.12,1240,Business & Economics,Yes,Yes,3.422
6677,7,6,M,0,1,3.67,1460,Business & Economics,Yes,No,
6679,2,2,F,0,1,4,1000,Business & Economics,Yes,No,
6684,7,7,F,0,1,4,1290,Business & Economics,Yes,No,
6687,6,3,M,1,0,4.25,1260,Business & Economics,Yes,Yes,3.487
6696,6,6,F,1,0,4,1150,Business & Economics,Yes,Yes,3.186
6697,6,6,M,1,0,3.59,1310,Business & Economics,Yes,Yes,3.661
6712,3,3,M,0,0,4,1160,Business & Economics,Yes,No,
6741,7,6,M,1,0,4,1130,Business & Economics,Yes,No,
6744,6,6,M,1,0,3.74,1120,Business & Economics,Yes,No,
6746,6,4,F,1,0,3.89,1320,Business & Economics,Yes,Yes,3.232
6750,7,6,M,1,0,3.68,1320,Business & Economics,Yes,No,
6755,3,3,M,0,0,4.3,1170,Business & Economics,Yes,No,
6800,6,4,M,0,1,3.92,1250,Business & Economics,Yes,No,
6808,5,5,F,1,0,3.85,1390,Business & Economics,Yes,Yes,3.191
6842,4,4,M,1,0,3.68,1360,Business & Economics,Yes,Yes,3.079
6888,4,7,M,0,0,3.38,1410,Business & Economics,Yes,No,
6899,1,4,F,0,0,4,930,Business & Economics,Yes,No,
6946,7,6,F,0,1,3.5,1320,Business & Economics,Yes,No,
6970,5,6,M,1,0,3.44,950,Business & Economics,Yes,Yes,2.05
6972,7,7,M,1,0,3.65,1310,Business & Economics,Yes,Yes,3.17
6997,6,6,M,0,1,3.5,1410,Business & Economics,Yes,No,
7001,6,6,M,1,0,4.25,1210,Business & Economics,Yes,No,
7039,3,7,M,0,0,4.33,1240,Business & Economics,Yes,No,
7040,7,7,M,0,1,3.53,1180,Business & Economics,Yes,Yes,2.355
7106,6,6,F,1,0,4.08,1300,Business & Economics,Yes,Yes,3.564
7123,4,7,M,1,0,3.75,1180,Business & Economics,Yes,Yes,3.252
7125,7,6,M,0,0,3.73,1230,Business & Economics,Yes,No,
7145,7,4,M,1,0,3.93,1250,Business & Economics,Yes,Yes,2.884
7152,6,7,M,1,0,4.09,1310,Business & Economics,Yes,No,
7154,6,6,M,1,0,4.21,1170,Business & Economics,Yes,Yes,3.281
7155,6,7,M,0,0,3.87,1410,Business & Economics,Yes,No,
7160,3,3,M,0,1,3.92,1340,Business & Economics,Yes,No,
7168,7,7,F,1,0,3.77,1350,Business & Economics,Yes,No,
7169,7,7,F,0,0,4.21,1430,Business & Economics,Yes,Yes,3.566
7171,2,2,F,0,1,3.52,1350,Business & Economics,Yes,No,
7172,6,7,F,0,1,3.44,1300,Business & Economics,Yes,No,
7177,3,3,M,0,1,3.3,1150,Business & Economics,Yes,Yes,2.437
7186,7,7,F,0,1,3.93,1400,Business & Economics,Yes,No,
7192,1,1,F,0,1,3.65,1070,Business & Economics,Yes,No,
7197,6,6,F,1,0,4.1,1360,Business & Economics,Yes,Yes,2.845
7206,5,6,F,0,0,3.73,1300,Business & Economics,Yes,Yes,2.919
7207,6,6,M,1,0,4.06,1400,Business & Economics,Yes,No,
7220,6,6,M,1,0,4.4,1370,Business & Economics,Yes,No,
7226,6,7,F,1,0,3.64,1400,Business & Economics,Yes,No,
7244,6,6,M,1,0,3.77,1430,Business & Economics,Yes,No,
7252,4,6,F,1,0,3.64,1190,Business & Economics,Yes,No,
7263,7,7,F,0,1,4.08,1320,Business & Economics,Yes,No,
7269,4,5,M,1,0,3.45,1270,Business & Economics,Yes,No,
7287,6,6,F,0,1,4.25,1530,Business & Economics,Yes,No,
7288,6,5,F,1,0,3.68,1410,Business & Economics,Yes,No,
7290,7,7,F,1,0,4.18,1550,Business & Economics,Yes,No,
7295,5,3,F,0,1,4.05,1560,Business & Economics,Yes,No,
7301,5,7,F,1,0,4.05,1220,Business & Economics,Yes,Yes,3.6
7302,6,6,F,1,0,3.79,1260,Business & Economics,Yes,No,
7303,6,3,M,1,0,4.06,1220,Business & Economics,Yes,No,
7305,7,7,F,1,0,3.77,1310,Business & Economics,Yes,Yes,2.854
7342,6,5,F,1,0,4,1450,Business & Economics,Yes,No,
7343,6,6,M,1,0,4,1330,Business & Economics,Yes,No,
7346,7,6,M,1,0,3.44,1550,Business & Economics,Yes,No,
7351,7,6,F,1,0,3.5,1170,Business & Economics,Yes,Yes,2.082
7352,1,1,M,0,0,4.2,1300,Business & Economics,Yes,No,
7373,6,6,M,1,0,3.48,1430,Business & Economics,Yes,Yes,2.747
7392,3,3,M,0,1,3.08,1160,Business & Economics,Yes,No,
7420,2,1,M,0,1,3.85,1180,Business & Economics,Yes,No,
7459,7,6,M,0,1,3.78,1240,Business & Economics,Yes,Yes,2.877
7461,3,3,M,0,1,3.79,1430,Business & Economics,Yes,No,
7462,6,6,M,1,0,4.23,1510,Business & Economics,Yes,No,
7465,7,4,F,0,1,4.25,1400,Business & Economics,Yes,No,
7466,6,7,M,1,0,4,1300,Business & Economics,Yes,No,
7470,6,6,F,1,0,4,1320,Business & Economics,Yes,No,
7484,4,4,F,1,0,4.23,1340,Business & Economics,Yes,No,
7496,5,2,M,1,0,3.75,1210,Business & Economics,Yes,No,
7505,4,4,F,1,0,4.25,1540,Business & Economics,Yes,No,
7513,6,7,M,1,0,3.56,1550,Business & Economics,Yes,No,
7514,7,7,F,0,1,3.46,1450,Business & Economics,Yes,Yes,3.346
7531,1,1,F,0,0,4.35,1140,Business & Economics,Yes,No,
7537,6,5,M,1,0,3.4,1230,Business & Economics,Yes,Yes,2.698
7547,6,6,F,1,0,4.04,1310,Business & Economics,Yes,No,
7552,5,3,F,0,1,4.15,1040,Business & Economics,Yes,No,
7573,7,7,F,0,0,3.81,1400,Business & Economics,Yes,No,
7578,7,6,M,1,0,3.9,1340,Business & Economics,Yes,Yes,3.534
7579,4,7,M,1,0,3.59,1300,Business & Economics,Yes,Yes,2.433
7613,6,6,M,0,1,3.72,1320,Business & Economics,Yes,Yes,3.49
7650,7,6,F,1,0,3.89,1200,Business & Economics,Yes,No,
7653,6,5,F,0,0,3.42,1100,Business & Economics,Yes,No,
7679,6,6,F,1,0,4.32,1510,Business & Economics,Yes,No,
7683,7,7,M,1,0,3.45,1340,Business & Economics,Yes,No,
7705,7,7,M,0,1,3.62,1360,Business & Economics,Yes,No,
7707,4,4,F,1,0,4.08,1220,Business & Economics,Yes,No,
7711,1,1,F,0,0,4.09,1010,Business & Economics,Yes,Yes,3.367
7714,3,3,F,1,0,4.1,1190,Business & Economics,Yes,No,
7731,7,6,M,0,1,4.25,1530,Business & Economics,Yes,No,
7733,7,6,M,1,0,4.14,1260,Business & Economics,Yes,No,
7739,6,4,M,1,0,4.27,1360,Business & Economics,Yes,No,
7756,6,6,F,1,0,4.08,1340,Business & Economics,Yes,No,
7759,7,6,M,1,0,3.94,1310,Business & Economics,Yes,No,
7768,6,6,F,0,1,4.09,1370,Business & Economics,Yes,No,
7777,3,6,F,0,0,3.75,1180,Business & Economics,Yes,No,
7779,7,7,M,1,0,4.3,1440,Business & Economics,Yes,No,
7782,6,6,F,1,0,4.04,1270,Business & Economics,Yes,No,
7804,3,3,F,0,1,4,1340,Business & Economics,Yes,No,
7815,6,3,M,1,0,4.18,1390,Business & Economics,Yes,No,
7842,1,3,F,0,1,3.79,1190,Business & Economics,Yes,No,
7852,7,7,M,1,0,3.86,1410,Business & Economics,Yes,No,
7873,5,3,M,1,0,3.75,1300,Business & Economics,Yes,Yes,3.108
7889,6,6,M,1,0,4,1250,Business & Economics,Yes,Yes,3.126
7891,6,6,M,1,0,3.82,1170,Business & Economics,Yes,No,
7893,6,6,M,1,0,3.68,1160,Business & Economics,Yes,Yes,3.052
7925,7,5,F,0,1,3.88,1340,Business & Economics,Yes,No,
7926,7,7,F,1,0,3.83,1500,Business & Economics,Yes,No,
7943,7,6,M,1,0,4.13,1350,Business & Economics,Yes,No,
7987,3,6,F,1,0,3.73,1190,Business & Economics,Yes,Yes,3.3
8014,7,4,F,1,0,3.91,1530,Business & Economics,Yes,Yes,3.959
8019,1,1,F,0,0,3.86,750,Business & Economics,Yes,No,
8032,4,3,M,1,0,3.7,1410,Business & Economics,Yes,No,
8036,3,3,F,0,1,4.2,1040,Business & Economics,Yes,No,
8047,6,7,M,0,0,3.86,1410,Business & Economics,Yes,Yes,3.317
8051,6,7,F,1,0,3.95,1560,Business & Economics,Yes,No,
8073,7,6,F,1,0,3.79,1420,Business & Economics,Yes,No,
8075,7,6,F,1,0,4.27,1450,Business & Economics,Yes,Yes,3.635
8076,6,7,F,1,0,4.12,1390,Business & Economics,Yes,No,
8091,4,6,M,1,0,3.6,1230,Business & Economics,Yes,Yes,2.612
8102,6,7,M,1,0,3.92,1540,Business & Economics,Yes,No,
8118,3,6,F,0,0,3.55,1090,Business & Economics,Yes,Yes,3.026
8120,7,6,F,1,0,3.89,1220,Business & Economics,Yes,No,
8121,7,4,M,1,0,3.71,1490,Business & Economics,Yes,No,
8126,7,7,F,1,0,4.08,1170,Business & Economics,Yes,Yes,3.209
8133,7,7,F,1,0,4.18,1260,Business & Economics,Yes,Yes,3.532
8134,4,4,F,0,0,3.73,1230,Business & Economics,Yes,Yes,3.314
8138,3,6,F,1,0,4.05,1140,Business & Economics,Yes,No,
8140,4,4,F,0,0,4.36,1270,Business & Economics,Yes,No,
8162,6,6,F,1,0,4.32,1420,Business & Economics,Yes,No,
8170,4,7,M,1,0,4.14,1170,Business & Economics,Yes,No,
8183,7,7,F,1,0,4.29,1300,Business & Economics,Yes,No,
8185,7,4,F,0,0,4.2,1500,Business & Economics,Yes,No,
8190,6,5,M,1,0,3.96,1450,Business & Economics,Yes,No,
8191,5,6,M,0,1,3.96,1230,Business & Economics,Yes,No,
8204,5,2,F,1,0,4.04,1240,Business & Economics,Yes,No,
8221,6,7,M,0,0,3.82,1350,Business & Economics,Yes,No,
8227,6,6,F,0,0,4.2,1450,Business & Economics,Yes,No,
8230,4,6,F,1,0,4.28,1430,Business & Economics,Yes,No,
8241,4,6,M,1,0,4.05,1270,Business & Economics,Yes,No,
8247,6,7,F,1,0,3.76,1110,Business & Economics,Yes,No,
8263,6,3,F,0,0,4.28,1380,Business & Economics,Yes,No,
8283,5,5,F,1,0,4.08,1200,Business & Economics,Yes,No,
8284,6,6,M,1,0,3.92,1130,Business & Economics,Yes,No,
8291,2,6,M,0,1,3.2,1140,Business & Economics,Yes,Yes,3.057
8297,3,6,F,1,0,4.14,1360,Business & Economics,Yes,Yes,3.057
8309,7,7,M,1,0,4.37,1480,Business & Economics,Yes,Yes,3
8313,4,6,M,1,0,4.17,1460,Business & Economics,Yes,No,
8321,4,7,M,1,0,4.16,1260,Business & Economics,Yes,No,
8340,6,6,M,0,0,3.58,1330,Business & Economics,Yes,Yes,3.583
8344,6,6,F,1,0,3.56,1280,Business & Economics,Yes,No,
8361,6,2,M,0,1,4.17,1200,Business & Economics,Yes,No,
8364,7,6,M,1,0,3.64,1380,Business & Economics,Yes,No,
8396,2,2,F,0,0,4.37,1130,Business & Economics,Yes,No,
8404,6,6,M,1,0,4.25,1370,Business & Economics,Yes,No,
8405,7,6,M,1,0,3.55,1490,Business & Economics,Yes,No,
8406,7,6,M,1,0,3.62,1140,Business & Economics,Yes,No,
8414,6,6,M,0,0,4.36,1530,Business & Economics,Yes,No,
8438,6,6,M,1,0,3.96,1530,Business & Economics,Yes,No,
8445,6,4,F,1,0,4.27,1490,Business & Economics,Yes,No,
8453,7,7,M,1,0,4.12,1520,Business & Economics,Yes,No,
8459,6,6,F,1,0,3.75,1280,Business & Economics,Yes,Yes,3.299
8462,3,6,F,0,0,3.95,1430,Business & Economics,Yes,No,
8479,6,6,M,1,0,4.2,1430,Business & Economics,Yes,No,
8507,7,6,F,1,0,4.19,1530,Business & Economics,Yes,No,
8512,2,2,F,0,1,3.5,1110,Business & Economics,Yes,No,
8513,4,6,F,1,0,3.29,1380,Business & Economics,Yes,Yes,3.409
8517,6,7,F,1,0,4.1,1320,Business & Economics,Yes,No,
8522,7,7,M,0,1,3.85,1580,Business & Economics,Yes,No,
8523,4,5,M,1,0,3.91,940,Business & Economics,Yes,Yes,2.999
8542,6,6,M,1,0,3.92,1320,Business & Economics,Yes,No,
8549,7,4,M,1,0,3.83,1310,Business & Economics,Yes,Yes,2.864
8552,2,6,M,1,0,3.95,1170,Business & Economics,Yes,No,
8610,4,7,F,1,0,4.09,1200,Business & Economics,Yes,No,
8620,7,7,M,0,1,4.24,1550,Business & Economics,Yes,No,
8633,6,6,M,0,1,3.91,1050,Business & Economics,Yes,No,
8637,7,7,M,0,1,3.69,1370,Business & Economics,Yes,No,
8654,6,6,M,1,0,4.27,1290,Business & Economics,Yes,Yes,3.878
8662,6,7,M,1,0,3.61,1550,Business & Economics,Yes,No,
8689,3,7,M,1,0,4.29,1500,Business & Economics,Yes,No,
8708,6,7,M,1,0,3.21,1390,Business & Economics,Yes,No,
8711,1,1,F,0,0,3.6,900,Business & Economics,Yes,No,
8712,5,7,F,1,0,4.21,1080,Business & Economics,Yes,Yes,3.534
8728,7,7,M,1,0,4.12,1380,Business & Economics,Yes,No,
8748,7,6,F,1,0,3.77,1210,Business & Economics,Yes,No,
8758,7,7,F,0,0,3.67,1170,Business & Economics,Yes,No,
8759,7,7,F,1,0,3,1060,Business & Economics,Yes,Yes,3.268
8763,6,7,F,1,0,4.27,1350,Business & Economics,Yes,No,
8764,3,3,F,0,0,4.17,1160,Business & Economics,Yes,No,
8766,2,1,M,0,0,3.64,1260,Business & Economics,Yes,No,
8767,7,7,F,1,0,3.86,1310,Business & Economics,Yes,Yes,3.291
8770,6,6,F,1,0,3.92,1270,Business & Economics,Yes,No,
8786,7,6,M,0,1,3.76,1100,Business & Economics,Yes,Yes,3.13
8815,4,4,M,0,1,3.58,1290,Business & Economics,Yes,No,
8820,7,6,F,1,0,3.8,1280,Business & Economics,Yes,Yes,3.384
8826,7,3,F,0,1,3.83,1350,Business & Economics,Yes,No,
8861,7,6,F,1,0,4.05,1290,Business & Economics,Yes,No,
8868,6,6,F,0,0,3.75,1050,Business & Economics,Yes,No,
8877,6,6,M,0,0,4.27,1340,Business & Economics,Yes,Yes,3.502
8888,7,6,F,0,0,4,1250,Business & Economics,Yes,No,
8901,3,5,M,1,0,4.05,1420,Business & Economics,Yes,No,
8903,7,6,M,0,1,4.04,1380,Business & Economics,Yes,No,
8907,2,3,M,0,0,3.86,1100,Business & Economics,Yes,No,
8921,6,7,M,1,0,3.62,1290,Business & Economics,Yes,No,
8929,6,7,M,1,0,3.75,1320,Business & Economics,Yes,No,
8935,6,6,F,1,0,4.14,1170,Business & Economics,Yes,Yes,2.537
8953,7,6,M,1,0,3.5,1160,Business & Economics,Yes,No,
8957,6,3,F,1,0,4.05,1280,Business & Economics,Yes,Yes,3.114
8964,6,6,F,1,0,4.27,1420,Business & Economics,Yes,No,
8968,6,7,M,1,0,3.79,1460,Business & Economics,Yes,Yes,3.719
8983,3,4,M,0,1,3.38,1380,Business & Economics,Yes,No,
9005,3,4,F,1,0,3.86,1070,Business & Economics,Yes,Yes,3.162
9056,1,3,F,0,0,3.87,1040,Business & Economics,Yes,No,
9094,4,7,F,1,0,4.23,1290,Business & Economics,Yes,No,
9096,7,7,F,0,1,3.9,1540,Business & Economics,Yes,No,
9098,7,6,F,0,1,4.12,1350,Business & Economics,Yes,No,
9106,7,6,M,0,0,3.86,1390,Business & Economics,Yes,No,
9109,7,7,F,1,0,4.36,1310,Business & Economics,Yes,No,
9120,5,5,M,1,0,4.23,1480,Business & Economics,Yes,No,
9126,2,2,F,0,1,4.05,1290,Business & Economics,Yes,No,
9152,1,1,M,0,1,3.38,1030,Business & Economics,Yes,Yes,2.338
9193,7,6,M,1,0,4.14,1310,Business & Economics,Yes,No,
9210,7,7,M,1,0,3.54,1340,Business & Economics,Yes,No,
9227,3,4,F,1,0,3.8,1240,Business & Economics,Yes,No,
9234,6,6,F,1,0,4.05,1290,Business & Economics,Yes,Yes,3.128
9252,3,3,F,1,0,3.95,1320,Business & Economics,Yes,Yes,3.515
9280,7,6,F,1,0,4.21,1190,Business & Economics,Yes,Yes,3.521
9282,7,7,M,1,0,4.4,1510,Business & Economics,Yes,No,
9284,7,7,F,0,1,4.33,1400,Business & Economics,Yes,No,
9288,6,6,M,1,0,4.04,1480,Business & Economics,Yes,No,
9293,4,7,F,1,0,4.04,1290,Business & Economics,Yes,No,
9307,6,6,M,0,1,3.52,1330,Business & Economics,Yes,No,
9324,7,6,F,1,0,3.96,1320,Business & Economics,Yes,Yes,3.313
9325,4,6,M,1,0,3.8,1150,Business & Economics,Yes,No,
9338,3,4,F,0,0,4.08,1160,Business & Economics,Yes,No,
9339,6,6,M,0,1,4.13,1550,Business & Economics,Yes,No,
9341,3,6,M,1,0,3.89,1090,Business & Economics,Yes,No,
9347,7,7,F,1,0,4.25,1460,Business & Economics,Yes,No,
9355,6,6,F,1,0,3.77,1250,Business & Economics,Yes,No,
9359,4,5,F,1,0,3.94,1190,Business & Economics,Yes,Yes,3.05
9364,7,7,M,1,0,4.12,1460,Business & Economics,Yes,No,
9366,7,7,F,0,1,3.68,1440,Business & Economics,Yes,No,
9368,6,6,M,0,1,3.77,1330,Business & Economics,Yes,No,
9372,4,4,M,1,0,3.77,1150,Business & Economics,Yes,Yes,2.908
9380,6,6,F,0,0,4.04,1290,Business & Economics,Yes,No,
9384,5,6,F,1,0,3.82,1040,Business & Economics,Yes,No,
9386,6,5,M,0,0,3.96,1260,Business & Economics,Yes,No,
9402,7,6,F,0,1,3.58,1190,Business & Economics,Yes,Yes,2.955
9415,6,7,F,1,0,3.77,1120,Business & Economics,Yes,Yes,2.735
9417,5,4,M,1,0,3.95,1240,Business & Economics,Yes,No,
9427,7,5,F,1,0,4.15,1400,Business & Economics,Yes,No,
9434,7,6,F,1,0,4.07,1290,Business & Economics,Yes,No,
9435,4,6,M,1,0,3.68,1340,Business & Economics,Yes,No,
9440,6,7,F,1,0,3.96,1260,Business & Economics,Yes,No,
9447,7,4,F,0,0,4,1290,Business & Economics,Yes,No,
9472,2,6,M,0,1,4,1420,Business & Economics,Yes,No,
9473,7,5,M,1,0,4.19,1330,Business & Economics,Yes,Yes,3.738
9474,6,6,M,0,0,3.96,1420,Business & Economics,Yes,No,
9485,7,6,F,1,0,4.04,1380,Business & Economics,Yes,No,
9557,7,7,M,1,0,3.95,1500,Business & Economics,Yes,No,
9561,6,7,M,1,0,3.68,1450,Business & Economics,Yes,No,
9564,4,6,F,1,0,4.07,1200,Business & Economics,Yes,No,
9583,6,6,M,1,0,3.95,1350,Business & Economics,Yes,No,
9588,3,4,M,0,1,3.7,1080,Business & Economics,Yes,No,
9603,6,5,M,1,0,3.67,1210,Business & Economics,Yes,Yes,2.878
9604,2,6,M,0,1,4.27,1360,Business & Economics,Yes,No,
9622,7,5,M,1,0,3.85,1440,Business & Economics,Yes,No,
9627,7,6,M,1,0,4.24,1220,Business & Economics,Yes,Yes,3.403
9644,7,7,F,1,0,4.25,1550,Business & Economics,Yes,No,
9651,7,7,M,1,0,4.31,1470,Business & Economics,Yes,No,
9672,4,6,F,1,0,4.14,1450,Business & Economics,Yes,No,
9732,7,7,F,1,0,4.16,1490,Business & Economics,Yes,No,
9735,6,5,M,1,0,4,1100,Business & Economics,Yes,Yes,3.02
9750,5,7,F,0,0,3.64,1190,Business & Economics,Yes,Yes,3.232
9760,7,7,F,0,0,3.64,1170,Business & Economics,Yes,No,
9774,6,6,M,1,0,3.38,1060,Business & Economics,Yes,Yes,2.675
9781,3,3,F,0,1,3.64,1040,Business & Economics,Yes,No,
9793,5,5,F,0,1,3.79,1280,Business & Economics,Yes,No,
9803,7,7,F,0,1,3.74,1420,Business & Economics,Yes,No,
9808,6,6,F,1,0,3.65,1220,Business & Economics,Yes,No,
9817,7,6,M,1,0,4.1,1220,Business & Economics,Yes,No,
9821,6,6,F,1,0,4.19,1490,Business & Economics,Yes,No,
9840,6,6,F,0,1,3.52,1440,Business & Economics,Yes,No,
9879,1,1,M,0,0,3.73,1110,Business & Economics,Yes,Yes,3.169
9881,7,7,M,1,0,3.95,1240,Business & Economics,Yes,No,
9889,7,7,F,0,0,3.83,1250,Business & Economics,Yes,No,
9898,6,6,F,1,0,3.87,1240,Business & Economics,Yes,Yes,3.239
9909,7,7,M,1,0,3.68,1240,Business & Economics,Yes,Yes,3.35
9917,2,3,M,0,0,3.82,1290,Business & Economics,Yes,No,
9934,6,4,M,1,0,3.78,1280,Business & Economics,Yes,No,
9936,5,6,M,1,0,3.36,1310,Business & Economics,Yes,Yes,3.08
9940,3,6,M,0,0,4.15,1410,Business & Economics,Yes,No,
9967,6,5,M,1,0,4.29,1250,Business & Economics,Yes,No,
9971,3,3,F,0,1,3.73,1320,Business & Economics,Yes,Yes,2.871
9990,6,4,M,0,1,4.11,1280,Business & Economics,Yes,No,
10005,6,7,M,0,0,3.75,1100,Business & Economics,Yes,No,
10030,6,7,M,1,0,4.32,1510,Business & Economics,Yes,No,
10031,7,6,M,1,0,3.81,1260,Business & Economics,Yes,No,
10042,6,6,M,1,0,3.91,1310,Business & Economics,Yes,No,
10057,7,6,F,1,0,3.91,1410,Business & Economics,Yes,No,
10061,5,5,M,0,0,3.73,1300,Business & Economics,Yes,No,
10072,5,4,M,0,1,4.05,1380,Business & Economics,Yes,No,
10086,6,6,M,1,0,4.09,1280,Business & Economics,Yes,Yes,3.808
10100,7,7,M,1,0,3.92,1510,Business & Economics,Yes,No,
10105,4,4,F,0,0,3.88,1380,Business & Economics,Yes,Yes,2.863
10138,6,6,M,0,1,3.82,1380,Business & Economics,Yes,No,
10144,7,6,M,1,0,3.82,1190,Business & Economics,Yes,No,
10152,7,6,F,1,0,3.75,1100,Business & Economics,Yes,No,
10154,6,6,F,1,0,3.58,1370,Business & Economics,Yes,No,
10192,7,7,F,0,0,4.12,1440,Business & Economics,Yes,No,
10201,5,5,M,1,0,4,1380,Business & Economics,Yes,No,
10203,7,4,F,1,0,3.96,1250,Business & Economics,Yes,No,
10219,6,6,F,0,1,3.82,1270,Business & Economics,Yes,No,
10227,1,4,F,1,0,4.13,1280,Business & Economics,Yes,Yes,3.612
10241,7,7,M,1,0,3.5,1200,Business & Economics,Yes,Yes,2.805
10250,7,7,M,0,1,3.36,1500,Business & Economics,Yes,No,
10252,4,7,M,1,0,3.92,1170,Business & Economics,Yes,No,
10254,6,5,F,1,0,3.81,1040,Business & Economics,Yes,No,
10262,4,4,M,1,0,3.91,1430,Business & Economics,Yes,No,
10284,6,6,F,0,1,3.64,1420,Business & Economics,Yes,No,
10293,7,6,M,0,1,4.33,1440,Business & Economics,Yes,No,
10298,6,5,M,0,1,3.45,1340,Business & Economics,Yes,Yes,2.351
10299,7,6,M,1,0,3.8,1150,Business & Economics,Yes,Yes,2.89
10327,6,3,F,0,1,3.55,1180,Business & Economics,Yes,Yes,2.873
10337,3,3,F,0,0,3.92,1230,Business & Economics,Yes,Yes,3.2
10349,6,6,M,0,1,3.41,1370,Business & Economics,Yes,No,
10377,4,3,M,0,0,3.55,1310,Business & Economics,Yes,Yes,2.925
10387,7,7,F,1,0,4.14,1440,Business & Economics,Yes,No,
10391,6,3,F,0,0,3.7,1380,Business & Economics,Yes,No,
10394,7,6,M,1,0,4.04,1430,Business & Economics,Yes,No,
10411,4,5,F,1,0,3.95,1330,Business & Economics,Yes,No,
10423,6,6,F,1,0,3.29,1130,Business & Economics,Yes,Yes,3.22
10437,7,7,M,1,0,4,1330,Business & Economics,Yes,No,
10473,6,6,M,1,0,4.05,1340,Business & Economics,Yes,No,
10483,7,6,M,0,1,4.04,1380,Business & Economics,Yes,Yes,3.328
10506,4,4,F,1,0,3.82,1300,Business & Economics,Yes,No,
10513,4,4,F,1,0,3.33,1150,Business & Economics,Yes,Yes,2.673
10525,4,6,F,1,0,3.95,1360,Business & Economics,Yes,No,
10538,7,6,F,0,1,3.95,1550,Business & Economics,Yes,No,
10546,4,6,M,1,0,3.95,1190,Business & Economics,Yes,No,
10554,7,6,F,1,0,4,1490,Business & Economics,Yes,No,
10571,6,3,F,0,0,4.33,1550,Business & Economics,Yes,No,
10618,3,6,F,1,0,4.11,1380,Business & Economics,Yes,No,
10622,6,6,F,0,1,3.73,1340,Business & Economics,Yes,No,
10636,6,4,F,1,0,3.82,1260,Business & Economics,Yes,No,
10654,5,2,F,0,0,3.86,1070,Business & Economics,Yes,Yes,2.794
10684,4,4,M,0,1,3.95,1460,Business & Economics,Yes,No,
10687,4,6,M,1,0,3.65,1250,Business & Economics,Yes,No,
10694,3,6,M,1,0,3.95,1160,Business & Economics,Yes,No,
10714,6,6,M,1,0,3.82,1120,Business & Economics,Yes,No,
10732,6,6,F,1,0,4.18,1250,Business & Economics,Yes,Yes,3.551
10736,6,7,M,1,0,3.45,1490,Business & Economics,Yes,Yes,2.316
10738,6,6,M,1,0,4,1450,Business & Economics,Yes,No,
10747,3,2,F,0,1,3.65,1190,Business & Economics,Yes,No,
10759,7,6,F,0,1,3.75,1390,Business & Economics,Yes,No,
10764,4,4,F,0,0,3.91,940,Business & Economics,Yes,Yes,1.833
10771,3,3,F,0,0,3.95,1110,Business & Economics,Yes,No,
10783,3,3,F,0,0,4.05,1070,Business & Economics,Yes,No,
10796,7,7,F,0,0,3.91,1460,Business & Economics,Yes,No,
10801,7,7,M,1,0,4,1360,Business & Economics,Yes,Yes,3.607
10803,6,5,F,1,0,3.71,1050,Business & Economics,Yes,No,
10815,4,6,F,1,0,3.8,1240,Business & Economics,Yes,Yes,3.342
10819,1,1,F,0,1,4.05,1030,Business & Economics,Yes,No,
10822,6,2,F,0,1,3.89,1210,Business & Economics,Yes,No,
10824,3,3,F,1,0,3.89,1260,Business & Economics,Yes,No,
10826,4,4,F,0,0,3.84,1270,Business & Economics,Yes,No,
10861,7,3,M,1,0,3.72,1020,Business & Economics,Yes,No,
10866,3,3,M,0,0,3.7,1250,Business & Economics,Yes,Yes,3.167
10878,4,1,F,0,1,4.12,1220,Business & Economics,Yes,No,
10890,7,7,F,0,0,3.6,1430,Business & Economics,Yes,Yes,3.167
10892,4,3,M,0,0,2.43,840,Business & Economics,Yes,Yes,2.373
10893,2,1,F,0,1,3.85,1160,Business & Economics,Yes,No,
10894,6,6,F,0,1,4.4,1270,Business & Economics,Yes,No,
10895,6,6,F,1,0,4.24,1270,Business & Economics,Yes,No,
10896,7,6,F,1,0,3.71,1050,Business & Economics,Yes,Yes,2.723
10900,2,2,F,0,1,3.62,1070,Business & Economics,Yes,Yes,2.85
10926,7,6,M,1,0,3.83,1410,Business & Economics,Yes,Yes,2.751
10933,4,6,F,1,0,3.86,1380,Business & Economics,Yes,No,
10953,1,1,M,0,0,3.65,1110,Business & Economics,Yes,Yes,3.569
10958,7,7,F,1,0,4.11,1360,Business & Economics,Yes,No,
10965,7,5,M,0,0,3.77,1320,Business & Economics,Yes,No,
10966,5,5,F,1,0,4.23,1420,Business & Economics,Yes,No,
10971,6,6,F,1,0,4.35,1190,Business & Economics,Yes,No,
10976,7,3,M,1,0,3.91,1230,Business & Economics,Yes,No,
11011,4,6,M,1,0,3.43,1380,Business & Economics,Yes,Yes,2.775
11016,6,4,F,0,1,4.05,1210,Business & Economics,Yes,No,
11020,6,6,F,1,0,4.04,1200,Business & Economics,Yes,No,
11025,5,5,M,1,0,4.28,1170,Business & Economics,Yes,Yes,2.533
11030,7,7,F,1,0,3.88,1350,Business & Economics,Yes,No,
11038,2,2,M,0,1,3.81,1030,Business & Economics,Yes,No,
11044,7,7,M,0,0,4.15,1320,Business & Economics,Yes,Yes,3.293
11049,3,6,M,1,0,3.6,1540,Business & Economics,Yes,No,
11051,7,7,M,1,0,3.67,1260,Business & Economics,Yes,No,
11060,7,7,F,1,0,4.25,1270,Business & Economics,Yes,Yes,3.864
11065,6,6,M,1,0,4.3,1570,Business & Economics,Yes,No,
11070,5,5,F,1,0,3.82,1340,Business & Economics,Yes,No,
11073,7,6,M,1,0,3.85,1190,Business & Economics,Yes,No,
11086,6,7,M,0,0,3.62,1320,Business & Economics,Yes,Yes,2.859
11087,6,6,M,0,1,3.82,1430,Business & Economics,Yes,No,
11099,2,2,F,0,0,3.5,1060,Business & Economics,Yes,Yes,2.56
11102,3,6,M,1,0,4.32,1170,Business & Economics,Yes,Yes,3.007
11114,7,6,F,1,0,4.15,1380,Business & Economics,Yes,No,
11122,7,6,M,1,0,3.55,1460,Business & Economics,Yes,No,
11127,7,6,M,0,0,3.7,1290,Business & Economics,Yes,No,
11131,7,6,M,1,0,4.09,1310,Business & Economics,Yes,No,
11136,2,3,F,0,1,4.17,950,Business & Economics,Yes,No,
11189,7,6,M,1,0,3.68,1260,Business & Economics,Yes,Yes,3.175
11211,4,6,M,1,0,3.15,1200,Business & Economics,Yes,Yes,2.772
11226,7,7,M,0,0,3.88,1410,Business & Economics,Yes,No,
11240,1,1,M,0,0,3.45,890,Business & Economics,Yes,No,
11251,4,6,F,0,1,3.68,1020,Business & Economics,Yes,Yes,2.434
11255,6,6,M,1,0,4.36,1480,Business & Economics,Yes,No,
11257,6,3,F,1,0,4.4,1540,Business & Economics,Yes,No,
11273,7,6,M,0,1,3.77,1140,Business & Economics,Yes,No,
11289,7,5,F,0,1,3.78,1360,Business & Economics,Yes,No,
11292,5,6,M,0,0,4.04,1310,Business & Economics,Yes,No,
11296,7,6,F,1,0,4.05,1330,Business & Economics,Yes,Yes,3.493
11302,2,6,F,1,0,2.96,1160,Business & Economics,Yes,No,
11313,7,6,F,0,1,3.5,1420,Business & Economics,Yes,Yes,3.272
11340,1,1,F,0,1,3.47,950,Business & Economics,Yes,No,
11342,6,6,M,1,0,3.64,1090,Business & Economics,Yes,Yes,3.334
11352,3,1,M,0,1,3.3,1120,Business & Economics,Yes,No,
11353,2,1,F,0,1,4.1,1210,Business & Economics,Yes,No,
11359,7,6,F,0,1,3.77,1440,Business & Economics,Yes,No,
11362,6,6,M,0,0,3.5,1170,Business & Economics,Yes,Yes,2.791
11374,4,1,F,0,1,4.18,1200,Business & Economics,Yes,No,
11375,6,6,M,1,0,3.59,1420,Business & Economics,Yes,Yes,2.311
11381,7,7,F,0,0,4.12,1250,Business & Economics,Yes,No,
11382,2,2,M,1,0,3.35,1100,Business & Economics,Yes,Yes,2.785
11389,1,1,F,0,1,3.96,910,Business & Economics,Yes,No,
11415,6,3,M,0,0,3.74,1010,Business & Economics,Yes,No,
11422,3,4,M,1,0,3.96,1400,Business & Economics,Yes,No,
11447,7,5,F,0,1,3.5,1460,Business & Economics,Yes,No,
11459,7,6,M,0,1,3.79,1320,Business & Economics,Yes,No,
11475,7,7,F,0,1,3.91,1300,Business & Economics,Yes,Yes,3.094
11479,7,6,F,1,0,4.23,1270,Business & Economics,Yes,No,
11494,6,6,M,0,1,4.2,1270,Business & Economics,Yes,Yes,3.378
11496,7,7,F,0,1,3.86,1380,Business & Economics,Yes,No,
11515,3,3,M,0,1,2.87,1460,Business & Economics,Yes,No,
11517,2,2,M,0,1,3.45,1120,Business & Economics,Yes,Yes,3.415
11534,3,3,M,0,0,4,1270,Business & Economics,Yes,No,
11574,3,3,F,1,0,4,1190,Business & Economics,Yes,Yes,3.207
11591,6,6,F,0,0,4.14,1170,Business & Economics,Yes,No,
11613,6,6,M,1,0,3.75,1440,Business & Economics,Yes,No,
11619,7,5,M,1,0,3.96,1430,Business & Economics,Yes,No,
11623,3,3,F,1,0,3.5,940,Business & Economics,Yes,Yes,2.881
11629,6,6,M,1,0,3.63,1430,Business & Economics,Yes,No,
11630,6,7,F,1,0,4.3,1240,Business & Economics,Yes,No,
11636,6,6,F,1,0,3.54,1480,Business & Economics,Yes,No,
11637,7,6,F,0,1,3.77,1530,Business & Economics,Yes,No,
11692,3,4,M,1,0,3.96,1360,Business & Economics,Yes,No,
11696,6,6,M,0,0,4.36,1320,Business & Economics,Yes,No,
11706,7,7,F,0,1,4.09,1400,Business & Economics,Yes,No,
11708,6,5,F,1,0,3.82,1290,Business & Economics,Yes,No,
11709,3,3,F,1,0,3.75,1480,Business & Economics,Yes,No,
11723,4,7,F,0,1,3.91,1190,Business & Economics,Yes,No,
11725,2,3,F,1,0,3.91,1290,Business & Economics,Yes,No,
11736,7,7,F,0,1,4.17,1500,Business & Economics,Yes,No,
11740,7,6,M,0,0,3.59,1280,Business & Economics,Yes,Yes,2.786
11745,6,7,F,0,1,3.77,1340,Business & Economics,Yes,No,
11746,3,3,F,0,1,3.74,1250,Business & Economics,Yes,No,
11753,7,6,M,0,1,3.12,1550,Business & Economics,Yes,No,
11785,6,5,F,1,0,4.3,1360,Business & Economics,Yes,No,
11787,6,6,M,1,0,4.18,1470,Business & Economics,Yes,No,
11789,7,7,F,1,0,3.95,1410,Business & Economics,Yes,Yes,3.404
11792,6,4,F,0,1,3.67,1300,Business & Economics,Yes,No,
11823,5,4,M,1,0,3.73,1370,Business & Economics,Yes,No,
11824,1,3,M,0,1,3.68,1110,Business & Economics,Yes,Yes,2.83
11834,1,1,M,0,1,3.12,1270,Business & Economics,Yes,No,
11841,7,7,F,1,0,4.08,1190,Business & Economics,Yes,Yes,3.308
11848,7,7,F,0,0,3.35,1230,Business & Economics,Yes,Yes,3.144
11852,6,6,F,1,0,3.64,1230,Business & Economics,Yes,Yes,3.02
11860,6,7,M,1,0,3.64,1180,Business & Economics,Yes,Yes,2.907
11863,6,6,F,1,0,3.46,1170,Business & Economics,Yes,No,
11875,6,6,M,1,0,3.3,1200,Business & Economics,Yes,Yes,2.916
11890,7,3,F,1,0,3.5,1260,Business & Economics,Yes,No,
11893,6,6,M,1,0,4.15,1420,Business & Economics,Yes,No,
11894,2,2,M,0,1,3.84,1290,Business & Economics,Yes,No,
11900,7,6,M,1,0,3.58,1240,Business & Economics,Yes,Yes,2.969
11925,5,3,M,0,0,3.36,970,Business & Economics,Yes,Yes,0.364
11939,7,3,M,1,0,3.96,1280,Business & Economics,Yes,No,
11940,7,5,M,0,1,3.91,1420,Business & Economics,Yes,No,
11942,6,7,M,1,0,4.4,1350,Business & Economics,Yes,Yes,3.663
11948,7,7,M,0,0,4,1250,Business & Economics,Yes,No,
12004,6,3,M,1,0,3.8,1250,Business & Economics,Yes,No,
12022,6,4,F,1,0,4,1200,Business & Economics,Yes,No,
12024,7,6,M,0,0,3.5,1370,Business & Economics,Yes,No,
12032,6,5,F,0,0,3.91,1290,Business & Economics,Yes,Yes,3.67
12047,3,6,M,0,1,3.68,1250,Business & Economics,Yes,Yes,2.861
12062,7,7,F,0,1,4.15,1400,Business & Economics,Yes,No,
12076,2,3,M,0,1,3.5,1210,Business & Economics,Yes,No,
12077,7,7,F,0,0,4.04,1310,Business & Economics,Yes,No,
12107,2,5,M,0,0,3.5,1200,Business & Economics,Yes,No,
12115,2,2,M,0,1,3.76,1000,Business & Economics,Yes,Yes,2.866
12118,4,4,M,1,0,4,1350,Business & Economics,Yes,No,
12121,3,1,M,0,0,3.27,1070,Business & Economics,Yes,Yes,1.689
12155,2,3,F,0,1,3.84,1120,Business & Economics,Yes,No,
12165,5,5,F,0,0,3.5,1200,Business & Economics,Yes,No,
12180,6,4,F,1,0,3.9,1130,Business & Economics,Yes,No,
12186,7,6,M,0,1,4.15,1410,Business & Economics,Yes,No,
12212,6,7,M,1,0,3.8,1290,Business & Economics,Yes,No,
12221,7,2,F,0,1,4.27,1390,Business & Economics,Yes,No,
12225,3,3,F,1,0,3.88,1220,Business & Economics,Yes,Yes,2.667
12239,1,1,F,0,0,4.25,1090,Business & Economics,Yes,No,
12249,6,6,F,1,0,3.59,1320,Business & Economics,Yes,No,
12265,6,6,M,0,1,3.55,1380,Business & Economics,Yes,No,
12286,7,6,F,0,1,3.96,1430,Business & Economics,Yes,No,
12292,6,6,F,1,0,4.05,1310,Business & Economics,Yes,No,
12321,6,4,F,1,0,3.83,1240,Business & Economics,Yes,Yes,3.649
12347,7,7,F,1,0,4.14,1410,Business & Economics,Yes,Yes,3.738
12366,7,6,M,0,1,4.09,1380,Business & Economics,Yes,No,
12372,6,6,M,0,0,3.6,1270,Business & Economics,Yes,Yes,3.003
12386,6,6,M,0,0,3.89,1230,Business & Economics,Yes,No,
12399,7,6,M,1,0,3.82,1410,Business & Economics,Yes,No,
12429,4,4,F,1,0,3.39,1010,Business & Economics,Yes,Yes,1.863
12443,2,6,F,0,1,3.7,950,Business & Economics,Yes,Yes,2.982
12451,6,4,M,1,0,4.18,1230,Business & Economics,Yes,Yes,2.684
12457,7,7,M,1,0,3.82,1230,Business & Economics,Yes,Yes,2.685
12464,6,4,M,0,0,3.62,1200,Business & Economics,Yes,No,
12476,3,3,M,1,0,3.73,1230,Business & Economics,Yes,No,
12480,6,6,F,0,1,4,1420,Business & Economics,Yes,No,
12492,1,2,M,0,1,3.67,1120,Business & Economics,Yes,No,
12500,3,6,F,1,0,4.13,1380,Business & Economics,Yes,Yes,3.172
12514,6,6,F,0,1,3.85,950,Business & Economics,Yes,No,
12527,6,4,M,1,0,4.2,1200,Business & Economics,Yes,No,
12574,3,3,F,0,1,3.77,1270,Business & Economics,Yes,No,
12598,7,7,F,1,0,3.9,1330,Business & Economics,Yes,Yes,3.63
12606,4,4,F,1,0,3.8,1300,Business & Economics,Yes,No,
12645,4,4,F,1,0,4.17,1190,Business & Economics,Yes,No,
12646,5,6,M,1,0,3.55,1270,Business & Economics,Yes,Yes,3.137
12692,6,5,M,1,0,3.42,1490,Business & Economics,Yes,Yes,2.83
12697,6,5,F,0,1,3.68,1290,Business & Economics,Yes,Yes,2.887
12709,4,4,M,1,0,3.62,1430,Business & Economics,Yes,No,
12725,6,6,M,1,0,3.92,1460,Business & Economics,Yes,No,
12726,2,2,F,0,1,4.24,1200,Business & Economics,Yes,No,
12741,4,3,M,1,0,4.18,1320,Business & Economics,Yes,No,
12769,6,4,M,1,0,4,1260,Business & Economics,Yes,No,
12770,7,5,F,0,0,4.19,1550,Business & Economics,Yes,No,
12779,7,6,M,1,0,3.95,1460,Business & Economics,Yes,No,
12789,7,7,F,1,0,4.32,1390,Business & Economics,Yes,No,
12804,7,7,M,1,0,3.67,1190,Business & Economics,Yes,Yes,2.738
12816,3,5,M,1,0,3.92,1030,Business & Economics,Yes,Yes,3.084
12818,7,4,M,1,0,3.44,1220,Business & Economics,Yes,Yes,3.418
12819,3,3,F,1,0,3.59,1370,Business & Economics,Yes,Yes,3.298
12844,7,6,M,1,0,3.94,1450,Business & Economics,Yes,No,
12849,4,4,F,1,0,3.82,1460,Business & Economics,Yes,No,
12851,6,7,M,1,0,4.09,1280,Business & Economics,Yes,No,
12856,1,1,F,0,1,4,1390,Business & Economics,Yes,No,
12861,3,3,M,1,0,4.33,1170,Business & Economics,Yes,No,
12879,5,6,M,1,0,3.3,1370,Business & Economics,Yes,No,
12888,6,6,M,0,1,3.62,1440,Business & Economics,Yes,No,
12893,7,7,M,1,0,4.05,1270,Business & Economics,Yes,No,
12894,6,7,M,1,0,3.85,1360,Business & Economics,Yes,No,
12897,7,7,M,1,0,4.1,1460,Business & Economics,Yes,No,
12898,7,6,M,1,0,3.71,1430,Business & Economics,Yes,No,
12902,6,6,M,1,0,4,1380,Business & Economics,Yes,Yes,3.012
12909,6,6,F,1,0,4.04,1230,Business & Economics,Yes,No,
12918,6,7,F,1,0,4,1300,Business & Economics,Yes,No,
12919,3,4,F,1,0,4.08,1170,Business & Economics,Yes,No,
12937,6,6,F,0,0,3.84,1200,Business & Economics,Yes,No,
12940,7,7,M,0,1,3.39,1320,Business & Economics,Yes,Yes,2.399
12944,7,5,M,1,0,3.23,1150,Business & Economics,Yes,Yes,2.608
12959,4,3,M,0,0,3.95,1370,Business & Economics,Yes,No,
12971,6,7,M,1,0,4.3,1170,Business & Economics,Yes,Yes,1.65
12972,6,4,F,1,0,4.08,1270,Business & Economics,Yes,No,
12975,6,6,F,1,0,4.2,1210,Business & Economics,Yes,No,
12991,5,3,M,0,1,3.82,1340,Business & Economics,Yes,No,
12993,6,7,F,1,0,4.3,1260,Business & Economics,Yes,No,
12998,3,3,F,0,1,4.21,1330,Business & Economics,Yes,No,
13007,5,5,F,1,0,4,1340,Business & Economics,Yes,Yes,3.171
13011,6,6,M,1,0,3.91,1210,Business & Economics,Yes,No,
13016,6,2,M,1,0,3.52,1070,Business & Economics,Yes,Yes,2.682
13018,4,4,F,1,0,3.21,1250,Business & Economics,Yes,Yes,3.139
13027,6,6,F,0,0,4.21,1270,Business & Economics,Yes,No,
13036,6,4,F,1,0,4.15,1260,Business & Economics,Yes,No,
13041,6,6,F,0,1,3.71,1390,Business & Economics,Yes,No,
13048,7,7,F,1,0,4.05,1410,Business & Economics,Yes,No,
13051,7,6,F,1,0,4.31,1280,Business & Economics,Yes,No,
13057,6,4,F,1,0,4,1290,Business & Economics,Yes,No,
13058,6,7,M,1,0,3.91,1270,Business & Economics,Yes,Yes,2.774
13075,6,5,F,0,1,3.86,1170,Business & Economics,Yes,No,
13081,6,4,F,1,0,4.14,1370,Business & Economics,Yes,No,
13129,7,7,M,0,1,4.13,1590,Business & Economics,Yes,No,
13172,1,1,M,0,1,3.85,1270,Business & Economics,Yes,No,
13178,7,6,M,1,0,3.42,1450,Business & Economics,Yes,Yes,3.056
13200,7,6,M,1,0,4.05,1440,Business & Economics,Yes,No,
13223,4,7,M,1,0,3.43,1220,Business & Economics,Yes,Yes,3.141
13232,3,3,F,1,0,4,1150,Business & Economics,Yes,No,
13233,4,3,F,0,0,4.14,1250,Business & Economics,Yes,No,
13235,5,4,M,1,0,3.92,1460,Business & Economics,Yes,No,
13236,2,3,F,0,1,3.96,1250,Business & Economics,Yes,No,
13253,4,6,F,1,0,3.92,1120,Business & Economics,Yes,Yes,2.942
13257,7,6,F,1,0,4.04,1270,Business & Economics,Yes,Yes,2.94
13288,7,6,M,0,1,4.05,1530,Business & Economics,Yes,No,
13292,6,2,M,0,0,3.64,1220,Business & Economics,Yes,Yes,3.063
13297,6,6,M,1,0,3.38,1140,Business & Economics,Yes,No,
13299,3,4,F,1,0,4.09,1340,Business & Economics,Yes,Yes,3.365
13302,6,7,F,0,0,3.7,1530,Business & Economics,Yes,No,
13307,7,7,M,1,0,4,1400,Business & Economics,Yes,No,
13308,6,6,M,1,0,4.03,1250,Business & Economics,Yes,No,
13310,6,6,M,0,1,3.71,1500,Business & Economics,Yes,No,
13316,4,6,F,1,0,3.73,1300,Business & Economics,Yes,No,
13320,6,4,M,0,0,3.83,1240,Business & Economics,Yes,No,
13321,6,7,M,1,0,3.79,1350,Business & Economics,Yes,No,
13324,6,6,F,1,0,4.14,1460,Business & Economics,Yes,No,
13325,7,7,F,0,1,3.88,1440,Business & Economics,Yes,No,
13330,6,6,F,1,0,4.36,1540,Business & Economics,Yes,No,
13336,7,6,M,1,0,3.59,1270,Business & Economics,Yes,No,
13337,4,1,F,0,1,4.12,1330,Business & Economics,Yes,No,
13338,6,6,M,1,0,3.59,1490,Business & Economics,Yes,No,
13341,5,4,M,1,0,3.65,1360,Business & Economics,Yes,No,
13349,4,4,F,1,0,3.35,1210,Business & Economics,Yes,Yes,2.532
13358,7,7,M,1,0,3.86,1110,Business & Economics,Yes,Yes,2.992
13383,6,6,M,1,0,4.32,1540,Business & Economics,Yes,No,
13403,7,7,F,0,1,3.46,1410,Business & Economics,Yes,Yes,3.085
13409,7,7,M,1,0,3.95,1340,Business & Economics,Yes,Yes,3.727
13431,6,3,M,1,0,4,1310,Business & Economics,Yes,Yes,3.586
13443,6,6,F,1,0,4.23,1170,Business & Economics,Yes,No,
13446,6,6,M,0,0,3.45,1440,Business & Economics,Yes,No,
13450,7,6,M,0,0,3.67,1230,Business & Economics,Yes,No,
13464,6,7,F,0,1,4.31,1390,Business & Economics,Yes,No,
13467,6,6,F,1,0,3.58,1210,Business & Economics,Yes,Yes,3.133
13482,7,7,F,1,0,4,1290,Business & Economics,Yes,No,
13495,7,7,F,0,1,3.65,1380,Business & Economics,Yes,No,
13512,6,6,F,0,1,4.14,1320,Business & Economics,Yes,No,
13514,6,3,M,1,0,3.86,1350,Business & Economics,Yes,No,
13519,5,4,F,0,1,3.41,1250,Business & Economics,Yes,Yes,3.234
13530,5,7,M,0,0,3.79,1330,Business & Economics,Yes,Yes,2.781
13533,6,3,F,0,1,4.09,1200,Business & Economics,Yes,No,
13534,3,6,F,1,0,4.15,1330,Business & Economics,Yes,No,
13543,7,6,F,1,0,4.09,1300,Business & Economics,Yes,No,
13597,6,6,M,0,1,4.09,1490,Business & Economics,Yes,No,
13600,1,1,M,0,0,3.39,1110,Business & Economics,Yes,No,
13601,7,6,M,0,0,4.05,1330,Business & Economics,Yes,No,
13602,7,7,M,1,0,3.75,1210,Business & Economics,Yes,No,
13609,7,7,M,1,0,4.14,1440,Business & Economics,Yes,No,
13610,1,1,F,0,0,3.67,1170,Business & Economics,Yes,No,
13612,3,7,F,0,1,3.68,1310,Business & Economics,Yes,Yes,3.21
13613,4,4,F,0,0,4.2,1180,Business & Economics,Yes,No,
13615,6,6,F,0,1,3.85,1320,Business & Economics,Yes,No,
13616,1,1,M,0,1,3.27,1260,Business & Economics,Yes,No,
13618,7,7,F,0,1,3.75,1540,Business & Economics,Yes,No,
13626,2,1,M,0,1,3.79,1300,Business & Economics,Yes,No,
13628,4,4,F,1,0,4.05,1380,Business & Economics,Yes,Yes,3.057
13637,6,7,M,1,0,3.9,1290,Business & Economics,Yes,No,
13650,6,3,M,1,0,4.1,1350,Business & Economics,Yes,No,
13655,6,6,F,0,0,4.09,1330,Business & Economics,Yes,No,
13704,6,6,M,1,0,4.17,1320,Business & Economics,Yes,No,
13751,4,4,F,0,0,4,1190,Business & Economics,Yes,No,
13761,7,7,M,0,0,3.62,1260,Business & Economics,Yes,No,
13774,7,6,M,1,0,3.77,1280,Business & Economics,Yes,No,
13778,6,6,M,0,0,3.91,1210,Business & Economics,Yes,No,
13788,7,7,F,0,1,4.3,1410,Business & Economics,Yes,Yes,3.872
13791,4,4,F,1,0,4.3,1140,Business & Economics,Yes,No,
13836,6,6,M,1,0,3.86,1330,Business & Economics,Yes,No,
13858,1,3,F,0,1,3.72,1280,Business & Economics,Yes,No,
13878,7,6,M,0,1,3.92,1400,Business & Economics,Yes,No,
13896,3,3,M,0,0,3.58,1320,Business & Economics,Yes,No,
13916,7,7,M,0,1,4.09,1200,Business & Economics,Yes,No,
13920,6,6,M,0,1,3.67,1350,Business & Economics,Yes,Yes,2.898
13923,2,2,F,0,0,3.59,1100,Business & Economics,Yes,No,
13981,6,4,F,0,0,4.16,1340,Business & Economics,Yes,Yes,3.833
13992,5,3,M,0,1,4,1470,Business & Economics,Yes,No,
14002,7,7,M,0,1,3.47,1320,Business & Economics,Yes,No,
14037,4,4,M,0,1,3.82,1440,Business & Economics,Yes,Yes,3.28
14044,7,6,F,1,0,3.95,1150,Business & Economics,Yes,No,
14131,7,6,M,1,0,3.93,1110,Business & Economics,Yes,No,
14193,7,6,M,1,0,4.05,1540,Business & Economics,Yes,No,
14205,2,4,F,1,0,3.68,1180,Business & Economics,Yes,No,
14225,3,1,M,0,0,3.73,1300,Business & Economics,Yes,No,
14253,3,6,F,1,0,4,1230,Business & Economics,Yes,No,
14254,7,7,F,0,1,4.04,1070,Business & Economics,Yes,No,
14287,6,4,F,1,0,3.83,1070,Business & Economics,Yes,Yes,2.736
14311,6,6,M,0,0,3.5,1190,Business & Economics,Yes,No,
14340,3,4,F,0,1,3.54,1260,Business & Economics,Yes,No,
14341,1,1,F,0,1,4.18,1180,Business & Economics,Yes,No,
14356,6,6,M,0,0,3.59,1470,Business & Economics,Yes,Yes,2.844
14366,7,6,F,1,0,4.24,1240,Business & Economics,Yes,No,
14371,3,3,M,1,0,3.64,1260,Business & Economics,Yes,Yes,2.051
14373,6,6,M,1,0,4.17,1370,Business & Economics,Yes,No,
14377,1,1,F,0,0,4.15,1250,Business & Economics,Yes,No,
14383,3,6,F,1,0,4.05,1330,Business & Economics,Yes,No,
14403,2,3,M,0,1,3.86,1160,Business & Economics,Yes,Yes,3.122
14432,6,6,M,1,0,3.5,1180,Business & Economics,Yes,No,
14441,7,7,M,1,0,4.36,1350,Business & Economics,Yes,No,
14449,3,3,M,0,1,3.29,1280,Business & Economics,Yes,No,
14466,7,7,F,1,0,3.67,1250,Business & Economics,Yes,No,
14471,7,7,F,1,0,3.9,1330,Business & Economics,Yes,No,
14479,3,3,F,0,1,3.96,1380,Business & Economics,Yes,No,
14521,2,2,M,0,1,3.96,1430,Business & Economics,Yes,Yes,2.192
14529,4,4,F,0,1,3.58,1420,Business & Economics,Yes,No,
14585,7,6,M,1,0,3.77,1170,Business & Economics,Yes,No,
14589,4,6,F,0,1,3.62,1210,Business & Economics,Yes,No,
14592,7,6,M,0,0,4.12,1390,Business & Economics,Yes,No,
14598,2,2,M,0,1,4,1180,Business & Economics,Yes,No,
14611,7,7,M,0,0,3.62,1240,Business & Economics,Yes,No,
14612,1,2,F,0,0,3.59,850,Business & Economics,Yes,No,
14618,3,4,F,0,0,3.95,980,Business & Economics,Yes,No,
14624,4,3,F,1,0,4.17,1120,Business & Economics,Yes,No,
14627,6,2,F,1,0,3.96,1330,Business & Economics,Yes,Yes,3.329
14645,2,2,M,0,1,3.75,1120,Business & Economics,Yes,No,
14660,6,6,M,0,0,3.75,1250,Business & Economics,Yes,No,
14668,4,6,M,0,0,3.68,1140,Business & Economics,Yes,No,
14670,6,6,M,1,0,4.11,1410,Business & Economics,Yes,No,
14677,6,6,M,0,1,3.91,1370,Business & Economics,Yes,No,
14680,6,6,M,0,1,3.86,1280,Business & Economics,Yes,No,
14681,6,6,M,0,1,3.88,1310,Business & Economics,Yes,No,
14688,1,1,F,0,0,4.05,1300,Business & Economics,Yes,No,
14711,6,6,M,0,1,3.68,1300,Business & Economics,Yes,Yes,2.957
14735,5,7,M,0,0,3.45,1170,Business & Economics,Yes,No,
14737,6,7,M,0,0,4.3,1320,Business & Economics,Yes,No,
14742,2,3,M,0,0,4.17,1280,Business & Economics,Yes,No,
14745,4,6,F,1,0,4.1,1210,Business & Economics,Yes,No,
14781,6,5,F,0,1,4.25,1230,Business & Economics,Yes,No,
14829,6,6,M,1,0,3.8,1230,Business & Economics,Yes,Yes,3.22
14835,6,5,F,0,0,4.35,1310,Business & Economics,Yes,No,
14842,7,7,F,1,0,4.11,1330,Business & Economics,Yes,No,
14843,2,2,F,0,0,3.55,1210,Business & Economics,Yes,No,
14846,6,3,F,0,0,4.1,1080,Business & Economics,Yes,No,
14847,7,3,M,0,0,3.39,1200,Business & Economics,Yes,Yes,1.844
14848,1,1,M,0,1,4.17,1190,Business & Economics,Yes,No,
14859,7,7,F,0,1,3.83,1190,Business & Economics,Yes,No,
14860,7,7,M,0,1,3.95,1430,Business & Economics,Yes,No,
14869,7,6,F,1,0,3.88,1380,Business & Economics,Yes,No,
14894,7,7,M,1,0,3.5,1120,Business & Economics,Yes,No,
14906,1,1,F,0,0,4.36,1070,Business & Economics,Yes,No,
14954,4,6,M,1,0,3.9,1270,Business & Economics,Yes,No,
14965,7,7,M,0,1,3.75,1500,Business & Economics,Yes,No,
14971,5,6,M,1,0,4.32,1450,Business & Economics,Yes,No,
14982,6,6,M,1,0,3.6,1020,Business & Economics,Yes,Yes,1.678
15008,3,4,F,1,0,3.91,1130,Business & Economics,Yes,No,
15018,7,6,M,1,0,4.15,1340,Business & Economics,Yes,No,
15033,3,5,F,0,0,3.45,1090,Business & Economics,Yes,No,
15035,7,3,M,1,0,4,1220,Business & Economics,Yes,No,
15042,7,6,M,1,0,3.77,1120,Business & Economics,Yes,No,
15055,4,2,M,0,1,3.45,1290,Business & Economics,Yes,No,
15059,6,6,F,1,0,3.71,1270,Business & Economics,Yes,Yes,3.476
15071,1,1,F,0,0,4.15,790,Business & Economics,Yes,No,
15084,4,5,F,1,0,3.57,1150,Business & Economics,Yes,No,
15121,6,4,M,1,0,3.83,1220,Business & Economics,Yes,Yes,1.182
15168,6,6,M,1,0,4,1380,Business & Economics,Yes,No,
15175,1,1,F,0,1,3.54,1000,Business & Economics,Yes,No,
15181,6,6,F,1,0,3.59,1450,Business & Economics,Yes,No,
15193,3,3,F,0,0,3.5,1350,Business & Economics,Yes,No,
15219,6,6,F,1,0,4.3,1450,Business & Economics,Yes,Yes,3.6
15223,6,6,F,0,1,3.45,1180,Business & Economics,Yes,No,
15241,7,5,M,0,1,2.88,1230,Business & Economics,Yes,No,
15253,2,4,M,0,1,3.65,1320,Business & Economics,Yes,No,
15256,5,6,M,0,1,3.82,1330,Business & Economics,Yes,Yes,3.237
15271,4,3,M,1,0,4.26,1300,Business & Economics,Yes,Yes,3.912
15273,7,7,M,1,0,3.32,1490,Business & Economics,Yes,No,
15290,7,4,M,0,0,3.5,1190,Business & Economics,Yes,Yes,2.466
15293,1,1,F,0,0,4.36,1060,Business & Economics,Yes,No,
15300,3,5,M,0,1,3.86,1290,Business & Economics,Yes,No,
15306,7,7,M,1,0,3.74,1270,Business & Economics,Yes,Yes,2.72
15316,6,6,M,1,0,3.22,1200,Business & Economics,Yes,No,
15326,3,5,M,1,0,4.4,1250,Business & Economics,Yes,No,
15360,6,7,F,0,1,3.42,1540,Business & Economics,Yes,No,
15367,7,7,F,0,1,3.68,1170,Business & Economics,Yes,No,
15384,1,1,M,0,1,3.45,1160,Business & Economics,Yes,Yes,2.212
15396,6,3,M,1,0,3.88,1030,Business & Economics,Yes,No,
15398,2,2,M,0,1,3.38,1120,Business & Economics,Yes,No,
15423,1,1,F,0,1,3.87,1170,Business & Economics,Yes,Yes,2.725
15424,4,6,M,0,0,4.25,1300,Business & Economics,Yes,No,
15463,3,4,F,1,0,3.62,980,Business & Economics,Yes,Yes,1.941
15476,6,6,M,0,1,3.56,1350,Business & Economics,Yes,Yes,2.784
15482,3,2,M,0,0,3.4,1210,Business & Economics,Yes,No,
15488,6,3,F,1,0,4.31,1390,Business & Economics,Yes,No,
15493,7,4,M,1,0,3.46,1210,Business & Economics,Yes,No,
15519,7,6,M,1,0,3.86,1230,Business & Economics,Yes,Yes,3.748
15524,3,4,F,0,1,4.17,1330,Business & Economics,Yes,No,
15561,3,3,F,0,0,4.08,1100,Business & Economics,Yes,Yes,2.977
15575,3,3,M,1,0,4.05,1370,Business & Economics,Yes,No,
15578,6,6,M,1,0,3.86,1180,Business & Economics,Yes,No,
15581,6,6,M,1,0,3.77,1200,Business & Economics,Yes,Yes,2.806
15590,6,4,M,1,0,3.95,1370,Business & Economics,Yes,Yes,2.472
15601,7,2,F,0,1,3.91,1380,Business & Economics,Yes,No,
15612,3,3,M,1,0,4.05,1390,Business & Economics,Yes,No,
15613,6,6,M,1,0,4.04,1440,Business & Economics,Yes,No,
15666,6,3,M,1,0,4.05,1410,Business & Economics,Yes,No,
15671,6,6,M,0,0,3.5,1120,Business & Economics,Yes,Yes,2.108
15686,6,5,M,0,0,4.12,1070,Business & Economics,Yes,No,
15687,7,7,M,0,0,3.8,1340,Business & Economics,Yes,No,
15691,5,6,M,0,0,4,1280,Business & Economics,Yes,No,
15704,4,4,M,1,0,3.56,1310,Business & Economics,Yes,No,
15722,3,3,F,0,1,3.81,1230,Business & Economics,Yes,No,
15748,5,6,F,0,1,4.4,1300,Business & Economics,Yes,No,
15761,6,6,F,1,0,3.88,1190,Business & Economics,Yes,Yes,3.094
15771,7,6,M,0,0,3.45,1270,Business & Economics,Yes,Yes,2.649
15789,7,5,M,0,1,4.09,1420,Business & Economics,Yes,No,
15823,7,6,F,1,0,3.95,1310,Business & Economics,Yes,No,
15825,2,4,M,1,0,3.81,1340,Business & Economics,Yes,Yes,3.074
15876,6,7,M,0,0,3.95,1230,Business & Economics,Yes,No,
15881,3,3,F,0,0,3.65,1320,Business & Economics,Yes,No,
15902,7,4,M,1,0,3.79,1400,Business & Economics,Yes,No,
15903,6,5,F,0,1,3.96,1370,Business & Economics,Yes,Yes,3.555
15914,7,7,M,1,0,4,1120,Business & Economics,Yes,Yes,2.647
15926,2,4,F,0,0,3.86,900,Business & Economics,Yes,Yes,2.802
15927,1,1,F,0,0,4.2,1200,Business & Economics,Yes,No,
15932,6,4,M,1,0,3.78,1240,Business & Economics,Yes,Yes,2.981
15961,7,6,M,1,0,4.2,1300,Business & Economics,Yes,No,
15972,4,4,M,0,0,3.85,1110,Business & Economics,Yes,No,
15974,7,4,M,1,0,4.25,1180,Business & Economics,Yes,Yes,3.195
15993,3,1,F,0,0,4.14,1230,Business & Economics,Yes,No,
16007,3,3,F,0,0,3.93,1250,Business & Economics,Yes,No,
16024,7,6,F,0,1,3.88,1370,Business & Economics,Yes,No,
16055,1,1,M,0,0,3.85,1290,Business & Economics,Yes,No,
16074,1,1,M,0,0,3.9,1200,Business & Economics,Yes,No,
16082,6,6,M,0,1,3.6,1060,Business & Economics,Yes,No,
16087,6,6,F,1,0,3.67,1400,Business & Economics,Yes,No,
16109,7,7,M,0,0,4.3,1310,Business & Economics,Yes,No,
16110,7,4,M,0,0,3.95,1500,Business & Economics,Yes,No,
16139,1,1,M,0,1,3.55,1220,Business & Economics,Yes,Yes,2.045
16155,7,6,M,1,0,3.73,1380,Business & Economics,Yes,No,
16162,7,7,F,0,1,3.8,1490,Business & Economics,Yes,No,
16164,2,1,M,0,1,3.67,1130,Business & Economics,Yes,No,
16170,3,7,M,1,0,3.74,1420,Business & Economics,Yes,No,
16173,6,3,M,1,0,4,1550,Business & Economics,Yes,Yes,3.46
16180,1,1,M,0,1,3.68,1230,Business & Economics,Yes,No,
16200,7,5,F,1,0,3.97,1400,Business & Economics,Yes,Yes,3.704
16222,7,5,F,0,0,3.4,1070,Business & Economics,Yes,No,
16261,7,6,F,0,1,3.95,1390,Business & Economics,Yes,No,
16273,7,7,M,1,0,3.92,1470,Business & Economics,Yes,No,
16321,6,5,M,1,0,3.92,1350,Business & Economics,Yes,Yes,3.336
16368,7,7,F,1,0,3.71,1280,Business & Economics,Yes,No,
16378,5,3,M,1,0,3.83,1430,Business & Economics,Yes,Yes,3.096
16425,3,4,F,0,0,3.74,1210,Business & Economics,Yes,No,
16429,2,2,M,0,0,4.27,1080,Business & Economics,Yes,No,
16462,4,1,F,0,0,3.83,1060,Business & Economics,Yes,Yes,2.728
16499,1,1,F,1,0,4.33,1280,Business & Economics,Yes,No,
16573,2,2,F,0,0,3.67,1070,Business & Economics,Yes,Yes,2.699
16581,3,3,M,0,0,3.55,1300,Business & Economics,Yes,No,
16621,1,1,F,0,1,3.57,1170,Business & Economics,Yes,Yes,1.515
16643,1,1,F,0,1,4.18,1070,Business & Economics,Yes,No,
16662,6,4,M,1,0,3.95,1150,Business & Economics,Yes,Yes,3.366
16671,3,4,M,0,0,3.8,1180,Business & Economics,Yes,No,
16673,7,6,M,0,1,3.04,1270,Business & Economics,Yes,No,
16702,7,6,M,0,0,3.66,1370,Business & Economics,Yes,No,
16710,3,6,F,1,0,4,1180,Business & Economics,Yes,No,
16714,6,6,F,0,0,3.82,1270,Business & Economics,Yes,Yes,3.245
16739,5,6,M,1,0,3.73,1290,Business & Economics,Yes,Yes,2.872
16745,3,3,F,1,0,4.1,1250,Business & Economics,Yes,No,
16746,3,1,F,0,1,4.22,1240,Business & Economics,Yes,No,
16759,4,3,M,0,1,3.5,1160,Business & Economics,Yes,Yes,2.859
16810,4,3,F,0,1,3.54,1340,Business & Economics,Yes,Yes,3.172
16835,7,7,F,0,1,3.88,1350,Business & Economics,Yes,No,
16855,6,3,M,0,0,3.94,1210,Business & Economics,Yes,Yes,3.568
16856,5,6,F,1,0,3.81,1520,Business & Economics,Yes,No,
16883,6,5,M,0,1,4,1310,Business & Economics,Yes,No,
16970,7,6,M,1,0,3.18,1230,Business & Economics,Yes,No,
16979,6,6,M,0,1,4.04,1340,Business & Economics,Yes,No,
16984,7,6,M,1,0,4.27,1500,Business & Economics,Yes,No,
17044,7,6,M,1,0,3.86,1340,Business & Economics,Yes,No,
17051,6,4,M,0,1,3.65,1360,Business & Economics,Yes,No,
17057,7,6,M,0,1,3.78,1320,Business & Economics,Yes,No,
17060,7,4,F,1,0,4.18,1410,Business & Economics,Yes,No,
17101,6,3,M,0,1,3.82,1390,Business & Economics,Yes,No,
17150,4,5,M,1,0,3.25,1390,Business & Economics,Yes,No,
17157,6,7,F,1,0,3.69,1350,Business & Economics,Yes,No,
17172,6,6,M,1,0,4.08,1400,Business & Economics,Yes,No,
17218,7,5,F,1,0,4.05,1160,Business & Economics,Yes,No,
17231,7,6,M,0,1,3.75,1170,Business & Economics,Yes,Yes,3.065
17235,6,2,M,0,0,3.77,1330,Business & Economics,Yes,No,
17238,1,1,F,0,0,3.88,870,Business & Economics,Yes,No,
17270,2,4,M,1,0,4,1180,Business & Economics,Yes,No,
17272,7,6,F,0,1,4.05,1430,Business & Economics,Yes,No,
17286,4,4,M,1,0,3.68,1410,Business & Economics,Yes,No,
17321,6,7,F,0,1,3.65,1230,Business & Economics,Yes,No,
17323,6,6,M,1,0,4.23,1350,Business & Economics,Yes,No,
17324,3,3,F,0,0,3.9,1190,Business & Economics,Yes,No,
17325,1,1,M,0,0,4.04,910,Business & Economics,Yes,No,
17330,4,4,M,0,0,3.28,1090,Business & Economics,Yes,Yes,2.552
17333,7,4,M,1,0,3.04,1130,Business & Economics,Yes,Yes,3.296
17337,6,6,M,1,0,3.32,1240,Business & Economics,Yes,No,
17338,7,6,M,1,0,3.05,1130,Business & Economics,Yes,Yes,2.939
