Transaction,Price,sqft,beds,baths,year_built,Type
1,300000,1627,3,2,1950,Single
2,300000,1120,2,2,2003,Condo
3,300000,1024,3,2,1966,Condo
4,300000,1345,3,2,1971,Single
5,300000,1855,3,2,1955,Single
6,300000,1962,3,2,2005,Single
7,300000,1310,3,2,1998,Single
8,300000,1876,3,2,1951,Single
9,300000,2139,3,3,2017,Single
10,300000,1167,3,2,1957,Single
11,300000,1812,3,2,2026,Single
12,300000,1250,4,2,1964,Single
13,300000,1664,3,2,1994,Single
14,300000,1810,4,2,1989,Single
15,300000,1445,2,2,1982,Single
16,300000,1941,4,3,2024,Single
17,300000,1749,3,2,1979,Single
18,300000,1140,3,2,1959,Single
19,300000,1200,2,2,1980,Condo
20,300000,1678,3,2,2023,Single
21,300000,1072,3,2,2019,Single
22,300000,1508,4,2,1984,Single
23,300000,1577,3,3,2006,Single
24,300000,1348,3,2,1977,Single
25,300000,1304,4,2,2001,Single
26,300000,1225,3,1,1980,Single
27,300000,1741,3,2,1988,Single
28,300000,1518,3,2,2021,Single
29,300000,1700,3,2,1950,Single
30,300000,1575,3,2,2025,Single
31,300000,1389,3,2,2021,Single
32,300000,1488,3,2,2003,Single
33,300000,920,2,2,1980,Single
34,300000,1934,3,3,1989,Single
35,300000,1723,3,2,1988,Single
36,300000,828,3,2,1961,Single
37,300000,1258,3,2,1999,Single
38,300000,1389,3,3,1953,Single
39,300000,1969,4,3,1973,Single
40,300000,1202,2,2,1997,Condo
41,300000,2098,3,2,1983,Single
42,300000,1653,2,2,1983,Condo
43,300000,2274,4,3,2002,Single
44,300000,1175,3,2,1999,Single
45,300000,1498,3,2,1974,Single
46,300000,2437,2,2,2023,Single
47,300000,1675,3,2,2006,Single
48,300000,1828,4,2,2025,Single
49,300000,1477,2,2,1982,Condo
50,300000,1840,4,2,2026,Single
51,300000,918,2,1,1973,Single
52,300000,1225,3,2,1990,Single
53,300000,912,2,2,1963,Condo
54,300000,1390,3,2,1971,Condo
55,300000,1574,3,2,2024,Single
56,300000,1672,4,2,2025,Single
57,300000,1209,3,2,1969,Single
58,300000,1058,3,1,1959,Single
59,300000,1690,4,2,2015,Single
60,300000,1722,3,2,2013,Single
61,300000,1333,2,2,1997,Condo
62,300000,1485,3,2,1982,Single
63,300000,810,2,2,1994,Condo
64,300000,2004,3,3,1991,Condo
65,300000,2260,3,2,1988,Single
66,300000,1672,3,2,2025,Single
67,300000,1848,4,2,1995,Single
68,300000,1354,2,2,1992,Condo
69,300000,1638,4,2,2026,Single
70,300000,1220,2,2,1966,Single
71,300000,2154,3,2,1989,Single
72,300000,1868,4,2,2005,Single
73,300000,1551,3,2,1962,Single
74,300000,1734,2,2,1986,Single
75,300000,1971,4,3,2009,Single
76,300000,1185,2,2,1993,Condo
77,300000,1200,2,3,2007,Single
78,300000,1292,3,1,1975,Single
79,300990,1672,3,2,2025,Single
80,301000,2035,3,2,2006,Single
81,301500,1688,3,2,2016,Single
82,301990,1607,4,2,2025,Single
83,301990,1828,4,2,2025,Single
84,302000,1068,2,2,1949,Single
85,302000,1631,3,2,2025,Single
86,302000,1632,3,2,2020,Single
87,302000,1671,3,2,2006,Single
88,302000,1559,3,2,1989,Single
89,302400,2016,3,2,2005,Single
90,302500,1700,3,2,2002,Single
91,303000,1245,2,2,1991,Condo
92,303000,1799,4,2,2026,Single
93,303000,1475,3,2,2025,Single
94,303000,2308,4,3,2002,Single
95,303150,1512,3,2,2024,Single
96,303300,1810,4,2,2026,Single
97,303870,1608,2,2,2026,Single
98,303990,1828,4,2,2025,Single
99,303990,1566,3,3,2025,Single
100,304000,1599,2,2,2000,Condo
101,304000,2451,5,3,2026,Single
102,304296,1650,4,2,2026,Single
103,304400,1852,3,3,2017,Single
104,304490,1665,4,2,2025,Single
105,304500,1698,3,2,2005,Single
106,304707,1425,3,2,2025,Single
107,304800,1810,4,2,2025,Single
108,304900,1697,3,2,2025,Single
109,304900,1631,3,2,2026,Single
110,304900,2022,3,2,1995,Single
111,304900,1872,3,2,2006,Single
112,304990,1828,4,2,2025,Single
113,304990,1828,4,2,2025,Single
114,305000,1069,3,1,1965,Single
115,305000,1130,2,1,1963,Single
116,305000,1820,4,2,2024,Single
117,305000,1684,3,2,2003,Single
118,305000,1809,3,2,1989,Single
119,305000,912,3,2,1976,Single
120,305000,1800,2,2,1987,Single
121,305000,1616,3,2,2005,Single
122,305000,1473,3,2,2001,Single
123,305000,1391,2,2,1967,Single
124,305000,1328,2,2,1980,Single
125,305000,1415,2,2,2000,Condo
126,305000,1990,3,2,2016,Single
127,305000,1781,3,2,2006,Single
128,305000,1493,2,2,2013,Single
129,305000,907,2,2,2007,Condo
130,305000,1899,4,2,2001,Single
131,305000,1630,3,2,2025,Single
132,305000,1433,2,2,2009,Single
133,305000,1531,3,2,2004,Single
134,305000,1031,2,1,1957,Single
135,305000,1298,2,3,2002,Condo
136,305000,1676,3,2,2017,Single
137,305000,1553,3,2,2002,Single
138,305000,1211,2,2,1980,Single
139,305000,1504,3,2,1987,Single
140,305000,1164,2,2,1984,Condo
141,305000,1250,2,2,1976,Condo
142,305000,1844,4,2,2021,Single
143,305000,1810,3,2,2000,Single
144,305000,2447,5,3,2024,Single
145,305000,937,2,2,1988,Condo
146,305000,1557,2,2,2021,Single
147,305000,1454,4,2,1967,Single
148,305000,1339,2,2,2001,Condo
149,305000,1500,2,2,1991,Condo
150,305000,1575,2,2,1991,Single
151,305000,760,1,1,2005,Condo
152,305000,844,2,1,1955,Single
153,305000,1222,2,2,1975,Condo
154,305000,1622,3,2,2026,Single
155,305000,1567,3,2,1978,Single
156,305046,2202,4,3,2025,Single
157,305366,2200,4,3,2024,Single
158,305400,1840,4,2,2025,Single
159,305500,1434,2,2,1969,Single
160,305990,2447,5,3,2025,Single
161,306000,1425,3,2,2024,Single
162,306000,1828,4,2,2026,Single
163,306000,1548,3,2,2015,Single
164,306490,2229,4,3,2025,Single
165,306564,1504,3,2,2026,Single
166,306990,1828,4,2,2025,Single
167,306990,1646,3,2,2026,Single
168,306997,1530,3,2,2025,Single
169,307000,1631,3,2,2026,Single
170,307000,1502,3,2,1977,Single
171,307000,1216,2,2,1979,Condo
172,307000,1106,3,2,1992,Single
173,307000,1533,2,2,1994,Condo
174,307000,1512,3,2,2019,Single
175,307250,1317,3,2,1989,Single
176,307400,1862,4,2,2024,Single
177,307490,2112,5,3,2026,Single
178,307500,800,1,1,1989,Condo
179,307500,2433,3,2,1985,Single
180,307500,1894,3,2,2008,Single
181,307990,1828,4,2,2025,Single
182,307990,2228,4,2,2026,Single
183,307990,1646,3,2,2026,Single
184,307990,1774,4,2,2025,Single
185,308000,1183,3,2,1993,Single
186,308000,1858,3,2,2006,Single
187,308000,1367,3,2,2000,Single
188,308000,1414,2,2,1989,Condo
189,308000,1680,3,2,1973,Single
190,308000,1109,2,2,1972,Single
191,308000,1206,3,2,2025,Single
192,308500,1194,2,2,2006,Condo
193,308500,1727,3,3,2005,Single
194,309000,1700,3,2,1975,Single
195,309000,1040,2,3,1959,Single
196,309000,1580,3,2,1981,Single
197,309000,1176,3,2,1968,Single
198,309000,1672,3,2,2025,Single
199,309000,1158,2,2,2006,Single
200,309000,1515,3,2,2006,Condo
201,309000,1307,3,2,2026,Single
202,309000,1585,3,2,2002,Single
203,309500,1564,3,2,2026,Single
204,309876,1990,4,3,2025,Single
205,309888,2277,5,3,2026,Single
206,309899,1710,4,2,2025,Single
207,309900,1535,3,2,2026,Single
208,309900,1856,4,2,2026,Single
209,309900,1351,4,2,1990,Single
210,309900,1787,3,2,1995,Single
211,309900,1722,4,3,2026,Single
212,309900,1936,3,2,2025,Single
213,309959,1366,3,2,2026,Single
214,309985,1484,3,2,2025,Single
215,309990,1564,3,2,2026,Single
216,309990,1672,4,2,2025,Single
217,309990,1938,4,2,2025,Single
218,310000,1833,4,2,2022,Single
219,310000,1477,2,2,1998,Condo
220,310000,1275,2,2,1971,Condo
221,310000,1527,3,2,1997,Single
222,310000,1876,4,2,2018,Single
223,310000,988,2,2,1979,Condo
224,310000,1827,4,3,2025,Single
225,310000,1625,3,2,1992,Single
226,310000,1470,2,2,1987,Single
227,310000,534,0,1,1970,Condo
228,310000,1812,4,2,2023,Single
229,310000,1612,3,2,1965,Single
230,310000,1545,3,2,1989,Single
231,310000,1875,4,3,2017,Single
232,310000,704,1,1,2008,Condo
233,310000,2050,4,3,2007,Single
234,310000,2171,3,2,2026,Single
235,310000,1921,3,3,1998,Condo
236,310000,2000,3,2,1996,Single
237,310000,1715,3,2,2003,Single
238,310000,1174,3,2,1972,Single
239,310000,1452,3,3,2025,Single
240,310000,1056,3,2,1961,Single
241,310000,2648,3,3,1981,Single
242,310000,1697,3,2,2026,Single
243,310000,1728,4,3,1960,Single
244,310000,1868,4,2,2003,Single
245,310000,1834,3,2,1988,Single
246,310000,1090,2,2,1973,Single
247,310000,1489,3,2,2008,Single
248,310000,1169,3,2,1991,Single
249,310000,1836,4,2,2020,Single
250,310000,1164,2,2,1973,Single
251,310000,1304,4,2,1940,Single
252,310000,1672,3,2,2025,Single
253,310000,1552,3,2,2025,Single
254,310000,1828,4,2,2026,Single
255,310000,1922,2,2,1985,Single
256,310000,1393,3,2,2002,Single
257,310000,3081,5,5,2014,Single
258,310000,1483,3,2,2023,Single
259,310000,1925,4,3,1971,Single
260,310000,1609,3,3,1979,Single
261,310000,1726,3,2,2010,Single
262,310000,1264,2,2,1986,Single
263,310000,1208,3,2,2004,Single
264,310000,1185,2,2,2006,Condo
265,310000,1564,3,2,2026,Single
266,310000,1924,3,2,1999,Single
267,310000,950,3,1,1972,Single
268,310000,2047,3,3,1993,Single
269,310000,1440,2,2,1996,Single
270,310000,1200,3,2,1955,Single
271,310000,1637,3,2,2025,Single
272,310000,1600,2,2,1968,Single
273,310000,1565,3,2,1989,Single
274,310000,1076,2,2,1955,Single
275,310000,1998,3,2,2001,Single
276,310000,1586,3,2,2024,Single
277,310000,1354,3,2,1997,Single
278,310000,1785,2,2,1997,Single
279,310000,1130,2,2,1997,Condo
280,310000,1646,3,2,2026,Single
281,310000,1712,2,3,1976,Single
282,310000,1909,3,2,2006,Single
283,310000,1939,4,2,2020,Single
284,310000,1238,2,2,1979,Condo
285,310000,1252,3,2,1964,Single
286,310000,1626,2,2,1983,Single
287,310290,1840,4,2,2025,Single
288,311000,2229,4,3,1994,Single
289,311000,1555,3,2,2025,Single
290,311200,2112,5,3,2025,Single
291,311480,1504,3,2,2026,Single
292,311500,1507,3,3,2026,Single
293,311990,1862,4,2,2025,Single
294,311990,2447,5,3,2025,Single
295,312000,978,2,1,2017,Single
296,312000,1602,3,2,1944,Single
297,312000,1519,3,2,1994,Single
298,312000,1404,2,2,1983,Single
299,312250,1650,4,2,2026,Single
300,312405,1499,4,2,2026,Single
301,312500,750,1,1,2007,Condo
302,312500,1254,2,2,1988,Condo
303,312500,1480,2,3,2014,Condo
304,312500,1745,3,3,1989,Single
305,312900,1799,4,2,2026,Single
306,312900,1774,4,2,2026,Single
307,312900,1697,3,2,2026,Single
308,312950,1823,4,2,2025,Single
309,312990,1504,3,2,2026,Single
310,312990,2370,5,3,2025,Single
311,312990,1840,4,2,2024,Single
312,312990,1828,4,2,2025,Single
313,312990,1580,4,2,2026,Single
314,313000,1328,3,2,2001,Single
315,313000,1498,3,2,2024,Single
316,313000,1600,3,2,2008,Single
317,313000,1230,3,2,1948,Single
318,313000,1232,2,2,2010,Condo
319,313157,1700,3,2,2025,Single
320,313400,1901,3,2,2025,Single
321,313500,1604,3,2,2024,Single
322,313500,2307,4,2,2003,Single
323,313749,1874,4,3,2026,Single
324,313910,1589,3,2,2025,Single
325,313985,1839,4,2,2026,Single
326,313990,2077,5,3,2025,Single
327,313990,1708,5,2,2025,Single
328,313990,2023,4,2,2026,Single
329,314000,1816,3,2,1994,Single
330,314000,2736,4,3,2007,Single
331,314000,2168,4,3,2025,Single
332,314000,1066,3,2,1985,Single
333,314250,2335,4,3,2025,Single
334,314440,1609,4,2,2026,Single
335,314548,1845,4,2,2025,Single
336,314900,1856,4,2,2025,Single
337,314900,1600,3,2,2024,Single
338,314900,1846,3,2,2021,Single
339,314900,1938,3,2,1991,Single
340,314900,1856,4,2,2026,Single
341,314990,1828,4,2,2025,Single
342,314990,1469,3,2,2026,Single
343,314990,1828,4,2,2026,Single
344,314990,1862,4,2,2025,Single
345,314990,2077,5,3,2026,Single
346,314990,1828,4,2,2025,Single
347,315000,2076,4,2,2017,Single
348,315000,1361,2,2,1984,Single
349,315000,660,1,1,2003,Condo
350,315000,1107,2,2,1995,Condo
351,315000,1956,3,2,2002,Single
352,315000,1640,2,1,1903,Single
353,315000,1714,2,2,2003,Single
354,315000,1542,2,2,2014,Single
355,315000,814,1,1,2007,Condo
356,315000,1665,2,2,1994,Single
357,315000,1253,3,2,2004,Single
358,315000,1100,2,2,1987,Condo
359,315000,1536,4,2,1955,Single
360,315000,1292,3,1,1939,Single
361,315000,1856,3,2,2025,Single
362,315000,1390,3,2,2005,Condo
363,315000,1764,3,2,1990,Single
364,315000,2032,4,3,2024,Single
365,315000,2044,3,2,1988,Single
366,315000,1258,2,2,2013,Single
367,315000,1335,3,2,2003,Single
368,315000,1757,3,2,2021,Single
369,315000,1562,3,2,2020,Single
370,315000,1578,3,2,1953,Single
371,315000,1698,4,2,2021,Single
372,315000,1724,3,2,2021,Single
373,315000,1264,2,2,1999,Single
374,315000,1737,3,2,2019,Single
375,315000,1523,3,2,1997,Condo
376,315000,1152,2,3,2000,Condo
377,315000,1206,3,2,2022,Single
378,315000,1298,2,1,1981,Single
379,315000,1264,3,2,1998,Single
380,315000,741,1,1,2003,Condo
381,315000,1536,3,2,1992,Single
382,315000,1440,2,2,1974,Condo
383,315000,1760,4,2,2024,Single
384,315000,1770,3,2,2024,Single
385,315000,2145,3,3,2011,Single
386,315000,2530,5,3,2006,Single
387,315000,1576,3,2,2001,Single
388,315000,1574,4,2,2025,Single
389,315000,1840,4,2,2025,Single
390,315000,1466,3,2,1988,Single
391,315000,1904,3,2,1984,Single
392,315000,1757,4,2,2007,Single
393,315000,1823,3,2,1958,Single
394,315000,1879,4,3,2024,Single
395,315000,1170,2,2,1975,Condo
396,315000,1722,3,2,2017,Single
397,315000,2077,3,2,1997,Single
398,315000,1254,3,2,1996,Single
399,315000,1592,2,3,1979,Single
400,315000,1009,3,1,1950,Single
401,315500,1466,2,2,2004,Single
402,315513,1786,3,2,2003,Single
403,315990,1965,4,3,2025,Single
404,315990,1828,4,2,2026,Single
405,315990,1504,3,2,2026,Single
406,316210,2248,4,3,2005,Single
407,316500,1335,3,2,2026,Single
408,316990,1459,3,2,2026,Single
409,316990,1646,3,2,2026,Single
410,317000,1552,3,2,1995,Single
411,317000,1673,3,2,2025,Single
412,317000,1404,3,2,1963,Single
413,317000,1714,2,2,1988,Single
414,317000,1809,3,2,1980,Single
415,317000,1965,4,2,1980,Single
416,317000,2044,3,2,1990,Single
417,317000,1676,3,2,2021,Single
418,317200,2200,4,3,2025,Single
419,317500,1206,3,2,2026,Single
420,317500,1504,3,2,2026,Single
421,317500,1641,3,2,2017,Single
422,317900,1820,4,2,2026,Single
423,317990,1695,3,2,2025,Single
424,317995,1828,4,2,2026,Single
425,317998,1630,3,2,2025,Single
426,318000,1895,3,2,1959,Single
427,318000,2122,3,2,2005,Condo
428,318000,1680,2,2,1977,Single
429,318000,1627,3,2,1987,Single
430,318000,1603,3,2,2026,Single
431,318000,1838,3,2,1947,Single
432,318000,1310,3,2,2026,Single
433,318000,1430,3,2,2016,Condo
434,318000,1711,3,2,1980,Single
435,318000,1554,3,2,1987,Single
436,318000,1462,3,2,1992,Single
437,318000,1970,3,2,2025,Single
438,318000,1510,4,2,2025,Single
439,318500,1621,3,2,2018,Single
440,318500,1829,4,2,2026,Single
441,318500,1711,4,2,2025,Single
442,318900,1438,2,2,1989,Single
443,318990,2447,5,3,2025,Single
444,319000,1644,3,2,2006,Single
445,319000,867,2,1,2010,Single
446,319000,1079,2,2,1960,Single
447,319000,1430,2,2,2004,Condo
448,319000,1466,3,2,2025,Single
449,319000,1801,4,2,2025,Single
450,319000,1335,3,2,2003,Single
451,319050,1823,4,2,2025,Single
452,319460,1839,4,2,2025,Single
453,319500,2527,3,2,2001,Single
454,319900,1799,4,2,2026,Single
455,319900,1799,4,2,2025,Single
456,319900,1690,3,2,2019,Single
457,319900,1633,2,2,1993,Condo
458,319900,1759,4,2,2026,Single
459,319900,1981,4,3,2024,Single
460,319900,775,3,1,1952,Single
461,319900,1856,4,2,2025,Single
462,319990,1695,3,2,2024,Single
463,319990,2260,4,3,2025,Single
464,319990,2605,5,3,2025,Single
465,319990,1707,4,2,2022,Single
466,319990,1552,3,2,2025,Single
467,319990,2052,4,2,2026,Single
468,319990,1446,3,2,2025,Single
469,319997,2117,4,3,2025,Single
470,319999,1828,4,2,2026,Single
471,320000,1288,3,2,1990,Single
472,320000,1241,2,2,1989,Single
473,320000,979,3,1,1948,Single
474,320000,1637,3,2,2026,Single
475,320000,1138,3,1,1952,Single
476,320000,1288,3,1,1924,Single
477,320000,1999,3,2,2018,Single
478,320000,975,2,2,1975,Condo
479,320000,1892,3,2,2025,Single
480,320000,3388,4,4,1920,Single
481,320000,1714,3,2,2003,Single
482,320000,1150,3,2,1954,Single
483,320000,1092,3,2,1977,Single
484,320000,1056,4,3,2004,Single
485,320000,1844,3,2,2000,Single
486,320000,1856,3,2,1983,Single
487,320000,1655,2,2,2006,Single
488,320000,1970,3,2,1930,Single
489,320000,1032,2,2,1987,Condo
490,320000,1754,4,2,2010,Single
491,320000,1666,2,2,2015,Single
492,320000,1599,3,2,1993,Single
493,320000,979,2,1,1946,Single
494,320000,1188,2,2,2001,Single
495,320000,1284,3,2,2002,Single
496,320000,1194,2,2,2004,Condo
497,320000,1312,2,2,1980,Single
498,320000,1718,3,2,1981,Single
499,320000,1464,4,2,2000,Single
500,320000,816,2,1,1980,Single
501,320000,1457,3,2,1980,Single
502,320000,1828,4,2,2025,Single
503,320000,1600,4,3,1973,Single
504,320000,1828,4,2,2017,Single
505,320000,1683,4,3,2025,Single
506,320000,1545,3,2,1985,Single
507,320000,1260,2,2,1959,Single
508,320000,1387,3,2,1986,Condo
509,320000,1250,2,2,1964,Single
510,320000,1829,4,2,2026,Single
511,320000,1829,4,2,2026,Single
512,320000,1847,2,2,2006,Single
513,320000,1532,2,2,2006,Condo
514,320000,1001,2,2,1998,Single
515,320000,1240,3,2,1984,Single
516,320000,1365,3,2,1983,Single
517,320000,990,2,2,1975,Condo
518,320000,1611,3,2,2002,Single
519,320000,1527,3,2,1974,Single
520,320000,1034,3,2,1961,Single
521,320000,2318,4,3,1999,Single
522,320000,925,3,1,1972,Single
523,320000,1568,2,2,2019,Single
524,320000,1143,3,2,2025,Single
525,320000,1890,4,3,2023,Single
526,320000,2319,3,2,1988,Single
527,320000,1102,3,2,2006,Single
528,320000,2576,3,2,1979,Single
529,320000,1668,2,2,1998,Single
530,320500,1392,3,2,1998,Single
531,320500,1938,2,3,1987,Single
532,320784,1813,3,2,2005,Single
533,320900,1936,3,2,2026,Single
534,320900,2206,4,3,2021,Single
535,321000,1438,3,2,1994,Single
536,321000,1565,3,2,2026,Single
537,321000,1988,4,3,2025,Single
538,321000,1776,2,2,1998,Single
539,321070,1828,4,2,2025,Single
540,321140,1263,3,2,2025,Single
541,321140,2451,5,4,2025,Single
542,321465,1504,3,2,2026,Single
543,321900,1401,3,2,2024,Single
544,321949,1560,3,2,2025,Single
545,321990,1774,4,2,2025,Single
546,322000,1686,3,2,1990,Single
547,322000,1713,3,2,1997,Single
548,322000,1666,3,3,2025,Single
549,322000,1747,2,2,2020,Single
550,322300,1988,4,3,2025,Single
551,322500,1642,4,2,2021,Single
552,322990,1665,4,2,2025,Single
553,322990,1828,4,2,2025,Single
554,323000,1375,3,2,1990,Single
555,323000,1377,3,2,1961,Single
556,323000,1829,3,2,2000,Single
557,323000,1621,3,2,2007,Single
558,323000,1558,3,2,2022,Single
559,323099,1943,3,3,2026,Single
560,323490,1504,3,2,2025,Single
561,323685,2034,4,2,2025,Single
562,323724,1775,4,2,2025,Single
563,323911,1300,3,2,2024,Single
564,323990,1565,3,2,2026,Single
565,324000,1829,4,2,2025,Single
566,324000,926,2,1,1928,Single
567,324490,1665,4,2,,Single
568,324500,1565,3,2,2024,Single
569,324900,1856,4,2,2026,Single
570,324900,1697,3,2,2026,Single
571,324900,1774,4,2,2026,Single
572,324900,1648,4,2,2025,Single
573,324900,1317,3,2,1963,Single
574,324900,1799,4,2,2026,Single
575,324900,1681,3,2,2025,Single
576,324900,1637,3,2,2026,Single
577,324990,1665,4,2,2025,Single
578,324990,1695,3,2,2025,Single
579,324999,2130,4,3,2025,Single
580,324999,2039,4,3,2025,Single
581,325000,1260,3,2,1985,Single
582,325000,2168,4,3,2025,Single
583,325000,2151,3,3,1985,Condo
584,325000,1532,2,2,2014,Single
585,325000,1918,4,2,2023,Single
586,325000,2710,4,1,1989,Single
587,325000,1756,3,2,1995,Single
588,325000,1434,3,2,2003,Single
589,325000,1879,3,2,1985,Single
590,325000,1985,3,2,1985,Condo
591,325000,1728,4,2,2004,Single
592,325000,2294,4,3,1982,Single
593,325000,1706,3,2,2006,Single
594,325000,1500,3,2,2023,Single
595,325000,1329,3,2,2006,Condo
596,325000,1385,2,2,1983,Condo
597,325000,1658,3,2,2020,Single
598,325000,1315,3,2,2002,Single
599,325000,1697,3,2,2026,Single
600,325000,2077,5,3,2025,Single
601,325000,1254,2,2,1980,Single
602,325000,1501,2,2,2024,Single
603,325000,1177,4,2,1995,Single
604,325000,1506,3,2,2021,Single
605,325000,1668,3,2,2000,Single
606,325000,1660,5,3,1998,Single
607,325000,1452,3,1,1967,Single
608,325000,1280,3,2,1995,Single
609,325000,1156,4,2,2001,Single
610,325000,1871,3,2,1989,Single
611,325000,1909,3,3,2020,Single
612,325000,1152,2,2,1968,Single
613,325000,1557,3,3,1973,Condo
614,325000,1719,3,2,2008,Single
615,325000,1621,2,2,2006,Condo
616,325000,1254,3,2,1980,Single
617,325000,1700,3,2,2020,Single
618,325000,1345,3,2,1975,Single
619,325000,1427,3,2,1979,Single
620,325000,1377,3,2,1987,Single
621,325000,1740,3,2,2013,Single
622,325000,1367,3,2,2004,Single
623,325000,1296,3,2,1909,Single
624,325000,1546,3,2,2023,Single
625,325000,1988,4,2,1982,Single
626,325000,1561,3,2,2019,Single
627,325000,924,3,2,1930,Single
628,325000,1802,3,2,2001,Single
629,325000,1218,2,2,1966,Single
630,325000,1058,2,2,1995,Single
631,325000,1763,3,2,1980,Single
632,325000,1828,4,2,2025,Single
633,325000,1354,3,2,2013,Single
634,325000,1169,3,2,1978,Single
635,325000,1470,3,2,2000,Single
636,325000,1529,4,2,1968,Single
637,325000,1828,4,2,2026,Single
638,325000,2144,3,2,2018,Single
639,325000,1890,2,3,1985,Single
640,325000,1707,4,2,1990,Single
641,325000,1827,3,2,1995,Single
642,325000,1750,3,2,2025,Single
643,325000,1672,3,2,2026,Single
644,325000,1549,3,2,2022,Single
645,325000,1422,3,2,1978,Single
646,325000,966,2,2,1968,Condo
647,325000,1780,3,2,2025,Single
648,325000,1313,2,3,1961,Single
649,325247,2252,3,2,2003,Single
650,325250,1820,4,2,2026,Single
651,325300,1891,3,2,2025,Single
652,325500,2249,3,2,1997,Single
653,325900,1697,3,2,2026,Single
654,325990,1498,4,2,2026,Single
655,325997,2117,4,3,2025,Single
656,326000,1774,4,2,2025,Single
657,326000,1830,4,2,2023,Single
658,326000,1582,4,2,1995,Single
659,326000,1564,4,2,1981,Single
660,326400,1970,3,2,2025,Single
661,326900,1286,3,2,2025,Single
662,326990,1463,3,3,2026,Single
663,327000,1565,3,2,2022,Single
664,327000,1472,3,2,2002,Single
665,327000,1242,3,2,2021,Single
666,327000,1336,3,2,1993,Single
667,327000,1598,3,2,2006,Single
668,327000,1829,4,2,2026,Single
669,327500,1728,3,2,2006,Single
670,327500,1534,2,2,1978,Condo
671,327500,1398,3,2,1977,Single
672,327500,2370,4,3,1982,Single
673,327500,1211,3,2,2005,Single
674,328000,1331,3,1,1931,Single
675,328000,1161,2,2,2013,Single
676,328000,1843,3,2,1992,Single
677,328000,741,0,1,,Single
678,328500,1686,3,3,2006,Condo
679,328500,1515,3,2,2026,Single
680,328700,1829,4,2,2025,Single
681,328888,2044,3,2,2025,Single
682,328990,1446,3,2,2025,Single
683,328999,1828,4,2,2025,Single
684,329000,1870,4,2,2025,Single
685,329000,1825,3,2,1987,Single
686,329000,1452,3,2,2001,Single
687,329110,1714,3,2,2025,Single
688,329500,1676,3,2,1979,Single
689,329500,2044,3,2,2026,Single
690,329690,2001,4,3,2025,Single
691,329700,1825,3,2,2025,Single
692,329900,1737,3,2,2023,Single
693,329900,1799,4,2,2026,Single
694,329900,1376,3,2,1998,Single
695,329900,1845,4,2,1985,Single
696,329900,2595,5,3,2025,Single
697,329900,1780,2,2,1992,Single
698,329900,1914,4,2,2025,Single
699,329900,2043,5,3,2025,Single
700,329900,1438,3,2,1968,Single
701,329900,1500,3,2,1981,Single
702,329900,1858,3,2,2008,Single
703,329900,2043,5,3,2026,Single
704,329990,2077,5,3,2025,Single
705,329990,1862,4,2,2025,Single
706,329990,1965,4,3,2025,Single
707,329999,1530,3,2,2025,Single
708,329999,1222,3,2,1988,Single
709,329999,1672,3,2,2026,Single
710,330000,1951,4,2,1992,Single
711,330000,1577,3,2,1995,Single
712,330000,1362,3,2,1992,Condo
713,330000,1790,3,2,1988,Single
714,330000,2252,4,3,2024,Single
715,330000,1485,4,2,1985,Single
716,330000,1500,4,2,1982,Single
717,330000,1663,3,2,2006,Single
718,330000,1828,4,2,2025,Single
719,330000,1558,2,2,2014,Single
720,330000,950,2,1,1972,Single
721,330000,1594,2,2,1980,Single
722,330000,1673,3,2,1995,Single
723,330000,1488,2,2,1999,Single
724,330000,1556,3,2,2003,Single
725,330000,1159,3,2,1900,Single
726,330000,1545,3,2,2025,Single
727,330000,1505,3,3,2000,Single
728,330000,2212,3,2,2008,Single
729,330000,1823,2,2,2007,Single
730,330000,1376,3,2,1944,Single
731,330000,1547,3,2,2025,Single
732,330000,1419,3,2,2022,Single
733,330000,1697,3,3,1953,Single
734,330000,1597,3,2,1990,Single
735,330000,1689,4,2,1998,Single
736,330000,2012,3,2,2004,Single
737,330000,1439,3,2,2004,Condo
738,330000,1850,4,2,2023,Single
739,330000,1700,3,2,2025,Single
740,330000,1656,4,2,2020,Single
741,330000,1976,2,3,2004,Single
742,330000,900,1,1,1979,Condo
743,330000,1392,3,2,2012,Single
744,330000,1489,3,2,2002,Condo
745,330000,1516,3,2,2006,Single
746,330000,1995,3,2,1995,Single
747,330000,1085,2,1,1964,Single
748,330000,1853,3,3,2026,Single
749,330000,1829,3,2,2001,Single
750,330000,1450,2,2,1996,Condo
751,330000,1561,3,2,1976,Single
752,330000,1914,3,2,2006,Single
753,330000,1502,4,2,2001,Single
754,330000,1649,3,2,2004,Single
755,330000,1769,4,2,1991,Single
756,330000,1744,3,2,1973,Single
757,330000,1644,3,2,1994,Single
758,330000,979,2,2,1954,Single
759,330000,1720,2,2,1996,Single
760,330000,1995,4,3,1980,Single
761,330000,870,2,2,2003,Condo
762,330000,1976,3,2,2008,Single
763,331000,1520,5,2,1970,Single
764,331000,1445,3,2,2025,Single
765,331215,1560,3,2,2026,Single
766,331366,2160,4,3,2025,Single
767,331585,2210,4,3,2025,Single
768,331900,1746,4,2,2025,Single
769,331985,1362,2,2,1984,Single
770,332000,1797,2,2,2001,Single
771,332000,1665,3,2,2023,Single
772,332000,1865,3,3,1979,Single
773,332000,1874,4,2,2018,Single
774,332000,1513,3,2,2025,Single
775,332020,1512,3,2,2025,Single
776,332100,1755,4,2,2026,Single
777,332217,2117,4,3,2025,Single
778,332500,1518,3,2,1989,Single
779,332500,1262,2,2,2008,Condo
780,332824,1654,3,2,2025,Single
781,332900,1820,4,2,2026,Single
782,333000,1581,4,2,1966,Single
783,333000,1555,3,2,1977,Single
784,333000,1787,3,2,1957,Single
785,333000,1795,3,2,2004,Single
786,334000,1501,2,2,2025,Single
787,334000,1076,2,3,1985,Single
788,334000,1392,3,2,2004,Single
789,334000,865,2,1,1972,Condo
790,334000,1567,3,2,1999,Single
791,334700,1961,3,2,1993,Single
792,334810,2210,4,3,2025,Single
793,334900,1392,3,2,2012,Single
794,334900,1744,3,2,2025,Single
795,334900,1706,3,2,2009,Single
796,334900,1572,3,2,1999,Single
797,334990,2463,6,3,2025,Single
798,334990,2447,5,3,2026,Single
799,334990,1665,4,2,2026,Single
800,334999,2352,4,3,2025,Single
801,335000,1465,2,2,1970,Condo
802,335000,1625,3,3,2025,Single
803,335000,2234,4,2,2007,Single
804,335000,1056,2,1,1960,Single
805,335000,1867,4,2,2022,Single
806,335000,1356,3,2,2005,Single
807,335000,1548,3,2,2021,Single
808,335000,1200,4,2,1953,Single
809,335000,1504,2,2,2025,Single
810,335000,1715,4,2,2024,Single
811,335000,1638,4,2,2026,Single
812,335000,2000,3,2,2005,Single
813,335000,1891,4,2,2025,Single
814,335000,1800,3,2,2013,Single
815,335000,518,1,1,1980,Condo
816,335000,1232,2,2,2009,Condo
817,335000,1541,3,2,2006,Single
818,335000,1580,4,3,1959,Single
819,335000,1467,3,2,1976,Single
820,335000,2233,4,3,2013,Single
821,335000,1615,2,2,2008,Condo
822,335000,1872,2,2,1994,Single
823,335000,1245,3,2,1953,Single
824,335000,1314,3,2,2025,Single
825,335000,2004,4,2,2025,Single
826,335000,1893,3,2,1990,Single
827,335000,968,2,1,1928,Single
828,335000,2169,4,2,2020,Single
829,335000,2205,4,3,2021,Single
830,335000,1345,4,1,1975,Single
831,335000,1835,3,2,2006,Single
832,335000,1543,3,2,2019,Single
833,335000,1361,3,2,2021,Single
834,335000,1064,2,2,2006,Condo
835,335000,1240,3,2,1961,Single
836,335000,1164,3,2,1985,Single
837,335000,1554,3,2,2008,Condo
838,335000,1449,2,2,2016,Condo
839,335000,1200,3,2,2015,Single
840,335000,2304,2,2,1992,Single
841,335000,1806,4,2,2024,Single
842,335000,1976,4,2,2005,Single
843,335000,1357,3,2,2025,Single
844,335000,1536,3,2,2026,Single
845,335000,1611,3,2,2024,Single
846,335000,1552,3,2,2003,Single
847,335000,1561,2,2,2013,Condo
848,335000,615,1,1,1967,Condo
849,335000,1833,4,3,2017,Single
850,335000,1823,2,2,2007,Single
851,335000,1389,2,2,2006,Condo
852,335100,1561,3,2,1991,Single
853,335200,2043,5,3,2026,Single
854,335250,1504,3,2,2026,Single
855,335320,1665,4,2,2026,Single
856,335565,1714,3,2,2025,Single
857,335990,1828,4,2,2026,Single
858,336000,1536,3,2,2025,Single
859,336000,2390,4,3,2006,Single
860,336000,1905,3,2,1978,Single
861,336070,2605,5,3,2025,Single
862,336070,1956,4,3,2025,Single
863,336630,1828,4,2,2025,Single
864,336990,1842,4,3,2025,Single
865,337000,1798,3,2,1990,Single
866,337000,1781,3,3,2003,Single
867,337000,1352,3,2,2022,Single
868,337000,1078,3,2,2000,Single
869,337000,1495,3,2,2004,Condo
870,337000,2030,5,3,2026,Single
871,337000,1494,3,2,1997,Single
872,337500,1013,2,2,1973,Condo
873,337500,1375,2,2,1969,Condo
874,337500,1904,3,2,2025,Single
875,337500,1526,3,2,1987,Single
876,337500,1285,3,3,1999,Condo
877,337900,1774,4,2,2026,Single
878,337900,1658,3,3,1994,Single
879,337900,1387,3,2,2025,Single
880,338000,1863,4,2,2016,Single
881,338000,1853,3,3,2026,Single
882,338900,1821,3,2,2024,Single
883,338900,1270,3,2,2026,Single
884,338990,1862,4,2,2026,Single
885,339000,1298,3,2,1957,Single
886,339000,1584,3,2,2025,Single
887,339000,1474,3,2,1992,Single
888,339000,1500,3,2,1987,Single
889,339000,1137,2,2,1998,Single
890,339000,1679,3,3,1994,Single
891,339000,1216,2,2,1981,Condo
892,339000,2100,3,2,1986,Single
893,339000,1804,3,2,2006,Single
894,339000,1974,4,2,2019,Single
895,339000,2190,3,3,1988,Condo
896,339000,1938,3,3,1948,Single
897,339218,1769,3,2,2025,Single
898,339400,1801,3,2,2024,Single
899,339499,1849,3,3,2025,Single
900,339500,1989,2,2,2005,Condo
901,339748,2108,4,2,2026,Single
902,339888,1665,4,2,2025,Single
903,339900,1604,3,2,2026,Single
904,339900,2043,5,3,2026,Single
905,339900,1308,2,2,1996,Single
906,339900,2107,5,3,2026,Single
907,339900,1366,3,2,1983,Single
908,339900,1910,4,2,2023,Single
909,339990,1716,3,2,2026,Single
910,339990,2034,4,2,2025,Single
911,339990,1862,4,2,2026,Single
912,339990,1801,4,2,2025,Single
913,339999,2020,4,3,2025,Single
914,340000,1830,3,2,2002,Single
915,340000,1409,3,2,1988,Single
916,340000,1132,3,2,1963,Single
917,340000,1211,2,2,1976,Single
918,340000,1683,4,3,2025,Single
919,340000,939,2,1,1942,Single
920,340000,1412,4,2,2004,Single
921,340000,1220,3,2,1995,Condo
922,340000,1272,3,2,1981,Single
923,340000,1392,3,2,2016,Single
924,340000,1263,2,2,1961,Single
925,340000,1150,3,3,1999,Condo
926,340000,1795,4,3,1964,Single
927,340000,1558,3,2,2020,Single
928,340000,1238,3,2,1981,Single
929,340000,1683,4,3,2025,Single
930,340000,999,2,2,1982,Single
931,340000,2052,3,3,2024,Single
932,340000,1672,2,2,2003,Condo
933,340000,2049,3,2,1989,Single
934,340000,1944,3,2,2008,Condo
935,340000,1176,3,2,1999,Single
936,340000,1694,4,2,2005,Single
937,340000,1497,3,2,1957,Single
938,340000,1799,4,2,2026,Single
939,340000,1560,3,2,1968,Single
940,340000,1080,3,2,1950,Single
941,340000,1759,4,2,1995,Single
942,340000,2678,3,3,1993,Single
943,340000,845,2,1,1952,Single
944,340000,1351,2,2,2005,Condo
945,340000,1850,4,3,2000,Single
946,340000,1328,3,2,1957,Single
947,340000,1893,3,2,2005,Single
948,340000,1786,3,2,1992,Single
949,340000,1165,2,2,1969,Condo
950,340000,1223,2,2,2000,Condo
951,340000,1599,3,2,1999,Single
952,340000,1283,2,2,1995,Condo
953,340000,1737,4,2,2021,Single
954,340000,1720,2,3,1981,Condo
955,340000,1536,3,2,2026,Single
956,340000,2268,4,3,2025,Single
957,340000,1412,3,2,2004,Single
958,340000,1728,3,2,1985,Single
959,340000,1100,2,2,1946,Single
960,340000,1414,2,2,2002,Condo
961,340000,1862,4,2,2022,Single
962,340000,1344,3,2,1984,Single
963,340000,1254,2,2,1986,Condo
964,340000,2178,3,2,2006,Single
965,340000,1015,2,2,1983,Condo
966,340000,1508,2,2,2021,Single
967,340000,1989,2,2,2005,Condo
968,340000,2546,4,2,2005,Single
969,340000,1543,3,2,2015,Single
970,340000,1842,4,3,2025,Single
971,340000,1453,3,2,2000,Single
972,340000,1725,3,2,2019,Single
973,340000,3413,3,2,2005,Single
974,340000,1700,3,2,2026,Single
975,340000,2470,4,3,2016,Single
976,340239,2463,6,3,2025,Single
977,340500,1672,3,2,2026,Single
978,340640,1850,4,2,2026,Single
979,340990,1824,4,2,2025,Single
980,340990,1956,4,3,2025,Single
981,341000,1655,2,2,2025,Single
982,341000,1655,2,2,2025,Single
983,341000,1626,2,2,1978,Single
984,341000,1715,4,2,2024,Single
985,341250,1810,4,2,2026,Single
986,341490,1839,4,2,2025,Single
987,341500,1320,3,2,1979,Single
988,341700,2044,4,2,2026,Single
989,341770,1714,3,2,2026,Single
990,341900,2292,4,4,2025,Single
991,342000,2205,4,3,2026,Single
992,342000,665,1,1,1950,Condo
993,342000,1776,4,2,1989,Single
994,342000,1853,4,2,2023,Single
995,342085,2210,4,3,2025,Single
996,342200,1828,4,2,2026,Single
997,342210,1839,4,4,2025,Single
998,342500,1554,3,2,2017,Single
999,342940,1715,4,2,2026,Single
1000,342990,2045,4,3,2025,Single
1001,342990,1824,4,2,,Single
1002,342990,2605,5,3,2025,Single
1003,343000,2168,4,3,2025,Single
1004,343000,2101,4,3,2005,Single
1005,343000,1102,3,2,1955,Single
1006,343500,1508,3,2,1990,Single
1007,343990,1828,4,2,2025,Single
1008,344000,1669,3,2,1980,Single
1009,344000,1457,2,1,1955,Single
1010,344000,1300,3,2,2025,Single
1011,344900,2107,5,3,2026,Single
1012,344900,1585,3,2,1970,Single
1013,344990,2160,4,3,2025,Single
1014,344990,1828,4,2,2025,Single
1015,344990,1862,4,2,2025,Single
1016,344999,2414,4,3,2025,Single
1017,345000,1354,2,1,1925,Single
1018,345000,1387,3,2,2026,Single
1019,345000,2603,4,3,2006,Single
1020,345000,2025,4,2,1975,Single
1021,345000,1569,3,2,1982,Single
1022,345000,2205,4,3,1967,Single
1023,345000,1342,3,2,1991,Single
1024,345000,1395,3,2,1982,Single
1025,345000,1418,3,2,2010,Single
1026,345000,1735,4,2,2024,Single
1027,345000,1724,3,2,2004,Single
1028,345000,1649,3,2,1998,Single
1029,345000,1355,2,2,2021,Condo
1030,345000,2168,4,3,2026,Single
1031,345000,1673,3,2,2002,Single
1032,345000,429,0,1,2005,Condo
1033,345000,1520,2,2,1982,Condo
1034,345000,1771,3,2,1980,Single
1035,345000,1539,3,2,2026,Single
1036,345000,1500,3,2,2025,Single
1037,345000,2227,3,3,1979,Single
1038,345000,1539,3,2,2026,Single
1039,345000,1561,3,2,1983,Single
1040,345000,1194,2,2,2011,Condo
1041,345000,936,1,2,2007,Condo
1042,345000,1145,2,2,1953,Single
1043,345000,2614,6,3,2021,Single
1044,345000,1702,4,2,2024,Single
1045,345000,1800,2,2,2015,Single
1046,345000,912,2,1,1979,Condo
1047,345000,1252,2,2,2000,Single
1048,345000,1435,3,2,2001,Condo
1049,345000,1495,4,2,1983,Single
1050,345000,1152,3,2,1995,Single
1051,345000,1322,2,2,1955,Single
1052,345000,1300,2,2,1973,Condo
1053,345000,1453,3,2,1978,Single
1054,345000,1680,3,2,1987,Single
1055,345000,1768,4,2,2020,Single
1056,345000,1523,2,2,2013,Single
1057,345000,2169,4,4,2003,Single
1058,345000,1940,4,3,2004,Single
1059,345000,1917,3,3,2007,Condo
1060,345000,2034,4,2,2025,Single
1061,345000,1377,2,1,1930,Single
1062,345000,1762,3,2,1991,Single
1063,345000,1548,3,2,1954,Single
1064,345500,1527,3,2,2008,Single
1065,345500,752,1,2,1980,Condo
1066,345500,1742,3,2,2025,Single
1067,346000,1897,3,2,2003,Single
1068,346000,1270,3,2,1984,Single
1069,346064,1504,3,2,2026,Single
1070,346500,1862,3,2,2014,Single
1071,346900,1799,4,2,2026,Single
1072,346990,1828,4,2,2025,Single
1073,346990,1758,3,3,2025,Single
1074,347000,1836,3,2,1994,Single
1075,347000,1697,3,2,2011,Single
1076,347000,2196,3,2,2006,Single
1077,347000,1351,2,2,2002,Condo
1078,347000,1125,3,2,1979,Single
1079,347000,1943,3,2,1993,Single
1080,347191,1581,2,2,2025,Single
1081,347200,1534,3,2,2025,Single
1082,347500,1779,3,2,2001,Condo
1083,347800,1820,4,2,2025,Single
1084,347940,1565,3,2,2025,Single
1085,348000,2050,2,2,2000,Single
1086,348000,1314,3,2,1971,Single
1087,348000,1255,2,2,1984,Condo
1088,348000,1593,3,2,1987,Single
1089,348380,1655,2,2,2026,Single
1090,348500,1192,3,2,1998,Single
1091,348500,920,2,2,2008,Condo
1092,348500,1658,3,2,1985,Single
1093,348990,1828,4,2,2025,Single
1094,349000,1387,3,2,1960,Single
1095,349000,1657,3,2,2011,Single
1096,349000,1232,2,2,2001,Single
1097,349000,1318,3,2,1978,Single
1098,349000,1174,3,2,1981,Single
1099,349000,1463,3,2,1983,Single
1100,349000,1751,2,2,2004,Single
1101,349000,1592,3,2,1991,Condo
1102,349190,1828,4,2,2026,Single
1103,349500,1829,4,2,2026,Single
1104,349500,2215,5,3,2026,Single
1105,349690,2001,4,3,2025,Single
1106,349740,2587,5,3,2026,Single
1107,349750,1862,4,2,2025,Single
1108,349900,1867,4,2,2020,Single
1109,349900,1542,4,3,1971,Single
1110,349900,1110,2,1,1952,Single
1111,349900,2260,4,3,2002,Single
1112,349900,934,2,1,1949,Single
1113,349900,1390,3,2,2020,Single
1114,349900,2092,4,3,2025,Single
1115,349900,1152,4,2,1973,Single
1116,349990,1695,3,2,2025,Single
1117,349990,1509,4,2,2026,Single
1118,349990,1828,4,2,2026,Single
1119,349990,1828,4,2,2026,Single
1120,349990,1914,4,2,2026,Single
1121,349990,1900,4,2,2025,Single
1122,349990,1880,4,2,2025,Single
1123,349999,1641,3,2,1955,Single
1124,350000,1350,2,2,1972,Condo
1125,350000,1304,3,2,1997,Single
1126,350000,1244,3,2,1986,Single
1127,350000,2312,3,3,1997,Single
1128,350000,1392,3,2,2005,Single
1129,350000,1501,3,2,1998,Single
1130,350000,1262,2,2,1968,Condo
1131,350000,1197,3,2,1984,Single
1132,350000,3412,4,3,2016,Single
1133,350000,1740,3,3,2000,Single
1134,350000,1842,3,2,1955,Single
1135,350000,1291,3,2,1963,Single
1136,350000,1852,3,2,2004,Single
1137,350000,1707,4,2,2017,Single
1138,350000,1725,3,2,1987,Single
1139,350000,2364,4,3,2006,Single
1140,350000,1512,3,2,2006,Single
1141,350000,1194,3,2,1976,Single
1142,350000,1579,2,2,2020,Single
1143,350000,1672,3,2,2026,Single
1144,350000,1560,4,2,2020,Single
1145,350000,1824,3,2,1974,Single
1146,350000,2060,3,2,2003,Single
1147,350000,1695,3,2,2016,Single
1148,350000,1226,2,2,2001,Single
1149,350000,1460,2,2,1972,Condo
1150,350000,1608,3,2,1958,Single
1151,350000,1390,4,2,1983,Single
1152,350000,2330,3,2,2008,Single
1153,350000,2012,3,2,2003,Single
1154,350000,1605,3,4,2020,Single
1155,350000,1538,2,2,1972,Single
1156,350000,2230,3,2,1991,Condo
1157,350000,990,2,1,1961,Single
1158,350000,1400,4,2,1982,Single
1159,350000,2007,3,2,2007,Single
1160,350000,960,1,2,1974,Condo
1161,350000,1408,2,2,2002,Condo
1162,350000,1524,2,2,1984,Single
1163,350000,1446,2,2,1987,Single
1164,350000,1727,3,2,1971,Single
1165,350000,2696,4,2,1995,Single
1166,350000,1846,2,2,1977,Condo
1167,350000,600,2,2,1959,Single
1168,350000,1638,3,2,1996,Single
1169,350000,2057,4,2,2008,Single
1170,350000,1679,3,2,2000,Single
1171,350000,1238,3,2,1986,Single
1172,350000,2208,4,2,2018,Single
1173,350000,1206,3,2,2017,Single
1174,350000,1662,3,2,2025,Single
1175,350000,1010,2,2,1955,Single
1176,350000,1120,2,2,1965,Single
1177,350000,1620,3,2,1925,Single
1178,350000,1893,3,3,2013,Single
1179,350000,2020,3,2,1994,Single
1180,350000,1604,2,2,1991,Single
1181,350000,1364,2,2,2000,Single
1182,350000,2045,3,2,2006,Condo
1183,350000,1934,3,2,2017,Single
1184,350000,1500,3,2,1974,Condo
1185,350000,1300,3,2,2003,Single
1186,350000,1694,3,2,1955,Single
1187,350000,1851,3,2,1999,Single
1188,350000,1772,2,2,1996,Condo
1189,350000,2218,3,2,2015,Single
1190,350000,2095,3,2,2005,Condo
1191,350000,1645,3,2,1972,Single
1192,350000,2078,5,3,1977,Single
1193,350000,2064,3,2,2004,Single
1194,350000,2385,3,2,1993,Single
1195,350000,1408,3,2,1991,Single
1196,350000,1836,3,2,1990,Single
1197,350000,1700,3,2,2002,Single
1198,350000,1808,4,3,2004,Single
1199,350000,1288,3,2,1981,Single
1200,350000,1854,3,2,1998,Condo
1201,350000,2426,4,2,2005,Single
1202,350000,1531,4,4,2005,Condo
1203,350990,1956,4,3,2025,Single
1204,351300,1907,3,2,2025,Single
1205,351500,2001,4,3,2026,Single
1206,351570,1828,4,2,2026,Single
1207,351990,2516,5,3,2025,Single
1208,352000,1023,2,2,1975,Condo
1209,352000,1992,4,2,1992,Single
1210,352000,1437,3,2,1967,Single
1211,352000,1272,3,2,2002,Single
1212,352450,1828,4,2,2026,Single
1213,352490,2162,3,2,2002,Single
1214,353000,1840,3,2,2016,Single
1215,353000,1234,2,2,1997,Single
1216,353000,1300,3,1,1971,Single
1217,353495,1826,3,3,2026,Single
1218,353760,2262,3,3,2025,Single
1219,353900,1463,3,2,2025,Single
1220,353900,2029,4,3,2026,Single
1221,353930,2106,4,2,2026,Single
1222,354000,1718,2,2,2025,Single
1223,354199,2078,5,3,2026,Single
1224,354500,3867,8,2,1999,Single
1225,354890,1602,3,2,2026,Single
1226,354900,1820,3,2,1977,Single
1227,354900,1984,5,3,2025,Single
1228,354990,1828,4,2,2026,Single
1229,354999,2422,5,3,2025,Single
1230,355000,1490,4,2,1962,Single
1231,355000,1590,3,3,2006,Condo
1232,355000,1310,2,2,1992,Single
1233,355000,1580,3,2,1992,Single
1234,355000,1603,3,2,2004,Single
1235,355000,1686,2,2,2018,Single
1236,355000,1520,3,2,1999,Single
1237,355000,2017,3,2,2018,Single
1238,355000,1820,3,2,1998,Single
1239,355000,2285,4,2,2000,Single
1240,355000,1660,3,2,1998,Single
1241,355000,1443,2,2,2018,Single
1242,355000,1515,3,2,2021,Single
1243,355000,1490,3,2,2026,Single
1244,355000,1370,3,2,1959,Single
1245,355000,1520,3,3,2007,Condo
1246,355000,1431,3,2,2025,Single
1247,355000,1779,3,2,1972,Single
1248,355000,1209,2,2,1975,Single
1249,355000,1450,3,2,1988,Single
1250,355000,2044,3,2,2006,Single
1251,355000,2255,3,2,2026,Single
1252,355000,1670,4,2,2016,Single
1253,355000,1070,2,2,1981,Condo
1254,355000,2250,3,2,2006,Single
1255,355000,1970,3,2,2006,Single
1256,355000,1929,3,2,2002,Single
1257,355000,1423,3,2,2003,Single
1258,355000,1541,3,2,1987,Single
1259,355000,1310,3,2,1991,Single
1260,355000,1839,3,2,2024,Single
1261,355000,1171,2,2,1972,Single
1262,355000,2135,3,2,1992,Single
1263,355000,2328,4,3,2005,Single
1264,355000,2083,4,2,2004,Single
1265,355207,2600,4,2,2002,Single
1266,355500,1044,3,2,1952,Single
1267,355900,1600,3,2,1970,Single
1268,355940,1862,4,2,2025,Single
1269,355990,1828,4,2,,Single
1270,355990,1860,4,2,2026,Single
1271,356000,2196,3,2,1994,Single
1272,356000,1726,3,2,2009,Single
1273,356000,1929,3,3,2017,Single
1274,356000,2629,3,3,2000,Single
1275,356000,1862,4,2,2026,Single
1276,356012,1393,2,2,2018,Single
1277,356500,1794,3,2,1989,Single
1278,356900,2010,3,2,2025,Single
1279,356999,2271,4,3,2025,Single
1280,357000,1015,2,2,1983,Condo
1281,357000,1836,4,2,1976,Single
1282,357000,1268,2,2,1982,Condo
1283,357500,1950,4,2,2005,Single
1284,357500,2327,3,2,1998,Single
1285,357830,1820,4,2,2025,Single
1286,357857,1819,4,2,2025,Single
1287,357990,2363,5,3,2025,Single
1288,358000,1542,3,2,1994,Single
1289,358000,2088,4,2,2025,Single
1290,358000,1816,2,2,2019,Single
1291,358000,2169,4,2,2026,Single
1292,358000,1104,3,2,1962,Single
1293,358000,1471,3,2,1997,Single
1294,358500,1930,3,2,1999,Single
1295,358815,1856,4,2,2025,Single
1296,358900,1650,4,3,2025,Single
1297,358990,2045,4,3,2025,Single
1298,359000,1398,3,2,2006,Single
1299,359000,2032,4,2,2021,Single
1300,359000,2022,3,2,1988,Single
1301,359000,1508,2,2,2006,Single
1302,359000,1713,3,2,2006,Single
1303,359000,1501,5,2,1979,Single
1304,359000,1785,3,2,2026,Single
1305,359000,1503,2,2,2023,Single
1306,359000,1944,3,2,1999,Single
1307,359000,1766,3,2,2025,Single
1308,359000,1710,3,3,2024,Single
1309,359440,1862,4,2,2026,Single
1310,359500,1565,3,2,2026,Single
1311,359900,1697,4,2,2025,Single
1312,359900,1472,3,2,2004,Single
1313,359900,1968,4,3,2026,Single
1314,359900,2057,3,2,2019,Single
1315,359950,1764,4,3,2005,Single
1316,359990,2103,4,3,2026,Single
1317,359990,1862,4,2,2026,Single
1318,359990,1615,3,2,2025,Single
1319,359990,1874,4,3,2025,Single
1320,359990,1828,4,2,,Single
1321,359990,1828,4,2,2025,Single
1322,359990,1672,3,2,2025,Single
1323,359999,2020,4,3,2025,Single
1324,359999,1256,2,2,1962,Single
1325,360000,1505,3,2,1926,Single
1326,360000,1458,3,2,2000,Single
1327,360000,2132,3,2,2000,Condo
1328,360000,2193,3,2,2006,Single
1329,360000,2221,3,3,2025,Single
1330,360000,1522,4,2,2001,Single
1331,360000,1290,2,2,1956,Single
1332,360000,1512,3,2,2006,Single
1333,360000,1450,3,2,2019,Single
1334,360000,1386,3,2,1994,Single
1335,360000,1252,3,2,1984,Single
1336,360000,1856,3,2,1998,Single
1337,360000,2012,3,3,1997,Single
1338,360000,1586,3,2,1980,Single
1339,360000,1625,3,2,1957,Single
1340,360000,1662,3,2,1989,Single
1341,360000,1353,3,2,1995,Single
1342,360000,1816,3,2,2017,Single
1343,360000,1366,3,2,1986,Single
1344,360000,1242,2,2,1964,Condo
1345,360000,1184,3,2,1993,Single
1346,360000,1326,3,2,2004,Single
1347,360000,1926,3,2,1997,Single
1348,360000,1471,2,2,1999,Single
1349,360000,1488,4,2,1973,Single
1350,360000,1554,2,2,1981,Single
1351,360000,1989,2,2,2005,Condo
1352,360000,1816,2,2,2022,Single
1353,360000,1816,3,2,2025,Single
1354,360000,1837,3,2,1983,Single
1355,360000,1200,2,2,1984,Condo
1356,360000,1050,2,1,2007,Condo
1357,360000,1091,3,2,1954,Single
1358,360000,1393,3,2,1989,Single
1359,360000,1307,2,2,2002,Single
1360,360000,1834,3,3,2008,Single
1361,360000,1799,2,2,2024,Single
1362,360000,1514,2,2,2007,Condo
1363,360000,1632,2,2,2004,Condo
1364,360000,1732,3,2,1988,Single
1365,360000,1808,4,3,2003,Single
1366,360000,1308,2,2,1989,Condo
1367,360000,1755,3,2,1956,Single
1368,360000,2105,3,2,1991,Single
1369,360000,1806,3,3,2003,Single
1370,360000,2020,4,3,2026,Single
1371,360000,1852,4,2,2023,Single
1372,360000,1983,4,3,2021,Single
1373,360000,2039,4,3,2018,Single
1374,360000,1644,3,2,1985,Single
1375,360000,2030,5,3,2026,Single
1376,360000,1531,2,2,1989,Single
1377,360000,780,1,2,1969,Condo
1378,360000,1532,2,2,2023,Single
1379,360000,2601,5,3,2017,Single
1380,360000,1464,3,2,2014,Single
1381,360000,1669,3,2,1984,Condo
1382,360000,1752,3,3,2020,Single
1383,360000,2342,3,3,1999,Single
1384,360000,1188,2,2,1972,Condo
1385,360000,1240,2,2,2005,Condo
1386,360000,1563,3,2,2007,Single
1387,360670,1662,3,2,2025,Single
1388,360900,1701,4,2,1973,Single
1389,360900,2415,4,3,2026,Single
1390,361000,1689,3,2,2025,Single
1391,361000,1667,2,2,2002,Single
1392,361000,1561,2,2,1962,Single
1393,361000,1190,2,2,1986,Single
1394,361000,1672,3,2,2026,Single
1395,361000,1936,3,2,2026,Single
1396,361000,1822,4,2,1979,Single
1397,361435,1828,4,2,2026,Single
1398,361500,1560,3,2,2026,Single
1399,361555,1672,3,2,2026,Single
1400,362000,2260,4,3,2023,Single
1401,362000,1648,3,2,2002,Single
1402,362000,1288,3,2,1964,Single
1403,362000,1571,3,2,1996,Single
1404,362000,1804,3,2,2022,Single
1405,362500,1308,3,1,1954,Single
1406,362500,1495,3,2,2007,Condo
1407,362500,1064,2,2,1989,Condo
1408,362500,2052,3,2,1973,Single
1409,362900,1968,4,3,2026,Single
1410,362900,1068,3,2,1996,Single
1411,362990,1872,4,2,2025,Single
1412,363000,1168,3,2,1985,Single
1413,363000,1374,2,2,1987,Condo
1414,363000,972,2,2,1986,Condo
1415,363000,1381,3,2,1977,Single
1416,363175,1574,2,2,2025,Single
1417,363999,2360,4,3,2025,Single
1418,364000,2257,4,3,2025,Single
1419,364000,1718,2,2,2025,Single
1420,364000,1270,3,2,1991,Single
1421,364000,2160,4,4,2007,Single
1422,364000,1850,3,2,2003,Single
1423,364000,1828,4,2,2026,Single
1424,364100,2503,4,3,2025,Single
1425,364500,1344,3,2,1980,Single
1426,364572,2305,4,3,2026,Single
1427,364865,1639,3,3,2025,Single
1428,364900,1829,4,2,1977,Single
1429,364900,1854,3,2,1976,Single
1430,364900,2574,5,3,1976,Single
1431,364900,1968,4,3,2026,Single
1432,364990,1672,3,2,2025,Single
1433,364990,2615,5,3,2025,Single
1434,364990,2103,4,3,2026,Single
1435,364990,1672,3,2,2025,Single
1436,364990,2294,3,3,2025,Single
1437,364990,2447,5,3,2025,Single
1438,364990,2262,5,3,2025,Single
1439,364990,1828,4,2,2025,Single
1440,364995,1828,4,2,2026,Single
1441,365000,1056,2,2,1960,Single
1442,365000,2083,3,2,2004,Single
1443,365000,1830,4,2,2022,Single
1444,365000,1896,3,2,1992,Single
1445,365000,1876,4,2,1970,Single
1446,365000,950,2,2,1985,Condo
1447,365000,2107,4,3,2023,Single
1448,365000,640,1,1,1985,Condo
1449,365000,830,2,1,1952,Single
1450,365000,1928,4,2,1987,Single
1451,365000,1819,3,2,1984,Single
1452,365000,1903,4,2,2008,Single
1453,365000,2028,4,2,2005,Single
1454,365000,1545,3,2,1970,Single
1455,365000,1080,2,2,1981,Condo
1456,365000,1319,2,2,1994,Condo
1457,365000,2304,4,3,1974,Single
1458,365000,2215,5,3,2007,Single
1459,365000,2156,4,4,2016,Single
1460,365000,1546,2,2,2021,Single
1461,365000,1600,4,2,2003,Single
1462,365000,1444,4,3,1972,Single
1463,365000,1184,2,2,1983,Single
1464,365000,917,2,2,2002,Condo
1465,365000,1248,2,2,1982,Single
1466,365000,1885,3,2,1986,Single
1467,365000,2107,4,2,2008,Single
1468,365000,1346,3,2,1979,Single
1469,365000,2069,3,2,2002,Single
1470,365000,1166,2,1,1961,Single
1471,365000,2160,4,3,2026,Single
1472,365000,960,2,2,1985,Single
1473,365000,1570,3,2,2026,Single
1474,365000,1258,3,2,1973,Single
1475,365000,1820,4,2,2022,Single
1476,365000,1392,3,2,1988,Single
1477,365000,1720,3,2,2023,Single
1478,365000,1474,3,2,2019,Single
1479,365000,1475,3,2,2022,Single
1480,365000,743,1,1,2002,Condo
1481,365000,1104,2,2,1950,Single
1482,365000,1553,2,2,2013,Single
1483,365251,2385,3,3,2025,Single
1484,365770,1713,3,2,2026,Single
1485,365990,2286,4,2,2026,Single
1486,366000,2169,4,2,2025,Single
1487,366000,1696,4,2,2019,Single
1488,366000,2118,4,2,2005,Single
1489,366210,1839,4,2,2025,Single
1490,366500,2529,4,3,2025,Single
1491,367000,1965,3,3,2025,Single
1492,367000,1449,2,2,1996,Condo
1493,367000,1999,3,2,1978,Single
1494,367000,1580,3,2,2025,Single
1495,367000,508,1,1,1978,Condo
1496,367500,1754,3,2,1978,Single
1497,367500,1828,3,2,1991,Single
1498,367500,1776,2,2,1985,Single
1499,367900,2275,4,3,2026,Single
1500,367990,2030,5,3,2026,Single
1501,367990,2030,5,3,2026,Single
1502,368000,2502,3,2,1999,Single
1503,368000,1989,4,3,2005,Single
1504,368000,2120,3,2,2005,Single
1505,368000,660,1,1,1974,Condo
1506,368000,1107,3,2,1983,Single
1507,368000,1985,3,2,2006,Single
1508,368000,2106,4,3,2025,Single
1509,368165,1828,4,2,2026,Single
1510,368490,2305,4,3,2025,Single
1511,368500,1774,3,2,2002,Single
1512,368950,1103,1,2,2023,Condo
1513,369000,1483,3,2,1994,Single
1514,369000,1736,3,2,1981,Single
1515,369000,1548,2,2,1984,Condo
1516,369230,1848,3,2,2025,Single
1517,369805,2034,4,2,2026,Single
1518,369900,1856,4,2,2026,Single
1519,369900,1874,4,2,2003,Single
1520,369900,1536,3,2,1992,Single
1521,369900,1810,3,2,2002,Single
1522,369900,1856,4,2,2026,Single
1523,369900,1499,3,2,2023,Single
1524,369900,2550,5,3,2025,Single
1525,369900,1930,4,3,2018,Single
1526,369926,1904,3,2,1989,Single
1527,369990,2103,4,2,2025,Single
1528,369990,1968,4,3,2025,Single
1529,369990,1672,3,2,,Single
1530,369990,2605,5,3,2025,Single
1531,369999,1612,3,2,2007,Single
1532,369999,2421,5,3,2025,Single
1533,370000,1334,3,3,1947,Single
1534,370000,2606,4,3,2022,Single
1535,370000,1351,2,2,1997,Condo
1536,370000,1144,3,2,1978,Single
1537,370000,1788,3,2,1992,Single
1538,370000,1956,2,2,2002,Single
1539,370000,1274,2,2,1978,Single
1540,370000,1828,4,2,2026,Single
1541,370000,1159,3,2,1955,Single
1542,370000,2772,3,3,1979,Single
1543,370000,1871,3,2,2020,Condo
1544,370000,2005,2,2,1993,Single
1545,370000,1272,3,2,1973,Single
1546,370000,1503,2,2,2024,Single
1547,370000,1791,3,2,1991,Single
1548,370000,1599,3,2,2018,Single
1549,370000,1572,2,2,2015,Single
1550,370000,1891,3,2,2004,Single
1551,370000,1983,3,2,2023,Single
1552,370000,1080,4,2,1960,Single
1553,370000,1828,4,2,2018,Single
1554,370000,2006,4,3,2010,Single
1555,370000,1820,3,2,2006,Single
1556,370000,2371,3,2,1994,Single
1557,370000,1397,2,2,1990,Single
1558,370000,1405,3,2,1981,Single
1559,370000,1602,3,2,2020,Single
1560,370000,2390,4,3,2004,Single
1561,370000,1513,3,2,1979,Single
1562,370000,1616,2,3,2000,Single
1563,370000,1750,3,2,1970,Single
1564,370000,1384,3,2,1980,Single
1565,370000,1502,3,2,1997,Single
1566,370000,2352,3,2,2017,Single
1567,370000,2172,4,2,1987,Single
1568,370000,1844,3,2,2025,Single
1569,370000,1702,4,2,2002,Single
1570,370000,1836,3,2,2020,Single
1571,370000,1828,4,2,2026,Single
1572,370000,735,1,2,2007,Condo
1573,370000,1974,3,2,2026,Single
1574,370000,1828,4,2,2026,Single
1575,370000,1825,4,2,2021,Single
1576,370000,1275,2,2,2020,Single
1577,370000,778,2,2,1989,Condo
1578,370000,1030,2,2,1977,Condo
1579,370000,828,2,1,1957,Single
1580,370000,2020,4,3,2024,Single
1581,370000,804,2,2,1997,Single
1582,370000,1844,4,2,2022,Single
1583,370880,1817,4,3,2018,Single
1584,370990,2077,5,3,2026,Single
1585,371000,2145,2,2,2001,Single
1586,371000,2221,3,3,2025,Single
1587,371000,2820,4,3,1978,Single
1588,371000,1844,3,2,2025,Single
1589,371050,1805,3,2,1991,Single
1590,371200,2169,4,2,2026,Single
1591,371400,1492,3,2,1997,Single
1592,371500,1125,3,2,1958,Single
1593,371990,2447,5,3,2026,Single
1594,371990,1828,4,2,2025,Single
1595,372000,1442,3,2,1987,Single
1596,372000,1628,3,2,1990,Single
1597,372000,1205,2,3,1975,Condo
1598,372000,1525,2,2,1993,Single
1599,372130,1654,3,2,2025,Single
1600,372300,1459,3,2,1967,Single
1601,372500,1677,3,2,1997,Condo
1602,372500,1604,3,2,2023,Single
1603,372890,1580,4,2,2026,Single
1604,372900,2092,4,2,1984,Single
1605,373000,1636,3,2,2025,Single
1606,373500,2294,4,3,1994,Single
1607,373999,1413,3,2,1994,Single
1608,374000,1656,4,2,2022,Single
1609,374000,2077,5,3,2026,Single
1610,374150,1903,3,2,1999,Single
1611,374900,1845,3,2,2025,Single
1612,374900,2516,5,3,2025,Single
1613,374900,2043,5,3,2026,Single
1614,374900,2178,4,3,1973,Single
1615,374900,1968,4,3,2025,Single
1616,374900,1480,3,2,2006,Condo
1617,374980,2084,4,3,2026,Single
1618,374985,2084,4,3,2025,Single
1619,374990,2030,5,3,2026,Single
1620,374990,1665,4,2,2025,Single
1621,374990,2447,5,3,2025,Single
1622,374990,1665,4,2,2025,Single
1623,374990,1970,3,2,2025,Single
1624,374990,1665,4,2,2025,Single
1625,374990,2427,5,3,2025,Single
1626,374999,2807,5,3,2025,Single
1627,375000,2503,4,3,2025,Single
1628,375000,1972,4,3,2023,Single
1629,375000,1828,4,2,2026,Single
1630,375000,1441,2,2,1998,Single
1631,375000,1705,3,2,2001,Single
1632,375000,1524,3,2,1940,Single
1633,375000,1112,3,2,1954,Single
1634,375000,1230,3,2,1990,Single
1635,375000,1657,3,2,2013,Single
1636,375000,1664,3,2,1988,Single
1637,375000,1927,4,2,2025,Single
1638,375000,922,2,2,1972,Condo
1639,375000,1737,3,2,2008,Single
1640,375000,1984,3,2,1981,Single
1641,375000,1356,3,2,2004,Single
1642,375000,1544,2,2,2021,Single
1643,375000,1869,2,2,2016,Single
1644,375000,1287,2,2,1978,Condo
1645,375000,1316,2,2,1996,Single
1646,375000,1620,3,2,1994,farm
1647,375000,1436,2,2,2021,Single
1648,375000,1044,2,2,1986,Condo
1649,375000,1614,2,2,2025,Single
1650,375000,1472,3,2,1968,Single
1651,375000,2537,4,4,2022,Single
1652,375000,1413,2,2,1984,Single
1653,375000,1634,3,2,1982,Single
1654,375000,1628,3,2,1995,Single
1655,375000,1925,4,3,2016,Single
1656,375000,1464,3,2,1973,Single
1657,375000,1587,2,2,1998,Single
1658,375000,1842,4,2,2014,Single
1659,375000,1693,4,2,2007,Single
1660,375000,1646,3,2,1993,Condo
1661,375000,1505,3,2,1988,Single
1662,375000,1469,2,2,1982,Condo
1663,375000,1771,3,3,2025,Single
1664,375000,1596,4,2,1959,Single
1665,375000,1162,2,2,2017,Condo
1666,375000,2391,3,3,2019,Single
1667,375000,1961,3,3,2023,Single
1668,375000,1404,3,2,1961,Single
1669,375000,795,1,1,1970,Condo
1670,375000,1447,3,2,1980,Single
1671,375000,1846,4,2,2017,Single
1672,375000,3009,3,3,1885,Single
1673,375000,1668,3,2,1959,Single
1674,375000,1443,2,2,2022,Single
1675,375000,1667,3,2,1997,Single
1676,375000,1261,3,2,1945,Single
1677,375000,2674,4,3,1978,Single
1678,375000,2231,3,3,2022,Single
1679,375000,1746,3,2,1986,Single
1680,375000,1956,4,4,1986,Single
1681,375400,2160,4,2,2025,Single
1682,375775,2029,4,3,2026,Single
1683,375900,1587,2,2,1969,Single
1684,376000,2034,4,2,2024,Single
1685,376000,1872,4,2,2026,Single
1686,376281,1828,4,2,2025,Single
1687,376939,2516,5,4,2025,Single
1688,377000,2601,5,3,2025,Single
1689,377000,1156,2,2,2012,Single
1690,377090,2045,4,3,2026,Single
1691,377500,1597,4,2,1976,Single
1692,377500,900,1,2,2007,Condo
1693,377500,2217,4,3,2022,Single
1694,377900,1615,4,2,2026,Single
1695,377990,2030,5,3,2026,Single
1696,378000,1464,3,2,1976,Single
1697,378000,2295,4,3,2024,Single
1698,378900,1536,3,2,2025,Single
1699,379000,1404,3,2,2002,Single
1700,379000,1904,2,2,2018,Single
1701,379000,1846,4,2,2021,Single
1702,379000,1923,4,2,2005,Single
1703,379000,1365,2,2,1995,Single
1704,379000,1978,4,3,2020,Single
1705,379000,1514,3,2,1981,Single
1706,379000,1565,3,2,2026,Single
1707,379000,1313,3,3,1990,Single
1708,379490,2370,5,3,2025,Single
1709,379500,1649,3,3,2025,Single
1710,379900,2384,4,3,2026,Single
1711,379900,2890,5,4,2025,Single
1712,379900,2107,5,3,2026,Single
1713,379900,2595,5,3,2025,Single
1714,379900,1198,2,2,1974,Single
1715,379990,2499,5,3,2026,Single
1716,379990,2305,4,3,2026,Single
1717,380000,2391,3,3,2000,Single
1718,380000,732,2,2,1977,Condo
1719,380000,1644,3,2,2020,Single
1720,380000,1338,2,2,1980,Single
1721,380000,1637,3,2,2025,Single
1722,380000,1471,3,2,1995,Single
1723,380000,1779,3,2,1981,Single
1724,380000,1786,3,3,1991,Single
1725,380000,1426,2,2,1980,Single
1726,380000,1319,3,2,1977,Single
1727,380000,2485,3,2,1982,Single
1728,380000,1699,3,3,1987,Condo
1729,380000,1974,4,3,1999,Single
1730,380000,1478,4,3,1983,Single
1731,380000,1128,2,2,1957,Single
1732,380000,1502,3,2,2022,Single
1733,380000,1531,3,2,2007,Single
1734,380000,1740,3,2,1981,Single
1735,380000,2173,4,2,2015,Single
1736,380000,1673,4,2,2005,Single
1737,380000,2312,4,2,1996,Single
1738,380000,1830,4,2,2023,Single
1739,380000,1341,3,2,1995,Single
1740,380000,2020,4,3,2026,Single
1741,380000,2519,4,2,1988,Single
1742,380000,2028,4,3,2023,Single
1743,380000,1495,2,2,1975,Single
1744,380000,2286,4,3,1988,Single
1745,380000,2139,3,3,2005,Single
1746,380000,963,1,2,1974,Condo
1747,380000,1544,2,2,2023,Single
1748,380000,1805,3,2,1965,Single
1749,380000,1718,4,2,2006,Single
1750,380000,1659,3,2,1991,Single
1751,380000,1949,4,2,2019,Single
1752,380000,1826,3,2,2022,Single
1753,380000,1917,3,2,2005,Single
1754,380000,2257,3,2,1995,Single
1755,380000,1387,2,2,2022,Single
1756,380000,1646,2,2,2014,Condo
1757,380000,1646,3,2,1993,Condo
1758,380000,2116,3,2,1999,Single
1759,380000,1248,3,2,1978,Single
1760,380000,2023,4,2,2022,Single
1761,380000,2819,4,2,1994,Single
1762,380000,1460,2,2,1992,Condo
1763,380000,1824,3,2,1999,Single
1764,380000,1722,3,2,1999,Single
1765,380000,1737,2,2,2016,Single
1766,381000,700,2,1,1950,Single
1767,381805,1799,4,2,2025,Single
1768,381900,1680,3,2,2025,Single
1769,381939,2287,5,3,2025,Single
1770,382000,1551,3,2,1977,Single
1771,382000,1344,3,2,1981,Single
1772,382000,1683,3,2,1974,Single
1773,382500,1747,2,2,1977,Single
1774,383000,1723,2,2,2025,Single
1775,383000,1340,3,2,2011,Condo
1776,383060,2035,4,3,2026,Single
1777,383500,1547,2,2,1997,Condo
1778,383990,1986,4,2,2024,Single
1779,384500,1513,3,2,2019,Single
1780,384900,1303,3,2,1980,Single
1781,384900,1618,3,2,1996,Single
1782,384900,2721,4,3,2025,Single
1783,384990,1828,4,2,2025,Single
1784,384990,1504,3,2,2025,Single
1785,384990,2434,5,3,2025,Single
1786,384990,2499,5,3,2026,Single
1787,384999,1486,2,2,2026,Single
1788,384999,1486,2,2,2025,Single
1789,385000,1705,2,2,1990,Condo
1790,385000,1323,3,2,1958,Single
1791,385000,2175,3,2,1997,Single
1792,385000,1998,3,3,1983,Single
1793,385000,2222,4,3,2004,Single
1794,385000,1406,4,2,1962,Single
1795,385000,1844,4,2,1976,Single
1796,385000,1234,3,2,1972,Single
1797,385000,1910,3,3,2025,Single
1798,385000,1504,3,2,1991,Single
1799,385000,1855,3,3,2019,Single
1800,385000,1545,3,2,2018,Single
1801,385000,1536,3,2,1987,Single
1802,385000,1095,3,2,2016,Single
1803,385000,2247,3,2,1998,Single
1804,385000,1735,3,2,1987,Single
1805,385000,1725,3,2,2006,Single
1806,385000,2084,4,4,2025,Single
1807,385000,1600,3,2,2026,Single
1808,385000,1220,3,2,1984,Single
1809,385000,1666,3,2,2019,Single
1810,385000,1348,2,2,2020,Single
1811,385000,1866,3,2,1985,Single
1812,385000,2013,3,2,2005,Single
1813,385000,1458,2,2,1905,Single
1814,385000,1248,2,2,1992,Single
1815,385000,738,1,1,2008,Condo
1816,385000,1764,3,2,2026,Single
1817,385000,2401,4,3,2013,Single
1818,385000,2415,4,3,2019,Single
1819,385000,2009,3,2,1993,Single
1820,385000,2168,4,3,2026,Single
1821,385000,953,2,1,1975,Single
1822,385000,1308,2,2,1973,Condo
1823,385000,2352,4,2,1997,Single
1824,385000,2193,3,2,1994,Single
1825,385000,2137,3,2,1957,Single
1826,385000,1710,2,3,2003,Single
1827,385000,1684,3,2,1994,Single
1828,385000,2034,4,2,2022,Single
1829,385000,1400,2,2,2004,Condo
1830,385000,1850,4,2,2012,Single
1831,385000,1290,2,1,1951,Single
1832,385000,1935,4,2,2019,Single
1833,385000,2483,4,2,2013,Single
1834,385000,1284,3,1,1963,Single
1835,385000,1700,4,2,2013,Single
1836,385000,785,1,2,2008,Condo
1837,385000,1455,3,2,1994,Single
1838,385000,1552,3,2,2021,Single
1839,385000,990,2,2,1924,Single
1840,385000,852,2,1,1969,Single
1841,385000,1780,4,2,1977,Single
1842,385000,1816,4,2,2003,Single
1843,385290,2023,4,3,2026,Single
1844,385490,1555,3,2,2025,Single
1845,385900,1680,3,2,2026,Single
1846,385910,1760,3,3,2026,Single
1847,385990,2105,4,3,2025,Single
1848,385990,2601,5,3,,Single
1849,385990,2030,5,3,2026,Single
1850,386000,2605,5,3,2026,Single
1851,386000,2037,4,3,2021,Single
1852,386000,1876,3,3,1988,Condo
1853,386000,2191,3,2,1994,Single
1854,386500,1045,2,2,1973,Condo
1855,386500,1846,4,2,1980,Single
1856,386900,2005,4,2,2025,Single
1857,387000,2036,4,3,2023,Single
1858,387347,2377,4,3,2025,Single
1859,388000,1544,3,2,2006,Single
1860,388000,1616,3,2,1980,Single
1861,388000,1687,3,2,1993,Single
1862,388000,1616,4,2,2025,Single
1863,388000,2506,3,2,1992,Single
1864,388000,1585,2,2,,Single
1865,388550,3000,4,3,2025,Single
1866,388990,2034,4,2,2025,Single
1867,388990,2836,5,3,2025,Single
1868,389000,1070,3,1,1972,Single
1869,389000,1405,4,2,1951,Single
1870,389000,2032,4,3,2025,Single
1871,389000,1189,2,2,1988,Condo
1872,389000,2003,3,3,2025,Single
1873,389000,1262,3,2,2004,Single
1874,389000,2000,3,3,2006,Single
1875,389000,1766,4,2,2026,Single
1876,389090,2615,5,3,2025,Single
1877,389900,2182,4,4,2005,Single
1878,389900,1486,2,2,1988,Condo
1879,389900,1968,4,3,2026,Single
1880,389900,1800,4,2,2025,Single
1881,389900,2667,4,2,2007,Condo
1882,389900,1893,3,2,1995,Single
1883,389900,1936,3,2,2025,Single
1884,389900,2446,5,3,2024,Single
1885,389985,2106,4,2,2026,Single
1886,389985,2084,4,3,2026,Single
1887,389990,2202,4,3,2025,Single
1888,389990,2387,4,3,2025,Single
1889,389990,2453,5,3,2025,Single
1890,390000,1723,2,2,1999,Single
1891,390000,1591,3,2,1989,Single
1892,390000,2368,4,5,1955,Single
1893,390000,1913,2,2,2005,Single
1894,390000,1261,2,2,1971,Condo
1895,390000,1874,3,2,2000,Single
1896,390000,1573,3,2,1975,Single
1897,390000,1810,3,2,2005,Single
1898,390000,1930,4,2,1978,Single
1899,390000,1674,2,2,2002,Condo
1900,390000,1728,3,2,2000,Single
1901,390000,1175,3,2,1982,Single
1902,390000,2601,5,3,,Single
1903,390000,1806,4,2,2020,Single
1904,390000,1448,2,2,2023,Single
1905,390000,990,2,2,1973,Condo
1906,390000,1707,4,2,2025,Single
1907,390000,2221,3,3,2025,Single
1908,390000,1758,3,2,1997,Single
1909,390000,1298,2,2,2006,Condo
1910,390000,1396,2,2,1958,Single
1911,390000,1918,3,3,1985,Condo
1912,390000,1735,3,2,1986,Single
1913,390000,1175,3,2,1989,Condo
1914,390000,2322,4,2,2008,Single
1915,390000,1436,2,2,2021,Single
1916,390000,1200,2,2,2005,Condo
1917,390000,2374,3,2,1993,Single
1918,390000,1805,4,2,2017,Single
1919,390000,1467,2,2,2019,Condo
1920,390000,2478,4,3,2025,Single
1921,390000,1411,3,2,1980,Condo
1922,390000,2880,6,6,1950,Single
1923,390000,1664,3,2,1963,Single
1924,390000,1206,2,2,2001,Condo
1925,390000,1500,3,2,2004,Single
1926,390000,1300,2,2,1974,Condo
1927,390000,2242,4,3,1981,Single
1928,390000,1607,3,2,2024,Single
1929,390000,1634,3,2,1981,Single
1930,390000,1304,3,2,1979,Single
1931,390000,1525,2,2,2014,Single
1932,390000,1000,3,1,1959,Single
1933,390000,1684,3,2,1990,Single
1934,390000,1419,3,2,2002,Single
1935,390000,1590,3,2,1987,Single
1936,390000,1532,3,2,1973,Single
1937,390000,1828,4,2,2025,Single
1938,390000,1222,2,2,1971,Single
1939,390500,2168,4,3,2025,Single
1940,390500,2415,4,3,2026,Single
1941,391000,1586,4,2,1960,Single
1942,391747,2120,4,2,2025,Single
1943,392000,1787,3,2,2025,Single
1944,392000,1959,3,2,1991,Single
1945,392000,1619,3,2,2007,Single
1946,392000,1894,4,3,1972,Single
1947,392000,1942,3,2,2000,Single
1948,392400,1419,3,2,1959,Single
1949,392400,1900,4,2,1984,Single
1950,392500,1670,2,3,1975,Condo
1951,393000,1337,2,2,1956,Single
1952,393990,1672,3,2,2025,Single
1953,394000,1902,3,2,2025,Single
1954,394000,1828,4,2,2025,Single
1955,394080,2731,4,3,2026,Single
1956,394500,1986,4,2,2025,Single
1957,394500,1185,2,2,2010,Condo
1958,394900,2178,4,3,2025,Single
1959,394900,1563,3,2,1988,Single
1960,394900,1330,3,2,1931,Single
1961,394982,2382,4,3,2026,Single
1962,394989,2226,4,3,2026,Single
1963,395000,2221,3,3,2026,Single
1964,395000,2447,5,3,2023,Single
1965,395000,2086,4,2,2025,Single
1966,395000,1624,3,2,1999,Condo
1967,395000,1832,3,2,1963,Single
1968,395000,1946,4,2,1969,Single
1969,395000,2182,3,2,1986,Single
1970,395000,1780,3,3,1990,Single
1971,395000,2017,3,2,2017,Single
1972,395000,2350,4,3,1986,Single
1973,395000,1770,3,2,1993,Single
1974,395000,1708,4,2,1946,Single
1975,395000,1507,2,2,1981,Condo
1976,395000,1513,3,2,1995,Single
1977,395000,1873,4,2,2025,Single
1978,395000,2063,3,2,2026,Single
1979,395000,1691,3,2,2006,Single
1980,395000,2020,3,2,1976,Single
1981,395000,1439,3,2,2023,Single
1982,395000,1826,3,2,1950,Single
1983,395000,2100,4,2,1998,Single
1984,395000,1212,4,3,1964,Single
1985,395000,1443,3,2,1990,Single
1986,395000,1741,3,4,1963,Single
1987,395000,1497,3,2,1986,Single
1988,395000,2423,2,2,1984,Single
1989,395000,1184,2,3,2007,Condo
1990,395000,1722,4,3,1958,Single
1991,395000,1125,2,2,1975,Condo
1992,395000,1140,3,2,1954,Single
1993,395000,1722,2,2,1996,Single
1994,395000,1921,4,2,2025,Single
1995,395000,1478,3,1,1960,Single
1996,395000,2325,3,3,1987,Single
1997,395000,1883,4,3,1986,Single
1998,395000,1000,2,2,1973,Condo
1999,395000,1976,4,3,2026,Single
2000,395000,1979,3,2,2015,Single
2001,395000,1417,3,2,1956,Single
2002,395000,2211,4,3,2015,Single
2003,395000,1860,3,2,2025,Single
2004,395000,1922,3,2,2018,Single
2005,395500,2221,3,3,2026,Single
2006,395665,2200,4,3,2024,Single
2007,395902,2636,3,4,2025,Single
2008,395990,2605,5,3,2026,Single
2009,396000,1859,4,2,2007,Single
2010,396000,2221,3,2,2008,Single
2011,396000,1514,3,2,1988,Single
2012,396101,1411,2,2,1959,Single
2013,396141,1938,4,3,2026,Single
2014,396336,2127,4,2,2025,Single
2015,396500,1464,2,2,2024,Single
2016,396650,1934,4,2,2025,Single
2017,396899,2486,4,3,2026,Single
2018,396990,2499,5,3,2026,Single
2019,397000,2058,4,3,2015,Single
2020,397000,1280,3,2,2002,Single
2021,397000,928,3,2,1954,Single
2022,398000,1180,2,2,1970,Condo
2023,398000,2052,4,2,2005,Single
2024,398000,1671,3,2,1968,Single
2025,398000,1712,3,2,2026,Single
2026,398000,3333,5,4,1989,Single
2027,398000,1819,4,2,2026,Single
2028,398000,1765,3,2,2025,Single
2029,398074,1799,4,2,2026,Single
2030,398412,1950,4,2,2025,Single
2031,398549,2023,4,3,2026,Single
2032,398660,2230,3,3,2026,Single
2033,398990,1828,4,2,2025,Single
2034,398990,2499,5,3,2026,Single
2035,399000,2111,5,3,2025,Single
2036,399000,1443,2,3,1973,Condo
2037,399000,1417,3,2,2023,Single
2038,399000,1084,3,2,1972,Single
2039,399000,1771,3,2,1998,Single
2040,399000,1617,3,2,2000,Single
2041,399000,1533,2,2,2026,Single
2042,399000,2222,3,3,2003,Single
2043,399000,2284,3,2,2019,Condo
2044,399000,1533,2,2,2026,Single
2045,399000,1792,6,2,1918,Single
2046,399000,1758,3,3,2026,Single
2047,399068,1840,4,2,2026,Single
2048,399900,1652,3,3,1987,Single
2049,399900,2721,4,3,2025,Single
2050,399900,2096,4,3,2023,Single
2051,399900,1540,3,2,1962,Single
2052,399900,2092,4,3,2026,Single
2053,399900,2471,4,3,2026,Single
2054,399900,1325,3,2,1984,Single
2055,399900,2995,5,4,2025,Single
2056,399900,2233,3,3,2011,Single
2057,399900,2032,3,2,2006,Single
2058,399900,1862,4,2,2020,Single
2059,399900,2505,4,3,2018,Single
2060,399990,2203,4,3,2025,Single
2061,399990,1828,4,2,2025,Single
2062,399990,2956,5,4,2026,Single
2063,399990,1504,3,2,2025,Single
2064,399990,1720,4,2,2025,Single
2065,399990,1828,4,2,2025,Single
2066,399990,2499,5,3,2026,Single
2067,399990,1968,4,3,2025,Single
2068,399999,1533,2,2,2026,Single
2069,400000,1896,3,2,1960,Single
2070,400000,1445,3,2,1975,Single
2071,400000,1958,4,4,1989,Single
2072,400000,1983,3,3,1973,Single
2073,400000,4093,4,5,1972,Single
2074,400000,2286,3,3,2005,Single
2075,400000,2168,4,3,2026,Single
2076,400000,1282,2,2,1969,Single
2077,400000,923,1,2,2007,Condo
2078,400000,1432,2,2,2007,Condo
2079,400000,1912,4,3,2025,Single
2080,400000,1050,2,1,2007,Condo
2081,400000,1187,3,2,1988,Single
2082,400000,2160,4,2,2023,Single
2083,400000,2175,4,3,2025,Single
2084,400000,1152,2,1,1958,Single
2085,400000,1576,3,2,2019,Single
2086,400000,1533,2,2,2026,Single
2087,400000,1379,3,2,1976,Single
2088,400000,1521,4,2,1969,Single
2089,400000,906,2,1,1980,Single
2090,400000,1532,2,2,2000,Condo
2091,400000,1541,3,2,2024,Single
2092,400000,2026,2,2,1998,Single
2093,400000,1533,2,2,2026,Single
2094,400000,1414,2,2,2001,Condo
2095,400000,1786,3,2,2015,Condo
2096,400000,1916,3,3,,Single
2097,400000,2000,2,2,1981,Single
2098,400000,1863,3,3,1999,Single
2099,400000,2414,4,4,1993,Single
2100,400000,1568,2,2,2024,Condo
2101,400000,1318,3,2,1981,Single
2102,400000,1712,3,2,1995,Single
2103,400000,1366,2,2,1981,Condo
2104,400000,1679,3,2,1975,Single
2105,400000,1577,2,2,2022,Single
2106,400000,1812,3,2,2021,Single
2107,400000,2009,3,2,2003,Single
2108,400000,1452,3,2,1998,Single
2109,400000,1292,3,2,1966,Single
2110,400000,1755,4,3,1963,Single
2111,400000,2399,4,3,1990,Single
2112,400000,970,2,2,1955,Single
2113,400000,1525,3,3,1974,Single
2114,400000,2185,3,2,1989,Single
2115,400000,2620,5,3,2014,Single
2116,400000,1697,3,2,1972,Single
2117,400000,978,3,2,1961,Single
2118,400000,1369,4,2,2025,Single
2119,400000,2272,3,2,1994,Single
2120,400000,1670,3,2,2011,Single
2121,400000,1716,2,2,2019,Single
2122,400000,1858,3,2,2002,Single
2123,400000,2684,4,3,2014,Single
2124,400000,1442,3,2,1997,Single
2125,400000,1860,5,3,1990,Single
2126,400000,1513,3,2,1995,Single
2127,400000,1330,2,3,1974,Condo
2128,400000,2086,3,3,2017,Single
2129,400000,1513,3,2,2004,Single
2130,400000,2630,5,4,2023,Condo
2131,400000,1302,3,2,1987,Single
2132,400000,1590,3,3,2006,Condo
2133,400000,1413,2,2,1988,Single
2134,400000,1000,3,2,1972,Single
2135,400000,1741,3,3,1996,Single
2136,400000,1993,2,3,1994,Single
2137,400000,1365,3,2,1964,Single
2138,400000,1110,2,2,1980,Condo
2139,400000,1811,4,2,2025,Single
2140,400000,2048,3,4,2007,Condo
2141,400000,1926,3,2,1991,Single
2142,400000,1972,4,2,2013,Single
2143,400000,2601,5,3,2022,Single
2144,400000,1736,3,2,1997,Single
2145,400000,2133,4,2,1994,Single
2146,400000,1414,2,2,1979,Single
2147,400000,1953,3,2,2006,Single
2148,400000,990,1,2,1968,Condo
2149,400000,1764,3,2,2025,Single
2150,400130,2586,5,3,2025,Single
2151,400900,1540,3,2,2025,Single
2152,400990,1504,3,2,2025,Single
2153,400990,1850,4,2,2025,Single
2154,401000,1703,3,2,1962,Single
2155,401990,1504,3,2,2025,Single
2156,402000,2427,4,3,2004,Single
2157,402000,2376,4,3,1970,Single
2158,402000,1576,3,2,2002,Single
2159,402000,1091,3,2,1985,Condo
2160,403000,1829,3,2,2003,Single
2161,403000,1273,3,2,1957,Single
2162,403000,1962,3,2,1989,Single
2163,403000,1537,3,2,1979,Single
2164,403900,2244,5,3,2025,Single
2165,404000,2035,4,3,2022,Single
2166,404085,1968,4,3,2026,Single
2167,404100,1464,2,2,2024,Single
2168,404500,1718,3,2,2011,Single
2169,405000,918,3,2,1956,Single
2170,405000,3132,5,3,1954,Single
2171,405000,1514,3,2,1941,Single
2172,405000,1839,3,3,1989,Single
2173,405000,1836,4,3,1989,Single
2174,405000,1545,2,2,2006,Condo
2175,405000,2202,4,3,2025,Single
2176,405000,1196,2,2,1979,Condo
2177,405000,1408,2,2,1998,Condo
2178,405000,2082,4,3,2015,Single
2179,405000,2265,4,3,2025,Single
2180,405000,1669,2,2,2002,Condo
2181,405000,1686,3,2,1987,Single
2182,405000,2136,3,2,1951,Single
2183,405000,2195,3,2,1987,Single
2184,405000,1850,4,2,2026,Single
2185,405000,1590,3,2,2025,Single
2186,405000,1465,2,2,1966,Single
2187,405000,1925,4,3,1961,Single
2188,405000,2230,3,2,2012,Single
2189,405000,2992,4,3,2001,Single
2190,405000,2486,3,2,2005,Single
2191,405000,2244,3,2,2018,Single
2192,405000,1244,3,2,1977,Single
2193,405000,1414,2,2,2000,Condo
2194,405000,2150,4,3,2024,Single
2195,405000,1477,4,2,1975,Single
2196,405000,1708,3,2,1996,Single
2197,405000,2251,4,2,2004,Single
2198,405295,2045,4,3,2026,Single
2199,405921,2450,4,3,2025,Single
2200,405990,1614,3,2,2025,Single
2201,406000,1210,3,2,1969,Single
2202,406000,1909,3,2,1996,Single
2203,406000,2389,5,3,2026,Single
2204,406000,1437,2,2,2015,Single
2205,406138,1970,3,2,2026,Single
2206,406900,2995,5,4,2025,Single
2207,407000,1839,4,3,2007,Single
2208,407000,1943,3,2,2017,Single
2209,407217,2896,4,4,1980,Single
2210,407500,1747,3,2,1998,Single
2211,407600,1828,4,2,2025,Single
2212,407937,2314,4,2,2025,Single
2213,408000,1715,4,2,2026,Single
2214,408000,1741,3,2,2020,Condo
2215,408000,1344,2,2,1956,Single
2216,408000,2045,4,3,2025,Single
2217,408000,1602,3,2,1991,Single
2218,408462,1878,3,2,2025,Single
2219,408990,1828,4,2,2025,Single
2220,409000,1752,3,2,1994,Single
2221,409000,2267,4,3,2025,Single
2222,409700,923,1,2,2007,Condo
2223,409816,2002,4,2,2017,Single
2224,409828,2470,5,3,2025,Single
2225,409900,1902,3,2,2007,Single
2226,409990,2601,5,3,2026,Single
2227,409990,1504,3,2,2025,Single
2228,409990,2336,4,3,,Single
2229,409999,1671,2,2,2026,Single
2230,409999,1671,3,2,2025,Single
2231,410000,1918,3,2,1992,Single
2232,410000,895,2,1,1960,Single
2233,410000,1962,3,2,2016,Single
2234,410000,1719,4,2,1958,Single
2235,410000,1936,3,2,1976,Single
2236,410000,1200,2,2,1984,Condo
2237,410000,1334,3,2,1992,Single
2238,410000,2054,4,2,2004,Single
2239,410000,2660,4,3,2013,Single
2240,410000,1672,3,2,1973,Single
2241,410000,1276,2,2,2007,Condo
2242,410000,2101,4,2,1983,Single
2243,410000,1928,3,2,2014,Single
2244,410000,1368,3,2,1954,Single
2245,410000,2410,4,3,2017,Single
2246,410000,1456,3,2,1974,Single
2247,410000,1518,3,2,1980,Single
2248,410000,1690,4,2,1990,Single
2249,410000,1357,3,2,2012,Single
2250,410000,2198,4,3,2026,Single
2251,410000,1503,2,2,2021,Single
2252,410000,2063,3,2,1990,Single
2253,410000,1875,3,2,1978,Single
2254,410000,1190,2,2,2002,Condo
2255,410000,2052,4,2,2006,Single
2256,410000,2034,3,2,2006,Single
2257,410000,2257,3,2,2005,Single
2258,410000,1654,4,2,2025,Single
2259,410000,1537,2,2,1974,Single
2260,410000,1852,4,2,2019,Single
2261,410000,1806,3,2,1955,Single
2262,410000,1417,2,2,2001,Condo
2263,410000,1575,3,2,1994,Single
2264,410000,1927,4,3,2014,Single
2265,410000,1235,2,2,1974,Condo
2266,410000,997,2,2,1994,Single
2267,410000,2374,3,2,1992,Single
2268,410000,2620,4,3,2022,Single
2269,410000,1872,3,3,2014,Single
2270,410000,2230,3,3,1994,Single
2271,410000,1839,3,2,2010,Single
2272,410000,1817,3,2,2004,Single
2273,410000,1917,3,2,2021,Single
2274,410000,1960,3,2,2025,Single
2275,410000,1431,3,1,1958,Single
2276,410000,2242,3,2,1957,Single
2277,410000,1787,3,2,2015,Single
2278,410000,1271,3,2,2001,Condo
2279,410000,2610,5,3,2005,Single
2280,411000,1422,3,2,1968,Single
2281,411000,1632,2,2,2004,Condo
2282,411000,940,2,2,1976,Single
2283,411163,2045,4,3,2026,Single
2284,411261,2175,4,3,2025,Single
2285,411550,2240,4,2,2025,Single
2286,411990,1828,4,2,2025,Single
2287,412000,2869,4,2,1975,Single
2288,412000,1967,4,2,2010,Single
2289,412000,2135,4,3,2018,Single
2290,412000,1315,2,2,1981,Single
2291,412000,1020,2,2,2020,Single
2292,412440,2601,5,3,2026,Single
2293,412500,2322,4,3,1994,Single
2294,412900,2004,4,3,2025,Single
2295,412900,2005,3,2,2025,Single
2296,413000,2464,5,3,1983,Single
2297,413200,1754,4,2,1979,Single
2298,413675,2314,4,3,2026,Single
2299,413990,1828,4,2,2025,Single
2300,414000,2495,4,3,2021,Single
2301,414000,1665,4,2,2025,Single
2302,414000,1702,3,2,1986,Single
2303,414000,2601,5,3,,Single
2304,414290,1913,3,3,2025,Single
2305,414499,2451,4,3,2025,Single
2306,414990,2447,5,3,2025,Single
2307,414990,2044,4,2,2025,Single
2308,414990,2490,5,3,,Single
2309,415000,1646,3,2,2000,Single
2310,415000,1258,3,3,1964,Single
2311,415000,1810,4,3,2002,Single
2312,415000,1100,2,2,1985,Condo
2313,415000,1450,3,2,1969,Single
2314,415000,1790,4,3,2018,Single
2315,415000,1737,3,2,2022,Single
2316,415000,1987,3,3,1988,Condo
2317,415000,1412,3,2,1996,Single
2318,415000,2811,5,4,2021,Single
2319,415000,2068,4,3,1966,Single
2320,415000,1141,3,2,1962,Single
2321,415000,1503,2,2,2023,Single
2322,415000,1778,2,2,2024,Single
2323,415000,2836,4,4,2001,Single
2324,415000,1204,3,2,1955,Single
2325,415000,1634,3,2,1999,Single
2326,415000,1834,2,2,1987,Single
2327,415000,1688,4,2,2017,Single
2328,415000,1780,4,2,2000,Single
2329,415000,1822,2,2,2021,Single
2330,415000,1377,4,2,1972,Single
2331,415000,1872,3,2,2002,Single
2332,415000,1344,3,2,1994,Single
2333,415000,2569,4,3,1989,Single
2334,415000,1877,4,2,1972,Single
2335,415000,1137,3,2,1956,Single
2336,415000,1589,4,3,1988,Single
2337,415000,1829,3,2,1998,Single
2338,415000,1190,3,2,1969,Single
2339,415000,1513,3,2,2018,Single
2340,415000,1721,3,3,1989,Single
2341,415000,2006,4,3,2019,Single
2342,415000,1828,3,2,2025,Single
2343,415000,2138,4,3,2006,Single
2344,415000,2107,4,3,2018,Single
2345,415000,1920,2,2,2016,Single
2346,415000,2005,4,3,2025,Single
2347,415000,1662,3,2,2025,Single
2348,415000,1254,2,1,1958,Single
2349,415000,1690,3,2,1954,Single
2350,415000,1529,2,2,1991,Condo
2351,415000,1460,2,2,1989,Single
2352,415000,672,2,1,1954,Single
2353,415000,1170,3,2,1958,Single
2354,415500,2413,3,2,2009,Single
2355,415600,1232,3,2,2001,Single
2356,415800,1305,3,2,1958,Single
2357,415824,2314,4,2,2026,Single
2358,415900,1452,2,2,1999,Condo
2359,415900,2259,4,3,2025,Single
2360,415990,2756,4,3,2025,Single
2361,415990,1665,4,2,2025,Single
2362,415990,2372,4,3,2025,Single
2363,416000,1518,3,2,2011,Single
2364,416000,2313,4,3,2019,Single
2365,416178,2728,4,4,2025,Single
2366,416990,1504,3,2,2025,Single
2367,417000,2334,4,3,2018,Single
2368,417000,1095,3,2,1954,Single
2369,417000,2703,3,3,2020,Single
2370,417000,636,1,1,1977,Condo
2371,417000,1636,3,2,1990,Single
2372,417100,2259,4,4,2025,Single
2373,417400,1856,4,2,2026,Single
2374,417500,2113,3,2,2005,Single
2375,417500,3270,4,4,2007,Single
2376,417500,1152,3,2,1959,Single
2377,417972,1850,4,2,2025,Single
2378,417990,2470,5,3,2025,Single
2379,417990,2105,4,3,2025,Single
2380,417999,1749,3,2,1985,Condo
2381,418602,3030,5,4,2026,Single
2382,418700,1100,3,2,1973,Single
2383,419000,1160,2,1,1957,Single
2384,419000,1628,2,2,1990,Single
2385,419000,2637,3,2,1996,Single
2386,419000,2030,4,2,2013,Single
2387,419900,2458,4,3,2025,Single
2388,419990,2516,5,3,2025,Single
2389,420000,2000,3,2,1999,Single
2390,420000,1604,3,2,2014,Single
2391,420000,1272,3,3,1923,Single
2392,420000,1674,3,2,1968,Single
2393,420000,2718,4,3,1965,Single
2394,420000,1571,3,2,2007,Condo
2395,420000,1989,2,2,2006,Condo
2396,420000,1563,2,2,2021,Single
2397,420000,1832,4,3,1982,Single
2398,420000,1632,2,2,2021,Single
2399,420000,1199,2,2,1983,Single
2400,420000,2336,4,3,2025,Single
2401,420000,2568,5,3,2023,Single
2402,420000,1829,2,2,2003,Single
2403,420000,1200,2,2,1974,Condo
2404,420000,1523,2,2,2002,Single
2405,420000,1281,3,2,1992,Single
2406,420000,1954,5,2,1965,Single
2407,420000,1082,1,2,2006,Condo
2408,420000,1648,3,2,1978,Single
2409,420000,1495,3,2,1999,Single
2410,420000,908,1,1,2007,Condo
2411,420000,2116,4,2,2023,Single
2412,420000,1972,4,2,2005,Single
2413,420000,1801,2,2,2004,Single
2414,420000,1032,2,2,1982,Condo
2415,420000,1728,3,2,2017,Single
2416,420000,2210,4,2,1993,Single
2417,420000,2434,4,3,1973,Single
2418,420000,2096,3,2,1982,Single
2419,420000,1528,2,2,1974,Single
2420,420000,1928,4,3,1999,Single
2421,420000,1743,3,2,2010,Single
2422,420000,2372,4,3,2025,Single
2423,420000,1603,4,2,1976,Single
2424,420000,1662,3,2,2024,Single
2425,420000,1700,3,3,2002,Single
2426,420000,1975,3,2,2004,Single
2427,420490,3313,4,3,2025,Single
2428,421000,1935,4,2,1996,Single
2429,421300,1665,4,2,2025,Single
2430,421950,2336,4,3,2025,Single
2431,422000,2134,5,2,2022,Single
2432,422470,1504,3,2,2025,Single
2433,422500,1637,3,2,2006,Single
2434,422500,1139,3,2,1948,Single
2435,422830,2294,4,3,2025,Single
2436,423000,1636,4,2,1961,Single
2437,424000,1576,2,2,1969,Single
2438,424500,2086,4,2,2026,Single
2439,424900,1778,3,2,1999,Single
2440,424900,2000,3,2,1992,Single
2441,424900,2394,5,3,2003,Single
2442,424900,2720,4,3,2016,Single
2443,424900,2107,5,3,2025,Single
2444,424990,1665,4,2,2025,Single
2445,424990,1772,3,2,2026,Single
2446,424990,2601,5,3,2025,Single
2447,424990,1818,4,3,2025,Single
2448,424999,1890,3,2,2000,Single
2449,425000,1470,3,2,2021,Single
2450,425000,800,1,1,1980,Condo
2451,425000,1345,4,2,1978,Single
2452,425000,2060,3,3,2001,Condo
2453,425000,2016,3,2,2000,Condo
2454,425000,1879,3,2,2014,Single
2455,425000,2019,3,2,1999,Single
2456,425000,1894,3,2,2023,Single
2457,425000,2057,4,2,2019,Single
2458,425000,1064,2,3,1982,Condo
2459,425000,1539,3,2,1970,Single
2460,425000,2342,5,4,1955,Single
2461,425000,1717,2,2,1986,Single
2462,425000,1655,3,2,2023,Single
2463,425000,2120,4,3,2006,Single
2464,425000,1752,3,2,2008,Single
2465,425000,2405,3,2,2006,Single
2466,425000,1590,2,2,1968,Single
2467,425000,1722,3,2,2016,Condo
2468,425000,1765,4,2,2024,Single
2469,425000,1396,3,2,1993,Single
2470,425000,1809,4,2,2025,Single
2471,425000,2256,4,2,2006,Single
2472,425000,3481,5,3,2026,Single
2473,425000,2772,4,2,2002,Single
2474,425000,1108,2,2,1973,Condo
2475,425000,1980,3,2,1973,Condo
2476,425000,2380,4,3,1990,Single
2477,425000,1540,2,2,2006,Single
2478,425000,1449,2,2,1990,Condo
2479,425000,1562,3,2,1956,Single
2480,425000,2662,4,3,2008,Single
2481,425000,2150,4,3,1968,Single
2482,425000,2260,4,4,2023,Single
2483,425000,1533,3,2,2016,Single
2484,425000,2057,4,2,2006,Single
2485,425000,2028,3,2,1986,Single
2486,425000,1854,4,3,2014,Single
2487,425000,2340,5,2,1965,Single
2488,425000,1164,2,1,1953,Single
2489,425000,745,1,1,2005,Condo
2490,425000,1998,3,2,2022,Condo
2491,425000,1850,4,2,2025,Single
2492,425000,2208,3,2,2006,Single
2493,425000,2055,4,2,2001,Single
2494,425000,2128,3,2,1991,Single
2495,425480,1714,3,3,2025,Single
2496,425990,2305,4,3,2026,Single
2497,426000,810,2,1,1956,Single
2498,426390,1782,3,3,2026,Single
2499,426450,2287,4,3,2026,Single
2500,426770,2356,4,3,2025,Single
2501,426875,2280,3,3,2025,Single
2502,426997,2077,4,3,2025,Single
2503,427000,2032,2,3,2020,Single
2504,427000,1100,2,2,1980,Condo
2505,427444,2356,4,3,2025,Single
2506,427500,1595,4,2,1998,Single
2507,427500,1933,4,3,2025,Single
2508,427500,1694,3,2,1969,Single
2509,427900,1634,3,3,2019,Single
2510,428000,2787,4,3,2025,Single
2511,428000,1648,3,2,1994,Single
2512,428000,2648,3,2,1997,Single
2513,428000,2223,3,3,2025,Single
2514,428000,1148,3,2,1954,Single
2515,428500,1828,4,2,2024,Single
2516,428800,1250,2,2,1979,Condo
2517,428900,2207,4,3,2024,Single
2518,429000,1655,4,2,2024,Single
2519,429000,1872,3,2,1991,Single
2520,429000,1232,3,2,2005,Condo
2521,429000,1200,3,2,1968,Single
2522,429000,1742,3,2,1978,Single
2523,429000,1654,3,2,1975,Single
2524,429000,1985,3,2,2006,Single
2525,429310,2262,4,3,2025,Single
2526,429900,1694,3,2,1979,Single
2527,429900,1317,3,2,1963,Single
2528,429900,2018,3,2,2001,Single
2529,429900,2245,3,3,2006,Single
2530,429900,1183,3,2,1959,Single
2531,429990,1828,4,2,2025,Single
2532,429990,1552,3,2,2025,Single
2533,430000,1191,2,2,1997,Condo
2534,430000,2412,5,4,2000,Single
2535,430000,1752,3,2,2023,Single
2536,430000,1875,4,2,1993,Single
2537,430000,2394,3,3,2016,Single
2538,430000,1839,3,2,2020,Single
2539,430000,1788,3,2,2019,Single
2540,430000,2054,3,2,2007,Single
2541,430000,2130,3,2,1967,Single
2542,430000,2550,3,2,1973,Single
2543,430000,1418,3,2,1960,Single
2544,430000,1553,3,2,2007,Condo
2545,430000,1385,2,2,1994,Single
2546,430000,949,2,1,2018,Condo
2547,430000,2878,3,3,2006,Condo
2548,430000,1520,3,2,1967,Single
2549,430000,1865,3,2,2004,Single
2550,430000,1975,4,2,1997,Single
2551,430000,1680,3,2,1958,Single
2552,430000,1693,2,2,1974,Condo
2553,430000,1420,3,2,1986,Single
2554,430000,2017,3,2,1993,Single
2555,430000,1503,2,2,2023,Single
2556,430000,1175,3,2,1954,Single
2557,430000,1701,3,2,2021,Single
2558,430000,1939,3,3,1980,Single
2559,430000,534,1,1,1969,Condo
2560,430000,2182,3,3,2015,Single
2561,430000,2876,4,3,2006,Single
2562,430000,1280,3,2,2001,Single
2563,430000,1564,3,2,1968,Single
2564,430000,2017,4,2,2024,Single
2565,430775,3745,5,3,2007,Single
2566,430990,2051,3,2,2025,Single
2567,431975,3313,4,3,2025,Single
2568,432000,1366,2,2,1981,Condo
2569,432000,2161,3,2,2006,Single
2570,432000,2388,4,2,2006,Single
2571,432000,2193,4,3,2026,Single
2572,432000,2068,5,3,1955,Single
2573,432000,2536,4,3,2025,Single
2574,432000,1874,3,2,1998,Single
2575,432000,2046,3,2,2008,Single
2576,432250,1464,4,2,1957,Single
2577,432290,2387,4,3,2026,Single
2578,432500,1501,4,2,1971,Single
2579,432500,1845,4,3,1999,Single
2580,432500,2281,4,3,2019,Single
2581,432517,2773,4,3,2026,Single
2582,432650,1828,4,2,2025,Single
2583,432704,1602,3,2,1989,Single
2584,433000,1935,4,2,2017,Single
2585,433990,2537,4,3,2026,Single
2586,434000,2094,3,2,2000,Single
2587,434000,1150,2,1,1951,Single
2588,434500,2098,3,3,1996,Single
2589,434690,1828,4,2,2025,Single
2590,434900,2177,3,2,1994,Single
2591,434990,2988,4,4,2025,Single
2592,434990,2601,5,3,2026,Single
2593,435000,2502,4,3,2006,Single
2594,435000,1860,4,2,2020,Single
2595,435000,2401,3,2,1996,Single
2596,435000,1636,3,2,1987,Single
2597,435000,1814,3,2,2003,Single
2598,435000,2489,4,2,2009,Single
2599,435000,1925,3,2,2016,Single
2600,435000,1646,2,2,2019,Single
2601,435000,1983,3,2,2013,Single
2602,435000,2023,3,2,2004,Single
2603,435000,1763,3,2,1972,Single
2604,435000,3030,5,4,2025,Single
2605,435000,2183,4,3,1960,Single
2606,435000,2304,3,2,1984,Single
2607,435000,2173,4,3,2026,Single
2608,435000,2376,3,2,2025,Condo
2609,435000,1612,3,2,1988,Single
2610,435000,1635,3,2,1962,Single
2611,435000,919,2,1,1966,Single
2612,435000,1101,2,2,1974,Condo
2613,435000,1633,3,3,1986,Condo
2614,435000,1678,3,2,1987,Single
2615,435000,2218,4,3,2007,Single
2616,435000,610,3,2,1940,Single
2617,435000,2143,3,2,2005,Single
2618,435000,2928,6,4,2004,Single
2619,435000,2471,5,3,2023,Single
2620,435000,1782,3,3,2025,Single
2621,435000,1159,3,2,2006,Single
2622,435000,1648,2,2,2022,Single
2623,435774,1533,2,2,2025,Single
2624,435900,3188,3,2,2009,Single
2625,436000,1601,2,2,1971,Single
2626,436240,1558,2,2,2009,Single
2627,436500,1574,3,2,1979,Single
2628,436900,1902,3,2,2026,Single
2629,436915,2865,5,4,2026,Single
2630,437000,1877,3,2,1988,Single
2631,437000,1685,3,2,2017,Single
2632,437000,1248,3,2,1944,Single
2633,437000,1589,3,2,2020,Single
2634,437650,2265,4,3,2025,Single
2635,437900,1706,4,3,1998,Single
2636,437990,2603,5,3,2026,Single
2637,438500,1981,2,2,2025,Single
2638,439000,2505,4,3,2018,Single
2639,439000,1425,2,2,2018,Single
2640,439099,1533,2,2,2025,Single
2641,439900,2231,4,3,1988,Single
2642,439990,2601,5,3,2025,Single
2643,439990,1864,3,2,2026,Single
2644,439990,1806,4,2,2024,Single
2645,439990,2601,5,3,,Single
2646,439990,2453,5,3,2026,Single
2647,439990,2756,4,3,2025,Single
2648,439999,3030,5,4,2025,Single
2649,440000,2184,3,3,2015,Condo
2650,440000,1474,3,2,2010,Single
2651,440000,1625,2,2,2023,Single
2652,440000,1290,2,2,1982,Condo
2653,440000,2044,5,2,1977,Single
2654,440000,1032,3,2,1957,Single
2655,440000,1636,2,2,1991,Single
2656,440000,2527,4,3,1984,Single
2657,440000,1740,3,2,1999,Condo
2658,440000,1169,3,2,1961,Single
2659,440000,1200,2,2,1972,Condo
2660,440000,2105,4,2,2000,Single
2661,440000,1422,3,2,1966,Single
2662,440000,1544,2,2,1995,Condo
2663,440000,2340,4,2,2016,Single
2664,440000,2470,5,3,2025,Single
2665,440000,1335,3,2,1995,Single
2666,440000,2160,2,2,2011,Condo
2667,440000,1185,3,2,1988,Single
2668,440000,1242,2,1,1936,Single
2669,440000,1642,4,2,1969,Single
2670,440000,1598,3,2,2003,Single
2671,440000,1438,3,2,1958,Single
2672,440000,2211,5,4,2005,Single
2673,440000,2550,5,3,2025,Single
2674,440000,1938,4,2,2004,Single
2675,440000,1368,3,2,1958,Single
2676,440000,1102,3,2,1950,Single
2677,440000,2372,3,2,1959,Single
2678,440000,1147,2,2,2004,Condo
2679,440000,1259,2,2,2005,Single
2680,440000,1485,3,2,2003,Single
2681,440000,1654,3,2,1979,Single
2682,440000,2001,3,2,2015,Single
2683,440000,1602,3,2,1973,Single
2684,440000,2496,6,3,1982,Single
2685,440325,2377,4,3,2026,Single
2686,440350,2601,5,3,2025,Single
2687,440990,2601,5,3,2026,Single
2688,441000,1513,3,2,1989,Single
2689,441000,946,2,2,1972,Single
2690,441000,2359,4,3,2026,Single
2691,442500,2099,3,2,2001,Single
2692,442500,2992,3,3,2001,Single
2693,442611,2314,4,3,2026,Single
2694,442999,2888,5,3,2025,Single
2695,443000,1867,3,2,1988,Single
2696,444000,1854,3,2,1980,Single
2697,444000,1764,3,2,2018,Single
2698,444400,1884,3,2,2001,Single
2699,444490,1795,3,3,2026,Single
2700,444500,2214,3,3,2004,Single
2701,444565,2831,4,4,2025,Single
2702,444900,1943,4,2,1998,Single
2703,444990,884,3,1,1953,Single
2704,444990,1827,4,3,2004,Single
2705,445000,1343,3,2,1989,Single
2706,445000,1913,4,2,1998,Single
2707,445000,1169,3,2,1981,Single
2708,445000,1839,4,2,2021,Single
2709,445000,1584,3,2,1966,Single
2710,445000,1853,3,2,1985,Single
2711,445000,1393,2,2,1971,Single
2712,445000,1634,3,2,1970,Single
2713,445000,1740,,,1972,Single
2714,445000,1705,3,2,1978,Single
2715,445000,2330,4,2,2018,Single
2716,445000,1755,3,2,1968,Single
2717,445000,1791,2,2,2018,Single
2718,445000,1346,3,2,1953,Single
2719,445000,1144,3,3,1979,Single
2720,445000,1432,3,2,1984,Single
2721,445000,2257,3,2,2004,Single
2722,445000,1295,3,2,1980,Single
2723,445000,2508,4,3,2023,Single
2724,445000,1727,3,2,1990,Single
2725,445000,1333,3,2,1962,Single
2726,445000,1244,3,2,1988,Single
2727,445000,1750,3,2,1996,Single
2728,445000,1634,3,2,1997,Single
2729,445000,1255,3,2,1959,Single
2730,445000,1533,2,2,2026,Single
2731,445000,2243,3,3,1988,Single
2732,445000,1888,3,2,1998,Single
2733,445414,2582,4,4,2026,Single
2734,445999,1796,3,3,2022,Single
2735,446990,1828,4,2,2025,Single
2736,447000,1743,3,2,2011,Single
2737,447000,2687,4,4,2025,Single
2738,447000,2025,3,2,1988,Single
2739,447500,3236,4,3,1976,Single
2740,447500,1750,3,2,1976,Single
2741,448000,1442,3,2,1978,Single
2742,448000,2046,3,2,1959,Single
2743,448000,2153,3,2,2005,Single
2744,448079,2306,4,3,2025,Single
2745,448305,2029,4,3,2026,Single
2746,448900,2310,3,3,2013,Single
2747,449000,1708,3,2,1990,Single
2748,449000,1844,3,2,1985,Single
2749,449000,2580,4,2,2026,Single
2750,449000,2032,3,2,2004,Single
2751,449000,1400,3,2,2023,Single
2752,449000,1500,3,2,1966,Single
2753,449000,1808,3,2,2019,Single
2754,449000,2487,4,3,2025,Single
2755,449000,1595,3,2,1977,Single
2756,449000,1136,,,1952,Single
2757,449900,2890,5,4,2026,Single
2758,449900,2025,3,2,2025,Single
2759,449900,1717,2,2,2025,Condo
2760,449900,2294,4,2,2002,Single
2761,449900,2157,3,2,1984,Single
2762,449900,3129,5,3,2025,Single
2763,449900,1340,3,1,1948,Single
2764,449900,2252,4,2,2008,Single
2765,449990,1929,3,3,2025,Single
2766,449990,2447,5,3,2025,Single
2767,450000,2200,3,2,2006,Single
2768,450000,1346,3,2,2002,Single
2769,450000,1824,2,2,2001,Single
2770,450000,2198,4,3,2005,Single
2771,450000,1453,4,2,1962,Single
2772,450000,1923,3,2,1998,Condo
2773,450000,2799,3,2,1996,Single
2774,450000,1848,3,2,2019,Single
2775,450000,1653,3,2,1957,Single
2776,450000,1420,2,1,1924,Single
2777,450000,2686,2,2,1971,Single
2778,450000,1202,2,3,1975,Condo
2779,450000,3196,4,3,1985,Single
2780,450000,1669,2,2,2000,Condo
2781,450000,827,1,1,1978,Condo
2782,450000,2170,5,3,2007,Single
2783,450000,2057,4,2,2005,Single
2784,450000,1393,3,2,2004,Single
2785,450000,2568,5,3,2016,Single
2786,450000,1122,2,2,2006,Condo
2787,450000,1050,2,2,1985,Condo
2788,450000,2126,4,2,2016,Single
2789,450000,1755,3,2,1993,Single
2790,450000,2857,3,2,1986,Single
2791,450000,2557,4,3,2014,Single
2792,450000,2092,4,3,1988,Single
2793,450000,510,1,1,1937,Condo
2794,450000,1875,3,3,2025,Single
2795,450000,1500,0,,1974,Single
2796,450000,1647,3,2,2007,Condo
2797,450000,2432,4,3,2025,Single
2798,450000,1298,3,1,1942,Single
2799,450000,950,2,2,2016,Condo
2800,450000,3092,5,3,2015,Single
2801,450000,2260,4,3,2026,Single
2802,450000,2259,4,2,2025,Single
2803,450000,1654,2,2,2006,Condo
2804,450000,2542,5,4,2006,Single
2805,450000,2024,3,3,1960,Single
2806,450000,2540,4,3,2008,Single
2807,450000,1991,3,2,1999,Condo
2808,450000,2130,3,2,1984,Single
2809,450000,2271,3,2,2004,Single
2810,450000,2802,4,3,2025,Single
2811,450000,897,2,1,1968,Single
2812,450000,2343,4,2,1999,Single
2813,450000,1823,3,2,1993,Single
2814,450000,1813,4,2,2001,Single
2815,450000,2148,2,3,1993,Condo
2816,450000,2661,5,3,2004,Single
2817,450000,2934,5,3,2026,Single
2818,450000,2284,3,2,2022,Condo
2819,450000,1773,4,3,1959,Single
2820,450000,2074,4,2,2002,Single
2821,450000,1927,3,2,2005,Single
2822,450000,2385,5,3,2020,Single
2823,450000,1216,2,2,1972,Single
2824,450000,1841,2,2,2003,Single
2825,450000,1932,3,2,1998,Single
2826,450000,2350,3,3,1974,Condo
2827,450000,925,2,1,1935,Single
2828,450000,1710,4,2,1977,Single
2829,450000,2073,4,3,2026,Single
2830,450000,1939,3,2,1978,Single
2831,450000,2206,3,2,2006,Single
2832,450000,1320,4,2,1976,Single
2833,450000,960,2,2,1981,Condo
2834,450000,2073,4,3,2025,Single
2835,450360,2472,3,3,1999,Single
2836,450475,2349,4,3,2025,Single
2837,451490,2681,5,4,2025,Single
2838,451790,2359,4,3,2026,Single
2839,452000,1348,3,3,1979,Condo
2840,452500,2116,3,2,2006,Single
2841,452500,2306,4,3,2025,Single
2842,453000,2147,4,3,2001,Single
2843,453079,2394,4,3,2026,Single
2844,453990,2361,4,3,,Single
2845,454000,1420,4,2,2012,Single
2846,454900,1926,4,2,1960,Single
2847,455000,2361,4,2,1970,Single
2848,455000,1936,3,2,2022,Single
2849,455000,2532,4,3,1964,Single
2850,455000,1016,3,1,1955,Single
2851,455000,1707,3,2,1996,Single
2852,455000,768,2,2,1986,Condo
2853,455000,1943,3,3,1956,Single
2854,455000,1882,4,2,1982,Single
2855,455000,2455,3,3,1989,Single
2856,455000,1185,3,2,1990,Single
2857,455000,2572,4,3,1983,Single
2858,455000,1952,4,2,1998,Single
2859,455000,1654,3,2,1999,Condo
2860,455000,2192,3,3,2020,Single
2861,455000,2414,3,2,1997,Single
2862,455000,890,1,2,1965,Condo
2863,455000,2181,3,2,1974,Single
2864,455000,1838,4,3,2003,Single
2865,455000,1758,4,2,2023,Single
2866,455000,1722,3,2,1986,Single
2867,455000,1470,2,2,1997,Single
2868,455000,1119,3,2,1979,Single
2869,455000,2029,4,2,2020,Single
2870,455000,1748,2,3,2023,Single
2871,455000,2350,3,2,2000,Single
2872,455000,2601,5,3,2021,Single
2873,455000,1675,3,3,2026,Single
2874,455000,1408,3,2,2023,Single
2875,455000,2332,4,3,2025,Single
2876,455000,2802,4,3,2013,Single
2877,455000,1796,3,3,2023,Single
2878,455000,2503,3,3,2000,Single
2879,455000,1972,4,3,2001,Single
2880,455990,2725,4,4,2025,Single
2881,456000,1359,3,2,1952,Single
2882,456000,1736,3,2,2000,Single
2883,456990,2120,3,3,2025,Single
2884,457000,1430,,,1959,Single
2885,457500,2809,4,3,2022,Single
2886,457900,2587,4,4,2025,Single
2887,458000,1507,3,2,2006,Condo
2888,458000,1441,3,2,1986,Single
2889,458490,2336,4,3,2026,Single
2890,458505,2262,3,3,2025,Single
2891,458860,2490,5,3,2025,Single
2892,458990,2361,4,3,2025,Single
2893,459000,1176,3,1,1963,Single
2894,459000,1828,4,2,2025,Single
2895,459000,2223,4,2,1994,Single
2896,459499,3182,5,4,2025,Single
2897,459750,2480,3,3,2005,Single
2898,459870,1890,3,3,2007,Single
2899,459900,1566,3,2,1990,Single
2900,459900,2011,4,3,2025,Single
2901,459900,1840,4,2,1969,Single
2902,459990,1806,4,2,2025,Single
2903,459990,3313,4,3,2026,Single
2904,459990,2420,5,3,2025,Single
2905,460000,1629,4,2,1980,Single
2906,460000,2078,3,2,1985,Single
2907,460000,2126,4,3,2020,Single
2908,460000,1701,2,2,1997,Single
2909,460000,1921,3,2,1977,Single
2910,460000,2549,3,3,1976,Single
2911,460000,1689,3,2,2024,Single
2912,460000,2033,4,2,1939,Single
2913,460000,2559,3,3,2003,Single
2914,460000,1804,3,2,2018,Single
2915,460000,2469,5,3,2000,Single
2916,460000,2002,4,3,1971,Single
2917,460000,1616,2,2,1993,Condo
2918,460000,746,1,2,2018,Condo
2919,460000,2005,3,2,2023,Single
2920,460000,1414,2,2,2007,Condo
2921,460000,1617,3,2,2003,Single
2922,460000,825,1,1,2005,Condo
2923,460000,1385,2,2,1985,Condo
2924,460000,2778,4,2,2003,Single
2925,460000,1752,4,2,1959,Single
2926,460000,1058,3,1,1972,Single
2927,460000,1782,3,2,1997,Single
2928,460000,1101,4,2,1971,Single
2929,460000,2322,4,2,1989,Single
2930,460000,2105,4,2,2002,Single
2931,460000,1900,4,3,2000,Single
2932,460000,1670,3,2,2005,Single
2933,460040,1916,3,2,2026,Single
2934,461089,2349,4,3,2026,Single
2935,461490,2447,5,3,2025,Single
2936,461850,2508,4,3,2025,Single
2937,461900,1753,2,2,2021,Single
2938,462000,3553,5,3,2025,Single
2939,462000,3553,5,3,2025,Single
2940,463000,1639,3,2,2015,Single
2941,463160,1404,2,2,2025,Single
2942,463340,2186,3,3,2025,Single
2943,463370,2052,3,2,2023,Single
2944,464990,2408,4,3,2025,Single
2945,464990,2127,4,3,2025,Single
2946,464990,3011,5,3,2025,Single
2947,464999,2601,5,3,2024,Single
2948,465000,2317,5,4,2006,Single
2949,465000,1000,3,1,1971,Single
2950,465000,1944,4,3,1985,Single
2951,465000,2571,3,2,1997,Single
2952,465000,2104,3,3,2017,Single
2953,465000,1790,4,2,2000,Single
2954,465000,2264,3,2,2011,Single
2955,465000,1067,2,1,1942,Single
2956,465000,2811,3,3,2019,Single
2957,465000,655,1,1,1970,Condo
2958,465000,1996,4,3,2023,Single
2959,465000,2940,4,3,1978,Single
2960,465000,1544,2,2,2016,Single
2961,465000,2352,4,3,1993,Single
2962,465000,1836,3,2,2007,Single
2963,465000,517,1,1,1982,Condo
2964,465000,1620,2,2,2001,Single
2965,465000,1587,3,2,1974,Single
2966,465000,1905,2,2,1995,Single
2967,465000,3291,6,5,2012,Single
2968,465000,1640,3,2,2004,Single
2969,465000,2304,4,2,1991,Single
2970,465000,2152,4,2,2000,Single
2971,465000,1760,4,3,2003,Single
2972,465000,1930,3,2,1967,Single
2973,465000,1154,3,2,1986,Single
2974,465000,1471,3,2,1970,Single
2975,465000,1742,3,3,1972,Single
2976,465000,644,1,1,2014,Condo
2977,465000,1214,3,2,1959,Single
2978,465000,2180,3,3,1989,Single
2979,465000,1307,2,2,1974,Condo
2980,465000,2154,3,2,2019,Single
2981,465000,1675,2,2,2003,Single
2982,465988,1672,3,2,2025,Single
2983,466990,2663,5,3,2025,Single
2984,467000,2123,3,2,2025,Single
2985,467500,2228,4,3,2020,Single
2986,467500,2018,3,3,2008,Single
2987,468000,1716,3,3,1984,Single
2988,468000,1910,4,3,2003,Single
2989,468000,888,2,1,1967,Condo
2990,469000,1745,4,2,1996,Single
2991,469000,2554,2,3,1976,farm
2992,469000,2770,4,3,1984,Single
2993,469000,1392,3,2,1951,Single
2994,469600,840,2,1,1955,Single
2995,469900,2219,4,2,2005,Single
2996,469900,2255,4,2,2009,Single
2997,469900,1937,4,2,1981,Single
2998,469900,1544,3,2,1988,Single
2999,469990,2601,5,3,2025,Single
3000,470000,2460,4,3,2004,Single
3001,470000,2505,4,3,2011,Single
3002,470000,1528,2,2,2000,Single
3003,470000,1315,3,2,1977,Condo
3004,470000,1853,3,2,1989,Single
3005,470000,1161,2,1,1954,Single
3006,470000,1652,3,2,1978,Single
3007,470000,2149,4,4,2026,Single
3008,470000,1907,4,2,2006,Condo
3009,470000,1946,4,2,1992,Single
3010,470000,2345,4,2,2003,Single
3011,470000,2377,3,2,1996,Single
3012,470000,588,1,1,2024,Condo
3013,470000,1860,3,2,1994,Single
3014,470000,2405,3,3,2005,Single
3015,470000,2534,4,3,2025,Single
3016,470000,1500,2,2,1988,Single
3017,470000,2495,5,3,2008,Single
3018,470000,2138,4,3,1953,Single
3019,470000,2392,3,3,2007,Condo
3020,470000,1620,2,2,1989,Condo
3021,470000,2032,4,3,2021,Single
3022,470000,1230,3,2,1956,Single
3023,470000,1526,2,2,2004,Single
3024,470000,816,3,2,1956,Single
3025,470000,2027,4,3,2019,Single
3026,470715,2756,4,3,2026,Single
3027,470900,2046,3,2,2025,Single
3028,471000,1926,4,3,1963,Single
3029,471490,2199,4,3,2025,Single
3030,472000,1238,3,2,1978,Single
3031,472000,3553,5,3,2026,Single
3032,472000,1010,2,2,1984,Condo
3033,472000,2132,4,2,2002,Single
3034,472500,2382,4,3,2010,Single
3035,472500,2078,3,2,2001,Single
3036,472500,2240,4,2,2013,Single
3037,473000,1652,3,2,2015,Single
3038,473070,1916,3,2,2026,Single
3039,474000,2292,3,3,2002,Single
3040,474000,2065,4,2,2002,Single
3041,474000,2287,3,2,1996,Single
3042,474490,2795,4,4,2025,Single
3043,474990,1828,4,2,,Single
3044,474990,2289,4,3,2025,Single
3045,474990,2770,3,3,2025,Single
3046,475000,2065,5,3,2006,Single
3047,475000,1812,3,3,2023,Single
3048,475000,1602,3,2,2010,Single
3049,475000,1924,4,3,1956,Single
3050,475000,1931,3,2,2008,Condo
3051,475000,1394,,2,1956,Single
3052,475000,1518,3,2,2006,Single
3053,475000,3548,4,4,2007,Single
3054,475000,1666,3,2,2000,Single
3055,475000,1266,3,2,1978,Single
3056,475000,1500,3,2,2018,Single
3057,475000,1941,4,2,1998,Single
3058,475000,2203,5,2,1971,Single
3059,475000,2102,3,2,2003,Single
3060,475000,2486,4,3,2025,Single
3061,475000,1696,3,2,2001,Single
3062,475000,2030,4,3,1979,Single
3063,475000,2505,3,3,2006,Single
3064,475000,1951,3,2,1996,Single
3065,475000,1429,3,2,2015,Single
3066,475000,2047,3,2,2000,Single
3067,475000,1600,3,2,1954,Single
3068,475000,1542,2,2,2026,Single
3069,475000,1040,3,1,1947,Single
3070,475000,1377,3,2,1958,Single
3071,475000,2418,5,3,1965,Single
3072,475000,1911,3,2,2012,Single
3073,475000,2441,4,4,2025,Single
3074,475000,1939,5,4,1973,Single
3075,475000,1875,3,2,1940,Single
3076,475000,2102,4,3,2023,Single
3077,475000,2274,4,3,2021,Single
3078,475000,1869,3,2,2024,Single
3079,475000,2907,3,3,2025,Single
3080,475000,1802,4,2,1980,Single
3081,475000,2044,3,3,1998,Single
3082,475000,2256,4,2,2011,Single
3083,475000,1743,2,3,2025,Single
3084,475000,1452,2,2,1977,Condo
3085,475000,1528,3,2,1922,Single
3086,475000,2410,4,3,2005,Single
3087,475000,2601,4,3,2020,Single
3088,475000,1441,2,2,1970,Condo
3089,475000,1838,4,2,1997,Single
3090,475000,1640,3,2,1995,Single
3091,475990,3313,4,3,2026,Single
3092,477171,1828,4,2,2025,Single
3093,477450,2260,3,3,2025,Single
3094,477500,2070,3,2,2004,Single
3095,477990,2601,5,3,2025,Single
3096,478000,1469,3,2,1999,Single
3097,478000,2316,4,3,2000,Single
3098,478750,2300,3,2,1997,Single
3099,479000,1862,3,2,2019,Single
3100,479000,2190,4,3,2026,Single
3101,479000,2106,3,2,2005,Single
3102,479000,1830,3,3,1993,Single
3103,479000,1730,3,2,1986,Single
3104,479000,3838,5,3,2005,Single
3105,479000,1832,3,2,2019,Single
3106,479171,2005,4,3,2025,Single
3107,479900,2458,4,3,2026,Single
3108,479900,2245,4,4,2026,Single
3109,479900,2245,4,4,2025,Single
3110,479900,1254,3,2,1963,Single
3111,479999,1927,4,2,,Single
3112,480000,1563,3,2,2020,Single
3113,480000,2920,5,3,2004,Single
3114,480000,2186,4,2,1959,Single
3115,480000,1002,2,2,1967,Condo
3116,480000,1581,3,2,1978,Single
3117,480000,3230,4,3,2022,Single
3118,480000,1021,3,2,1948,Single
3119,480000,1350,4,2,1947,Single
3120,480000,2781,3,4,2024,Single
3121,480000,2051,3,2,2005,Single
3122,480000,2232,4,3,2004,Single
3123,480000,3231,5,3,2024,Single
3124,480000,1960,4,2,2005,Single
3125,480000,1310,3,1,1955,Single
3126,480000,3805,5,5,2025,Single
3127,480000,2206,2,2,2006,Single
3128,480000,2619,4,3,2019,Single
3129,480000,2158,3,2,2007,Single
3130,480000,1145,2,2,1986,Condo
3131,480000,2184,3,3,1988,Single
3132,480000,2150,3,2,1995,Single
3133,480000,1240,3,2,1955,Single
3134,480000,1630,3,2,2019,Single
3135,480000,1804,3,2,2025,Single
3136,480000,1086,2,2,1981,Condo
3137,480000,1195,2,2,2005,Condo
3138,480000,1534,2,2,2005,Single
3139,480000,2007,3,3,1974,Single
3140,480000,1697,3,2,1987,Single
3141,480000,2084,4,2,2023,Single
3142,480000,2372,4,3,2024,Single
3143,480000,1776,3,2,2022,Single
3144,480000,2203,3,2,2003,Single
3145,480210,1828,4,2,2025,Single
3146,480303,3016,5,3,2023,Single
3147,481000,2069,4,2,1979,Single
3148,481000,2400,6,4,2023,Single
3149,481000,1662,3,2,1984,Single
3150,481390,2269,2,3,2025,Single
3151,481782,2181,3,3,2025,Single
3152,481782,2181,3,3,2025,Single
3153,482000,1688,3,3,1920,Single
3154,482500,1984,3,2,2000,Single
3155,482500,1582,4,2,1952,Single
3156,483000,1992,3,2,2021,Single
3157,484640,3313,4,3,2026,Single
3158,484990,2663,5,3,2025,Single
3159,484990,2088,3,2,2025,Single
3160,485000,2225,3,2,2007,Single
3161,485000,1970,4,2,2026,Single
3162,485000,2500,4,3,2026,Single
3163,485000,2280,4,3,2001,Single
3164,485000,1008,3,2,1945,Single
3165,485000,2341,4,3,1993,Single
3166,485000,1214,3,2,2026,Single
3167,485000,1952,3,3,2023,Single
3168,485000,1415,2,2,1976,Condo
3169,485000,3360,4,3,2021,Single
3170,485000,1604,3,2,1990,Single
3171,485000,2580,6,4,2014,Single
3172,485000,1432,2,2,1974,Condo
3173,485000,2967,4,3,2007,Single
3174,485000,2582,4,3,2023,Single
3175,485000,1408,3,2,1984,Single
3176,485000,1969,2,3,1998,Single
3177,485000,1834,3,2,2025,Single
3178,485000,1949,3,2,1996,Single
3179,485000,2186,3,2,2026,Single
3180,485000,2203,4,3,2020,Single
3181,485000,1807,2,3,1985,Single
3182,485000,1614,3,2,1957,Single
3183,485000,2236,3,2,2020,Single
3184,485000,3231,5,3,2025,Single
3185,485000,2665,4,3,1990,Single
3186,485230,2262,3,3,2025,Single
3187,485985,2124,4,2,2026,Single
3188,486000,2034,4,2,2026,Single
3189,486000,1900,4,2,2025,Single
3190,486500,1441,3,2,1979,Single
3191,486990,2663,5,3,2025,Single
3192,486990,2108,4,3,2025,Single
3193,487500,1131,3,2,1976,Single
3194,487500,2054,3,2,1997,Single
3195,487500,1864,4,3,1965,Single
3196,488000,1618,3,3,2019,Single
3197,488500,1414,2,2,1983,Condo
3198,488500,804,1,2,1969,Condo
3199,489000,2126,4,3,2023,Single
3200,489000,2200,3,2,2025,Single
3201,489000,934,2,2,1970,Condo
3202,489000,1195,2,2,1963,Single
3203,489000,2495,4,3,2022,Single
3204,489000,2512,3,3,2006,Condo
3205,489500,2267,4,2,2006,Single
3206,489500,1102,2,2,1973,Condo
3207,489900,1850,3,2,2026,Single
3208,489900,1288,2,1,1946,Single
3209,489990,3161,5,4,2026,Single
3210,489990,2470,3,3,2025,Single
3211,489990,3313,4,3,2025,Single
3212,489990,2089,3,3,2026,Single
3213,489990,2770,3,3,2025,Single
3214,490000,1100,3,2,2001,Single
3215,490000,1438,3,2,1971,Single
3216,490000,2116,3,3,1998,Single
3217,490000,2237,4,2,2005,Single
3218,490000,1718,3,2,1983,Single
3219,490000,1235,2,1,1955,Single
3220,490000,1700,5,3,1960,Single
3221,490000,1400,2,2,1978,Condo
3222,490000,1438,3,2,2004,Single
3223,490000,2683,4,3,1965,Single
3224,490000,3142,6,5,2019,Single
3225,490000,2690,4,4,1992,Single
3226,490000,2098,3,3,2026,Single
3227,490000,1827,4,2,2025,Single
3228,490000,2066,3,2,1960,Single
3229,490000,1455,2,2,2004,Condo
3230,490000,1365,3,2,1963,Single
3231,490000,2330,4,3,2002,Single
3232,490000,1686,3,2,1982,Single
3233,490000,1540,2,2,1999,Single
3234,490000,1080,2,2,1986,Condo
3235,490000,1758,3,2,2001,Single
3236,490000,1868,3,2,2020,Single
3237,490000,1200,4,2,1973,Single
3238,490000,1032,5,2,1930,Single
3239,490000,2550,6,3,2002,Single
3240,490000,1818,3,2,2004,Single
3241,490000,2407,4,3,2008,Single
3242,490000,3291,6,5,2021,Single
3243,490000,2250,3,2,2001,Single
3244,490400,2044,4,2,2026,Single
3245,491000,2076,3,2,2015,Single
3246,491000,1827,3,2,2020,Single
3247,492500,1969,3,2,2024,Single
3248,492500,2558,4,3,1967,Single
3249,492900,2414,5,3,2026,Single
3250,493000,1668,3,2,1985,Single
3251,493455,2029,4,3,2025,Single
3252,493990,1116,2,2,2025,Condo
3253,494338,2756,4,3,2025,Single
3254,494500,1700,3,2,1969,Single
3255,494505,1827,2,2,2026,Single
3256,494885,2210,2,2,2026,Single
3257,495000,2284,4,3,2015,Single
3258,495000,2206,3,2,1954,Single
3259,495000,2412,4,3,2006,Single
3260,495000,1481,3,2,1978,Single
3261,495000,1328,3,2,1977,Single
3262,495000,1115,2,2,1974,Condo
3263,495000,1854,3,3,1978,Single
3264,495000,1828,3,2,2000,Single
3265,495000,1183,3,2,1979,Condo
3266,495000,2018,3,2,1982,Single
3267,495000,1812,3,2,2000,Single
3268,495000,2098,3,3,1955,Single
3269,495000,2358,4,2,2003,Single
3270,495000,1673,4,2,1973,Single
3271,495000,2049,4,3,1988,Single
3272,495000,1791,3,2,2018,Single
3273,495000,2423,5,3,2025,Single
3274,495000,1765,3,2,2021,Single
3275,495000,2450,4,3,1958,Single
3276,495000,2045,3,2,2011,Single
3277,495000,2369,4,3,1974,Single
3278,495000,2860,3,3,1982,Single
3279,495000,2345,4,3,2000,Single
3280,495000,3438,4,3,2013,Single
3281,495000,2148,4,2,2026,Single
3282,495000,1280,2,2,1975,Condo
3283,495000,1484,3,2,1990,Single
3284,495500,24394,3,2,2026,Single
3285,495574,2307,3,3,2025,Single
3286,495910,1184,3,2,1950,Single
3287,495990,2199,4,3,2025,Single
3288,495990,2108,4,3,2025,Single
3289,496000,2907,3,3,2025,Single
3290,497000,2787,4,4,2025,Single
3291,497990,1884,4,3,2026,Single
3292,498000,1058,3,2,1975,Single
3293,498000,3004,5,3,2004,Single
3294,498000,1470,3,2,1959,Single
3295,498549,1890,3,2,2026,Single
3296,499000,1346,3,2,1958,Single
3297,499000,2477,3,3,2001,Single
3298,499000,1544,3,2,1998,Single
3299,499000,996,2,2,1974,Condo
3300,499000,1614,3,2,2023,Single
3301,499000,3264,5,4,2007,Single
3302,499000,840,0,1,1984,Condo
3303,499000,1665,4,2,1999,Single
3304,499500,1523,3,2,1983,Single
3305,499500,1661,3,2,2001,Single
3306,499900,2037,3,2,2005,Single
3307,499900,2006,4,2,2002,Single
3308,499900,2363,3,3,2022,Single
3309,499900,1578,3,2,1979,Single
3310,499900,2751,3,2,2005,Single
3311,499989,2283,4,3,2026,Single
3312,499990,2386,3,2,1997,Single
3313,499990,2669,5,3,2025,Single
3314,499990,2002,6,,2019,Single
3315,499990,3198,5,3,2025,Single
3316,499990,1791,3,2,2025,Single
3317,499995,1451,3,3,1993,Single
3318,500000,1280,2,2,1990,Single
3319,500000,2015,3,2,2003,Single
3320,500000,1375,4,2,1986,Single
3321,500000,2101,4,2,1972,Single
3322,500000,1330,2,2,1993,Condo
3323,500000,2554,3,3,1976,Single
3324,500000,2086,2,2,2006,Single
3325,500000,1718,4,3,1962,Single
3326,500000,3291,5,3,2018,Single
3327,500000,1070,1,2,2006,Condo
3328,500000,1206,2,1,1958,Single
3329,500000,1204,3,2,1972,Single
3330,500000,1703,3,2,2018,Single
3331,500000,3200,5,3,1985,Single
3332,500000,2878,3,3,2007,Condo
3333,500000,2219,3,3,2019,Single
3334,500000,1395,3,2,1989,Single
3335,500000,2060,3,2,2015,Single
3336,500000,2184,3,2,1983,Single
3337,500000,1694,3,2,1940,Single
3338,500000,1412,3,2,2007,Condo
3339,500000,2092,4,2,2013,Single
3340,500000,1589,3,2,2000,Single
3341,500000,2144,4,2,1978,Single
3342,500000,1657,3,2,1969,Single
3343,500000,877,1,1,2015,Condo
3344,500000,1851,4,2,1959,Single
3345,500000,2603,4,3,1988,Single
3346,500000,2029,3,2,2011,Single
3347,500000,1324,2,2,1965,Single
3348,500000,1674,3,2,2001,Single
3349,500000,1198,2,2,1980,Condo
3350,500000,1478,3,2,1995,Single
3351,500000,2405,4,3,1998,Single
3352,500000,1278,3,2,1978,Single
3353,500000,2148,4,3,2003,Single
3354,500000,1858,3,2,1997,Single
3355,500000,1740,3,3,1972,Condo
3356,500000,1075,2,2,1974,Condo
3357,500000,2621,4,3,2025,Single
3358,500000,2363,4,3,2020,Single
3359,500000,1385,2,2,1986,Condo
3360,500000,1043,2,1,1962,Single
3361,500000,1824,3,3,1953,Single
3362,500000,1898,3,2,1995,Single
3363,500000,1944,2,2,1977,Single
3364,500000,1806,4,2,1964,Single
3365,500000,2058,4,2,1982,Single
3366,500000,2249,3,2,1988,Single
3367,500000,1948,3,2,1987,Single
3368,500000,800,1,1,1980,Condo
3369,500000,3500,4,4,1958,Single
3370,500000,2100,2,2,1984,Single
3371,500000,2181,3,3,1998,Single
3372,500000,2643,4,4,2006,Single
3373,500000,2185,4,3,1977,Single
3374,500000,2270,3,2,2006,Condo
3375,500000,1683,3,2,1976,Single
3376,500000,1538,2,2,1981,Condo
3377,500000,1965,3,2,2012,Single
3378,500000,2183,3,2,1995,Condo
3379,500000,2060,2,3,2003,Condo
3380,500000,1804,3,2,2014,Single
3381,501816,2387,4,3,2025,Single
3382,502500,1675,2,2,2016,Single
3383,502500,1267,2,2,1953,Single
3384,503000,1884,4,3,2026,Single
3385,504000,1953,4,3,2005,Single
3386,504900,3044,5,3,2025,Single
3387,504990,2787,4,4,2026,Single
3388,505000,2239,3,3,2006,Condo
3389,505000,1661,3,2,1980,Single
3390,505000,2261,4,3,2023,Single
3391,505000,1832,3,2,2018,Single
3392,505000,1598,3,3,1980,Single
3393,505000,1998,3,2,1984,Single
3394,505000,2118,4,3,1999,Single
3395,505000,1786,3,2,2022,Single
3396,505000,1599,2,2,2021,Single
3397,505000,1654,2,2,2012,Condo
3398,505000,1830,2,2,1976,Condo
3399,505000,2067,3,2,1975,Single
3400,505000,2644,4,3,2006,Single
3401,505025,2298,3,2,2005,Single
3402,505140,2455,5,3,2025,Single
3403,505226,2317,4,3,2026,Single
3404,505670,2269,2,3,2025,Single
3405,506000,1544,2,2,2021,Single
3406,506290,2540,3,4,2026,Single
3407,506980,2147,4,3,2025,Single
3408,507000,1486,4,3,1954,Single
3409,507500,2551,4,3,1986,Single
3410,507500,1924,4,3,1958,Single
3411,508000,2256,4,3,2024,Single
3412,508000,1346,3,2,1990,Single
3413,508000,2687,3,2,2004,Single
3414,508990,2034,4,2,2026,Single
3415,509600,1231,2,2,2007,Condo
3416,509900,1729,3,3,1994,Single
3417,509900,1142,3,2,1982,Single
3418,509990,2020,4,3,,Single
3419,510000,2414,4,3,1987,Single
3420,510000,1538,3,2,1979,Single
3421,510000,1484,3,2,1973,Single
3422,510000,2480,3,3,1976,Condo
3423,510000,1568,3,2,1961,Single
3424,510000,2211,4,2,1982,Single
3425,510000,2662,3,3,1945,Single
3426,510000,1860,3,2,1980,Single
3427,510000,1092,2,1,1977,Single
3428,510000,1645,4,3,1972,Single
3429,510000,2282,4,3,1979,Single
3430,510000,2934,5,3,2026,Single
3431,510000,1360,3,2,1975,Condo
3432,510000,3051,4,3,2015,Single
3433,510000,2039,3,2,2007,Single
3434,510000,1976,3,2,2004,Single
3435,510000,2000,3,3,2006,Single
3436,510000,1729,3,2,2005,Single
3437,510000,2350,4,2,1990,Single
3438,510000,1936,3,2,2001,Single
3439,510000,2770,6,4,1925,Single
3440,510000,2337,4,3,1980,Single
3441,510000,2545,4,3,2016,Single
3442,510000,1686,3,2,1956,Single
3443,510000,1798,3,2,2004,Single
3444,510000,1633,2,2,2003,Condo
3445,510000,1889,2,2,2025,Single
3446,510000,2476,4,3,2025,Single
3447,510000,2473,3,2,1962,Single
3448,510000,1080,3,1,1971,Single
3449,510000,3531,6,4,2004,Single
3450,510000,4198,4,4,1973,Single
3451,510000,2529,3,2,1987,Single
3452,510000,2662,3,3,1945,Single
3453,510000,2650,5,4,2009,Single
3454,512000,2485,4,3,2017,Single
3455,512000,1833,2,2,2013,Single
3456,512169,2566,5,3,2026,Single
3457,512500,2011,3,2,1965,Single
3458,512500,1899,4,4,2025,Single
3459,513000,1424,2,2,1979,Condo
3460,514000,3291,6,5,2013,Single
3461,514400,2978,4,4,2023,Single
3462,514478,2373,3,3,2006,Condo
3463,514512,1884,4,3,2025,Single
3464,514550,2010,3,2,2023,Single
3465,514990,2414,4,4,2025,Single
3466,515000,1977,4,2,2020,Single
3467,515000,2064,3,3,2000,Single
3468,515000,1812,3,2,1992,Single
3469,515000,1256,3,2,1958,Single
3470,515000,2231,4,3,1999,Single
3471,515000,1729,3,2,1981,Single
3472,515000,1870,3,2,2001,Single
3473,515000,902,2,2,1980,Condo
3474,515000,1290,2,2,1963,Condo
3475,515000,2045,4,3,2025,Single
3476,515000,1846,4,2,1964,Single
3477,515000,2500,4,3,2026,Single
3478,515000,1658,3,2,1979,Single
3479,515000,1522,4,2,1965,Single
3480,515000,1969,4,4,1988,Single
3481,515000,2024,2,3,2025,Single
3482,515000,2324,4,3,1996,Single
3483,515000,3145,3,3,2016,Single
3484,515000,1592,2,2,1998,Condo
3485,515000,2086,2,2,2006,Single
3486,515000,1737,4,2,1974,Single
3487,515000,2255,4,2,2010,Single
3488,515000,800,1,1,1980,Condo
3489,515000,2317,4,3,2007,Single
3490,515000,2081,2,2,2004,Single
3491,515000,1914,2,2,2022,Single
3492,515000,1350,3,2,1995,Single
3493,515000,3095,4,4,1994,Single
3494,515000,2239,3,2,2017,Single
3495,516000,2327,4,3,1992,Single
3496,516375,1932,3,2,2015,Single
3497,516780,1916,3,2,2026,Single
3498,517490,2460,4,3,2026,Single
3499,517500,1997,3,3,1989,Single
3500,517500,2050,3,2,2019,Single
3501,517500,3068,4,5,1987,Single
3502,518000,2099,3,2,2001,Single
3503,518000,1269,3,2,1983,Single
3504,518000,1963,3,2,2018,Single
3505,518015,2211,4,3,2026,Single
3506,518900,2255,4,3,2026,Single
3507,519000,2154,3,3,2025,Single
3508,519000,2849,4,4,2006,Single
3509,519000,1904,2,2,2024,Single
3510,519900,1926,4,2,2018,Single
3511,519900,1697,3,2,2015,Single
3512,519900,1600,4,2,1988,Single
3513,519990,2214,3,2,2025,Single
3514,520000,1109,2,2,1968,Condo
3515,520000,3031,4,3,2014,Single
3516,520000,1174,1,2,1970,Condo
3517,520000,1518,3,3,1959,Single
3518,520000,1899,3,2,1967,Single
3519,520000,2089,4,3,2005,Single
3520,520000,2159,3,2,1994,Single
3521,520000,2037,3,2,1979,Single
3522,520000,1547,3,2,1978,Single
3523,520000,1721,3,2,1949,Single
3524,520000,1403,4,2,1956,Single
3525,520000,2022,4,3,2018,Single
3526,520000,2487,4,2,2001,Single
3527,520000,2500,4,3,1983,Single
3528,520000,1676,4,2,1960,Single
3529,520000,2725,3,4,2007,Single
3530,520000,2500,4,3,2026,Single
3531,520000,2960,4,4,2020,Single
3532,520000,1255,2,2,1981,Condo
3533,520000,1123,2,1,1949,Single
3534,520000,1859,2,2,2003,Single
3535,520000,2196,3,2,1979,Single
3536,520000,2346,3,3,2005,Single
3537,520000,1671,4,2,1952,Single
3538,521850,2605,4,3,2004,Single
3539,521875,1965,2,2,2026,Single
3540,522000,1519,3,2,2011,Single
3541,522000,1066,2,2,1975,Condo
3542,522500,1921,3,2,1998,Single
3543,522500,2948,4,3,2003,Single
3544,522500,3041,5,4,1998,Single
3545,522500,1377,4,2,1954,Single
3546,522560,1994,3,2,2006,Single
3547,523000,2126,4,3,2021,Single
3548,523298,2604,4,3,2026,Single
3549,524000,1626,3,2,1978,Single
3550,524675,3182,5,4,2025,Single
3551,524900,2711,5,3,2025,Single
3552,524900,1772,3,3,1994,Single
3553,524990,2733,4,3,2025,Single
3554,525000,1545,3,2,1973,Single
3555,525000,2112,4,3,1994,Single
3556,525000,2161,4,2,2002,Single
3557,525000,2519,3,3,1980,Condo
3558,525000,1608,3,2,1961,Single
3559,525000,1674,3,2,1990,Single
3560,525000,2161,4,2,1986,Single
3561,525000,1050,3,2,1972,Single
3562,525000,1885,3,3,1977,Single
3563,525000,2000,3,2,1986,Single
3564,525000,1262,4,3,1946,Single
3565,525000,3552,5,3,2014,Single
3566,525000,1904,2,2,2001,Single
3567,525000,2201,3,3,2000,Single
3568,525000,2112,4,3,2024,Single
3569,525000,3308,5,3,2006,Single
3570,525000,1979,3,3,2015,Single
3571,525000,2242,5,2,1979,Single
3572,525000,2568,4,3,1999,Single
3573,525000,1034,3,2,1957,Single
3574,525000,2255,4,2,2001,Single
3575,525000,1652,3,2,1990,Single
3576,525000,2032,4,3,2016,Single
3577,525000,2434,4,3,2003,Single
3578,525000,2361,3,3,2022,Single
3579,525000,2216,3,1,1947,Single
3580,525000,1344,3,2,1982,Single
3581,525000,2414,2,3,2022,Single
3582,525000,1804,3,2,2017,Single
3583,525000,1700,3,2,2025,Single
3584,525000,1840,3,3,2006,Single
3585,525000,1620,2,3,1988,Condo
3586,525000,1400,2,3,1978,Condo
3587,525000,2535,3,3,1994,Single
3588,525000,2372,4,2,2012,Single
3589,525000,1242,4,2,2005,Condo
3590,525000,2147,4,3,2001,Single
3591,525000,1533,4,2,1963,Single
3592,525000,2788,3,3,1990,Single
3593,525000,1542,3,2,2007,Single
3594,525000,2136,3,2,2006,Single
3595,525000,1252,3,2,1955,Single
3596,525000,1728,2,2,1987,Condo
3597,525000,952,2,1,1922,Single
3598,525000,1620,2,3,1988,Condo
3599,525000,1766,3,2,1964,Single
3600,525000,1664,3,2,1978,Single
3601,525018,2670,4,3,2025,Single
3602,526000,2393,4,3,2024,Single
3603,526000,2037,4,3,1996,Single
3604,526500,1683,3,2,2020,Single
3605,526900,2001,3,2,1952,Single
3606,527000,1237,3,2,1989,Single
3607,527000,2118,4,2,2021,Single
3608,527000,2099,3,3,2018,Single
3609,527000,1687,2,2,2006,Condo
3610,527000,1945,3,2,1986,Single
3611,527500,1900,3,3,2004,Single
3612,527500,2637,3,3,2006,Single
3613,527526,3000,4,3,2025,Single
3614,528000,2554,4,3,2004,Single
3615,528502,2414,4,3,2026,Single
3616,528965,2200,4,3,1968,Single
3617,529000,2914,7,5,1999,Single
3618,529000,1913,4,2,1988,Single
3619,529000,2093,3,3,2015,Single
3620,529000,1119,2,2,1982,Condo
3621,529000,1548,3,2,1976,Single
3622,529000,2305,5,3,1973,Single
3623,529000,2596,4,3,1995,Single
3624,529500,2787,4,4,2026,Single
3625,529500,1406,3,3,2014,Single
3626,529500,1994,3,2,1985,Single
3627,529500,1824,4,2,1976,Single
3628,529500,1852,3,2,1973,Single
3629,529750,1200,3,2,1984,Single
3630,529845,2787,4,4,2025,Single
3631,529900,2323,3,3,2024,Single
3632,529900,2832,4,2,1993,Single
3633,529900,3587,7,4,2012,Single
3634,529900,1858,3,2,2014,Single
3635,529900,3072,5,4,2005,Single
3636,529950,2601,5,3,2025,Single
3637,529990,3055,4,3,2026,Single
3638,529990,2601,5,3,2025,Single
3639,529990,2754,4,3,2026,Single
3640,530000,2620,5,3,2022,Single
3641,530000,890,2,2,1970,Condo
3642,530000,2678,4,3,2005,Single
3643,530000,2890,4,3,2013,Single
3644,530000,2419,3,3,2020,Single
3645,530000,1859,3,2,2016,Single
3646,530000,1586,4,2,2001,Single
3647,530000,1950,3,2,1963,Single
3648,530000,1862,2,2,2024,Single
3649,530000,1436,3,3,1989,Single
3650,530000,1544,2,2,2020,Single
3651,530000,2003,4,2,1990,Single
3652,530000,1760,3,2,1969,Single
3653,530000,1931,4,3,2025,Single
3654,530000,1601,3,2,2025,Single
3655,530000,1703,4,2,1968,Single
3656,530000,2320,4,3,2018,Single
3657,530000,1830,3,3,1990,Single
3658,530000,1830,2,2,1976,Condo
3659,530000,1895,2,2,2019,Single
3660,530000,1333,2,2,1973,Condo
3661,530000,2276,2,2,2015,Single
3662,530000,1358,2,2,1969,Condo
3663,530000,2689,4,4,2024,Single
3664,530000,1503,4,2,1958,Single
3665,530000,1343,2,2,1954,Single
3666,530000,1848,3,2,2009,Single
3667,530000,1934,2,2,2010,Single
3668,530000,1380,2,2,2005,Condo
3669,530000,1900,3,2,2014,Single
3670,530835,3374,5,4,2025,Single
3671,532000,2500,4,3,2025,Single
3672,532000,1642,4,2,1963,Single
3673,532000,2902,5,4,2005,Single
3674,532000,1764,3,2,2017,Single
3675,532500,2448,4,2,2010,Single
3676,532500,1913,3,2,1999,Single
3677,532593,1418,2,2,2026,Single
3678,532700,532,1,1,1956,Condo
3679,533600,2215,5,2,1953,Single
3680,533990,2143,3,3,2025,Single
3681,534500,2255,4,3,2026,Single
3682,534506,2605,5,3,2026,Single
3683,534900,2348,4,3,2001,Single
3684,535000,1746,2,2,2004,Single
3685,535000,2986,5,4,2011,Single
3686,535000,2361,3,2,1990,Single
3687,535000,1495,3,2,1962,Single
3688,535000,2502,4,4,2022,Single
3689,535000,2677,4,3,2014,Single
3690,535000,1231,3,2,1984,Single
3691,535000,2398,4,3,2002,Single
3692,535000,2166,4,3,2026,Single
3693,535000,1931,4,3,2025,Single
3694,535000,1225,3,1,1951,Single
3695,535000,1176,2,2,2004,Condo
3696,535000,2025,3,3,1987,Condo
3697,535000,2356,3,2,1996,Single
3698,535000,1408,3,2,1956,Single
3699,535000,1786,3,2,2021,Condo
3700,535000,1126,3,2,1950,Single
3701,535000,2127,4,3,2025,Single
3702,535000,1602,2,2,1997,Single
3703,535000,3030,5,4,2025,Single
3704,535000,1764,4,3,1974,Single
3705,535000,1563,3,2,2020,Condo
3706,535000,1791,4,2,1947,Single
3707,535000,1651,2,2,2003,Condo
3708,536000,3263,6,5,2023,Single
3709,536000,3231,4,3,2025,Single
3710,538310,2751,4,3,2025,Single
3711,538685,2211,3,3,2025,Single
3712,539000,1950,3,3,2026,Single
3713,539000,929,1,2,2005,Condo
3714,539000,1212,4,2,1964,Single
3715,539000,2745,4,3,2005,Single
3716,539000,1815,3,2,1993,Condo
3717,539900,2045,3,2,1974,Single
3718,539900,1080,2,2,1989,Condo
3719,539990,2647,4,3,2025,Single
3720,539990,2823,4,4,2025,Single
3721,539990,2731,4,3,2026,Single
3722,540000,1825,2,2,1980,Condo
3723,540000,1669,3,2,1999,Condo
3724,540000,1607,3,2,1992,Single
3725,540000,1467,3,2,1992,Single
3726,540000,1394,3,2,1986,Single
3727,540000,2427,3,3,2021,Single
3728,540000,1250,2,2,1999,Condo
3729,540000,889,2,2,1982,Condo
3730,540000,1875,3,2,2005,Single
3731,540000,2540,4,2,2005,Single
3732,540000,1707,3,3,1969,Single
3733,540000,2424,4,3,2003,Single
3734,540000,2088,4,3,1971,Single
3735,540000,1492,3,2,1985,Single
3736,540000,1400,3,2,1980,Single
3737,540000,1916,2,3,2024,Single
3738,540000,1150,2,2,1967,Condo
3739,540000,2750,3,3,2003,Condo
3740,540000,1930,4,3,1997,Single
3741,540000,1963,2,2,2022,Single
3742,540000,2004,4,2,2015,Single
3743,540000,1766,3,2,2021,Single
3744,540000,2667,4,3,2016,Single
3745,540000,3113,5,3,2018,Single
3746,540000,1145,2,2,2004,Single
3747,540000,1980,4,2,1998,Single
3748,540000,1570,5,3,1950,Single
3749,540165,3267,5,4,2022,Single
3750,541000,1316,3,2,1980,Single
3751,541825,2795,4,4,2024,Single
3752,541850,2794,5,4,2026,Single
3753,541990,3231,4,3,2025,Single
3754,542000,2316,4,3,2004,Single
3755,542500,2187,4,2,1987,Single
3756,543000,2500,4,3,2026,Single
3757,543000,1798,3,3,1988,Single
3758,543000,1907,3,2,2012,Single
3759,544000,2865,4,4,2017,Single
3760,544000,2139,3,2,1987,Single
3761,545000,1927,3,2,2005,Single
3762,545000,1711,3,2,2009,Single
3763,545000,1650,3,2,1984,Single
3764,545000,1554,3,2,2007,Condo
3765,545000,1045,1,1,1980,Condo
3766,545000,2664,4,3,2006,Single
3767,545000,1888,4,2,2004,Single
3768,545000,1694,3,2,2003,Single
3769,545000,1202,3,2,1994,Single
3770,545000,2088,3,2,2025,Single
3771,545000,2100,3,4,2025,Single
3772,545000,1504,3,2,1986,Single
3773,545000,1738,3,3,1993,Single
3774,545000,3417,8,8,1985,Single
3775,545000,2133,4,2,2002,Single
3776,545000,1375,3,2,1952,Single
3777,545000,3030,4,4,2025,Single
3778,545000,2359,3,3,2024,Single
3779,545000,3081,5,5,2021,Single
3780,545000,2020,4,2,2001,Single
3781,545440,1561,2,2,2025,Single
3782,545765,2807,5,4,2025,Single
3783,546340,2643,5,3,2025,Single
3784,546521,1418,2,2,2026,Single
3785,546732,3287,5,4,2026,Single
3786,547000,1930,3,2,2006,Single
3787,547280,1728,3,2,2026,Single
3788,547594,1448,2,3,2026,Single
3789,548000,2182,3,2,2022,Single
3790,548510,2537,4,3,2025,Single
3791,548800,1419,2,2,1944,Single
3792,549000,1756,4,2,1990,Single
3793,549000,1773,3,2,1980,Single
3794,549000,2791,3,3,2025,Single
3795,549000,1740,3,3,2004,Single
3796,549000,1457,3,2,1973,Single
3797,549000,1951,3,2,1998,Single
3798,549900,2342,3,3,2006,Single
3799,549900,2122,3,2,2023,Single
3800,549900,1756,3,2,2004,Single
3801,549990,2490,5,3,2025,Single
3802,549990,2601,5,3,2025,Single
3803,550000,2854,3,4,2025,Single
3804,550000,1876,3,3,2004,Single
3805,550000,4200,4,4,2021,Single
3806,550000,1728,2,2,2000,Single
3807,550000,2565,4,3,2009,Single
3808,550000,1091,2,2,1996,Condo
3809,550000,2294,3,3,2018,Single
3810,550000,1838,3,3,1922,Single
3811,550000,1558,3,2,1984,Single
3812,550000,1782,3,2,1994,Single
3813,550000,1796,3,2,1982,Single
3814,550000,2376,5,2,1995,Single
3815,550000,1914,2,2,2022,Single
3816,550000,1695,3,2,1992,Single
3817,550000,1233,3,2,1951,Single
3818,550000,1314,3,2,1977,Single
3819,550000,1966,3,3,1981,Single
3820,550000,1321,3,2,2020,Condo
3821,550000,1454,4,2,1957,Single
3822,550000,1482,2,2,1970,Condo
3823,550000,1522,2,2,1995,Condo
3824,550000,1507,2,1,1946,Single
3825,550000,923,3,1,1953,Single
3826,550000,1574,2,2,2018,Single
3827,550000,1515,3,2,1975,Single
3828,550000,2184,3,2,2002,Condo
3829,550000,3491,5,5,2015,Single
3830,550000,2397,3,2,1979,Single
3831,550000,620,1,1,1960,Condo
3832,550000,2064,3,2,1967,Single
3833,550000,875,2,2,1982,Condo
3834,550000,3142,6,5,2016,Single
3835,550000,1534,4,2,1987,Single
3836,550000,2780,3,2,1998,Single
3837,550000,2624,5,3,2005,Single
3838,550000,2342,4,3,2002,Single
3839,550000,1992,3,2,1997,Single
3840,550000,2854,3,4,2025,Single
3841,550000,1300,3,1,1959,Single
3842,550000,2456,3,4,2007,Single
3843,550000,2037,3,3,2005,Single
3844,550000,1801,4,3,1991,Single
3845,550000,2444,3,3,2025,Single
3846,550000,2367,3,3,2005,Single
3847,550000,1994,5,3,1953,Single
3848,550000,2366,3,2,1990,Single
3849,550000,1698,3,2,1983,Single
3850,550000,884,3,1,1965,Single
3851,550749,2497,4,3,2026,Single
3852,551000,2270,3,2,2016,Single
3853,551000,2720,3,4,2024,Single
3854,551000,2603,4,3,2025,Single
3855,551000,1155,2,2,1952,Single
3856,552000,2270,3,3,1980,Single
3857,552000,2000,3,2,1959,Single
3858,552500,2551,4,3,1991,Single
3859,553248,1860,3,2,2026,Single
3860,554500,2028,3,2,2002,Single
3861,555000,1508,3,2,1978,Single
3862,555000,1661,2,2,2010,Condo
3863,555000,2093,4,3,1958,Single
3864,555000,2733,4,3,2006,Single
3865,555000,1399,3,2,1980,Single
3866,555000,960,2,1,1981,Single
3867,555000,1400,4,2,2000,Single
3868,555000,2134,3,3,1984,Single
3869,555000,2105,4,2,2001,Single
3870,555000,1722,3,2,2000,Single
3871,555000,1314,3,2,1988,Single
3872,555000,2461,4,2,1979,Single
3873,555000,3366,4,3,2006,Single
3874,555000,1834,3,3,1984,Single
3875,555000,2498,4,3,2005,Single
3876,555000,2574,3,2,1931,Single
3877,555000,1175,2,2,1979,Condo
3878,555000,3313,4,3,2026,Single
3879,555000,2868,4,3,2004,Single
3880,555000,1080,2,2,1978,Condo
3881,555000,1645,2,2,1990,Single
3882,555000,1074,2,2,1949,Single
3883,555000,3661,5,4,2005,Single
3884,555000,1918,3,2,2021,Single
3885,555000,2003,4,3,2004,Single
3886,555000,2606,4,3,2021,Single
3887,555980,2663,4,4,2025,Single
3888,555990,2529,4,3,2025,Single
3889,556000,2506,3,3,1998,Single
3890,557500,1992,3,2,1996,Single
3891,558000,2995,4,3,1912,Single
3892,558500,2020,4,2,1998,Single
3893,558740,3316,4,3,2026,Single
3894,559000,3414,5,3,2001,Single
3895,559000,1456,4,2,1953,Single
3896,559000,2489,4,3,1976,Single
3897,559900,2192,3,2,2015,Single
3898,559990,2687,4,3,2025,Single
3899,559990,2647,4,3,2025,Single
3900,560000,1400,2,2,1988,Condo
3901,560000,1469,3,2,1991,Single
3902,560000,1563,3,2,2025,Single
3903,560000,1553,4,3,1947,Single
3904,560000,1650,3,3,2023,Single
3905,560000,1816,3,2,1998,Single
3906,560000,2427,3,2,1965,Single
3907,560000,1876,4,3,2015,Single
3908,560000,1914,3,3,2000,Single
3909,560000,2410,4,3,1986,Single
3910,560000,2115,4,3,2022,Single
3911,560000,2310,3,2,1989,Single
3912,560000,1248,3,2,1988,Single
3913,560000,2847,4,2,2007,Single
3914,560000,2305,4,3,1999,Single
3915,560000,1034,2,2,1981,Condo
3916,560000,3948,6,5,2007,Single
3917,560000,2430,4,3,1997,Single
3918,560000,2694,4,3,2003,Single
3919,560000,1440,2,2,1971,Condo
3920,560000,2250,3,3,1986,Single
3921,560000,960,3,3,1953,Single
3922,560000,1550,4,2,1962,Single
3923,560000,2099,3,2,2002,Single
3924,560000,1632,3,2,1986,Single
3925,560000,2583,4,3,2001,Single
3926,560000,1897,3,2,2003,Condo
3927,560000,2203,3,3,2004,Condo
3928,560000,1925,4,3,2020,Single
3929,560000,929,1,2,1970,Condo
3930,560000,1662,3,2,2025,Single
3931,560000,2404,3,3,1989,Single
3932,560000,1450,2,2,1970,Condo
3933,561920,1850,4,2,2026,Single
3934,562000,1050,2,2,1983,Condo
3935,562000,1592,3,2,1976,Single
3936,562000,2409,3,3,1993,Single
3937,562900,1459,3,2,1966,Single
3938,564000,1632,2,2,2021,Single
3939,564900,2364,4,3,2017,Single
3940,564900,2013,4,3,2024,Single
3941,565000,2104,4,3,2003,Single
3942,565000,1546,2,2,2024,Single
3943,565000,2236,3,3,2003,Single
3944,565000,1698,2,2,1999,Single
3945,565000,980,1,2,1991,Condo
3946,565000,2314,4,3,2004,Single
3947,565000,1440,3,2,1982,Single
3948,565000,2816,4,3,2014,Single
3949,565000,1716,3,2,1989,Single
3950,565000,2600,4,3,2018,Single
3951,565000,3757,4,4,2018,Single
3952,565000,1315,3,2,1980,Single
3953,565000,2268,3,2,1980,Single
3954,565000,1661,2,2,1997,Condo
3955,565000,2364,3,2,2014,Single
3956,565000,2906,5,3,2005,Single
3957,565000,2721,4,4,2025,Single
3958,565000,2711,5,3,2024,Single
3959,566490,3190,5,4,2025,Single
3960,567700,2395,4,3,2026,Single
3961,567990,3468,5,4,2025,Single
3962,568000,1696,3,2,2025,Single
3963,568000,1957,3,2,2001,Single
3964,568000,1453,3,2,1992,Single
3965,568010,2808,3,4,2026,Single
3966,569000,2108,4,3,1994,Single
3967,569000,1393,3,2,2006,Condo
3968,569000,1928,4,2,1956,Single
3969,569500,2388,3,3,2004,Single
3970,569900,2264,4,3,2019,Single
3971,569900,2736,4,3,2004,Single
3972,569990,3161,5,4,2025,Single
3973,570000,940,2,2,1969,Condo
3974,570000,2055,3,2,2001,Single
3975,570000,1438,3,2,2019,Single
3976,570000,2726,4,4,2018,Single
3977,570000,1703,3,3,1982,Condo
3978,570000,2510,4,3,2024,Single
3979,570000,2209,3,2,2000,Single
3980,570000,1250,3,3,2025,Single
3981,570000,1977,3,3,2013,Single
3982,570000,1743,3,2,1986,Single
3983,570000,1287,2,2,1975,Condo
3984,570000,1080,2,1,1952,Single
3985,570000,1824,4,3,1998,Single
3986,570000,2257,3,2,1962,Single
3987,570000,972,3,2,1983,Single
3988,570000,1872,3,2,2002,Single
3989,570000,1378,3,2,1994,Single
3990,570000,1562,3,2,1955,Single
3991,570000,3339,6,6,2018,Single
3992,570000,3629,5,4,2022,Single
3993,570000,2794,4,4,2026,Single
3994,571000,2510,4,3,2002,Single
3995,572000,2032,4,3,2021,Single
3996,572500,2415,3,3,1988,Single
3997,572500,2228,4,3,2006,Single
3998,572520,2787,4,4,2025,Single
3999,573000,2558,4,3,2020,Single
4000,573000,2582,4,3,1999,Single
4001,574000,1506,3,2,1956,Single
4002,574000,1654,3,2,1976,Single
4003,574900,1752,5,4,1958,Single
4004,574900,1827,3,2,2017,Single
4005,575000,1532,3,2,1979,Single
4006,575000,1590,2,2,2007,Condo
4007,575000,1323,2,2,2007,Condo
4008,575000,2197,3,2,1990,Single
4009,575000,3070,4,3,2000,Single
4010,575000,2517,4,3,2025,Single
4011,575000,1310,2,2,2004,Condo
4012,575000,1500,3,2,1964,Single
4013,575000,836,2,1,1966,Condo
4014,575000,2754,4,3,2025,Single
4015,575000,1579,3,2,2026,Single
4016,575000,2925,5,3,2006,Single
4017,575000,2366,3,2,1989,Single
4018,575000,2238,4,3,1997,Single
4019,575000,1455,2,2,1970,Condo
4020,575000,1925,3,2,2018,Single
4021,575000,1672,4,3,1954,Single
4022,575000,1901,3,2,1994,Single
4023,575000,1370,2,2,2005,Condo
4024,575000,1920,3,3,1980,Single
4025,575000,1736,3,2,1977,Single
4026,575000,1554,3,2,2015,Single
4027,575000,1543,3,2,2007,Condo
4028,575000,2373,4,3,2020,Single
4029,575000,2090,3,3,1989,Single
4030,575000,2269,3,2,2020,Single
4031,575000,1871,3,2,2005,Single
4032,575000,2287,3,3,2006,Condo
4033,575000,2378,3,2,2009,Single
4034,575990,2083,4,3,2025,Single
4035,575999,2600,4,4,2025,Single
4036,576289,3439,4,3,2006,Single
4037,576408,2235,4,3,2025,Single
4038,576700,2532,4,3,2025,Single
4039,577000,3188,3,3,2003,Single
4040,577500,1816,3,2,2004,Single
4041,577750,1926,3,2,1985,Single
4042,578000,1842,3,2,1998,Single
4043,578000,2200,4,2,2015,Single
4044,578490,3357,6,4,2025,Single
4045,578755,2273,3,3,2025,Single
4046,579000,2054,3,2,2021,Single
4047,579000,1735,4,3,2024,Single
4048,579000,2396,4,3,2023,Single
4049,579000,2754,3,3,2023,Single
4050,579000,1439,3,2,1957,Single
4051,579000,1573,3,2,1992,Single
4052,580000,1064,2,2,1970,Condo
4053,580000,1230,2,2,1966,Condo
4054,580000,2359,3,3,1999,Condo
4055,580000,1725,3,2,1990,Single
4056,580000,1435,4,3,1950,Single
4057,580000,2156,4,3,2025,Single
4058,580000,1802,2,2,2022,Single
4059,580000,3148,4,3,1996,Single
4060,580000,1730,3,2,1959,Single
4061,580000,2186,3,2,1996,Single
4062,580000,2901,4,3,1990,Single
4063,580000,2860,3,3,1991,Single
4064,580000,1755,2,3,1975,Condo
4065,580000,4391,9,6,2019,Single
4066,580000,2028,3,2,1960,Single
4067,580000,2545,4,2,1997,Single
4068,580000,1457,2,2,1959,Single
4069,580000,1325,3,2,1967,Single
4070,580000,2240,3,2,2000,Condo
4071,580000,1735,3,2,1957,Single
4072,580000,2097,3,4,2006,Condo
4073,580000,2248,3,4,2024,Single
4074,580000,762,2,2,2020,Condo
4075,580000,1790,3,2,2004,Single
4076,580000,2784,9,3,1994,Single
4077,580000,2090,3,4,2020,Single
4078,580000,2227,3,3,2003,Single
4079,580000,1905,3,2,1993,Single
4080,581126,2361,4,3,2016,Single
4081,582000,1428,3,2,1970,Single
4082,582000,1848,3,2,2024,Single
4083,583000,2124,3,2,1992,Single
4084,583000,1850,3,2,1980,Single
4085,583000,2324,4,3,2004,Single
4086,583450,3029,4,3,2006,Single
4087,583990,3014,5,5,2025,Single
4088,584000,2081,4,3,1994,Single
4089,584807,1448,2,3,2026,Single
4090,584844,2779,4,3,2026,Single
4091,585000,1408,2,2,2013,Condo
4092,585000,1721,3,2,2023,Single
4093,585000,1315,4,2,1999,Single
4094,585000,2881,4,4,2026,Single
4095,585000,1814,3,2,2011,Single
4096,585000,1554,2,2,2004,Single
4097,585000,1587,3,2,1974,Single
4098,585000,1928,3,2,1979,Single
4099,585000,1112,2,2,1973,Condo
4100,585000,2678,4,3,1979,Single
4101,585000,1096,2,2,1975,Condo
4102,585000,1770,3,2,2000,Single
4103,585000,944,2,2,1985,Condo
4104,585000,2624,3,3,2006,Single
4105,585000,2124,3,3,2005,Single
4106,585000,2151,3,2,1996,Single
4107,585000,2316,4,3,2015,Single
4108,585000,2494,4,4,2025,Single
4109,585000,2270,2,2,2016,Single
4110,585000,2700,4,4,1980,Single
4111,585000,2140,3,2,1996,Condo
4112,585000,2474,4,4,2023,Single
4113,585000,1873,3,2,1996,Single
4114,585000,1791,3,2,2025,Single
4115,585000,2931,4,3,2013,Single
4116,585990,2756,4,3,2026,Single
4117,586000,2042,3,2,1983,Single
4118,587000,2676,4,4,2016,Single
4119,587500,2648,3,3,2002,Single
4120,588000,2550,4,2,1994,Single
4121,588000,1522,2,2,1980,Condo
4122,588800,2128,4,2,1978,Single
4123,589000,2634,4,4,2018,Single
4124,589000,2115,3,2,1998,Single
4125,589000,2355,3,3,1990,Single
4126,589000,2466,4,3,1993,Single
4127,589066,2572,4,3,2025,Single
4128,590000,2124,4,3,1957,Single
4129,590000,2459,3,3,2005,Single
4130,590000,3863,5,4,2017,Single
4131,590000,1200,2,2,1982,Condo
4132,590000,1855,3,3,2019,Single
4133,590000,680,1,1,2023,Condo
4134,590000,1563,3,2,1990,Single
4135,590000,2331,4,2,1986,Single
4136,590000,3453,4,4,2009,Single
4137,590000,2534,4,2,1966,Single
4138,590000,1883,2,2,2002,Single
4139,590000,1370,3,2,1970,Single
4140,590000,2114,3,3,2017,Single
4141,590000,1622,2,1,1957,Single
4142,590000,1180,2,2,1978,Condo
4143,590000,3010,5,4,2003,Single
4144,590000,2597,4,3,2004,Condo
4145,590000,1554,3,2,1995,Single
4146,590000,1232,3,2,1955,Single
4147,590000,1024,2,2,2019,Condo
4148,590000,2058,2,2,2001,Condo
4149,591000,2801,4,3,1997,Single
4150,591000,2587,4,3,2020,Single
4151,592000,2704,4,3,2023,Single
4152,592000,3535,4,3,2006,Single
4153,592000,1756,3,2,1995,Single
4154,592044,2337,3,3,2026,Single
4155,592377,3548,5,4,2026,Single
4156,592500,1730,4,2,2020,Single
4157,592640,1808,2,2,2026,Single
4158,594000,2160,3,3,2006,Single
4159,595000,3092,5,3,1998,Single
4160,595000,2436,4,3,1982,Single
4161,595000,1420,3,2,1990,Single
4162,595000,2945,4,4,1998,Single
4163,595000,2111,4,2,2025,Single
4164,595000,3099,4,4,2025,Single
4165,595000,3539,5,4,2006,Single
4166,595000,2471,3,3,2016,Single
4167,595000,2129,3,2,1976,Single
4168,595000,2106,3,3,1995,Single
4169,595000,1387,3,1,1971,Single
4170,595000,2269,3,2,2006,Single
4171,595000,1400,2,2,2014,Condo
4172,595000,1827,3,2,1994,Single
4173,595000,2960,5,3,2006,Single
4174,595000,1429,2,2,1956,Single
4175,595000,1520,4,2,1987,Single
4176,595490,3011,5,4,2026,Single
4177,596000,1699,3,3,1952,Single
4178,599000,1366,3,2,1952,Single
4179,599000,2686,4,3,1996,Single
4180,599000,2809,4,4,2016,Single
4181,599000,2724,4,2,2007,Single
4182,599000,1408,3,2,1989,Single
4183,599000,1045,2,2,1975,Condo
4184,599900,1773,3,2,1973,Single
4185,599900,2356,3,2,1982,Single
4186,599900,2454,4,4,2016,Single
4187,599900,1971,4,3,2024,Single
4188,599900,2981,4,5,2007,Single
4189,599990,3270,5,4,2025,Single
4190,599999,2087,3,2,2018,Single
4191,600000,1334,4,3,1987,Single
4192,600000,1160,2,2,1991,Condo
4193,600000,1031,1,2,2005,Condo
4194,600000,1574,2,2,1978,Condo
4195,600000,1594,2,2,1973,Single
4196,600000,573,1,1,1997,Condo
4197,600000,2124,4,4,1963,Single
4198,600000,1662,3,2,1996,Single
4199,600000,2943,4,3,1989,Single
4200,600000,1403,2,2,1980,Condo
4201,600000,2450,4,3,2015,Single
4202,600000,2085,4,2,2002,Single
4203,600000,2952,5,3,1996,Single
4204,600000,1870,2,2,2015,Single
4205,600000,2420,2,3,1981,Condo
4206,600000,1820,2,3,1980,Condo
4207,600000,2116,2,3,2018,Single
4208,600000,1731,3,2,1965,Single
4209,600000,1881,3,3,2019,Single
4210,600000,2533,3,3,2019,Single
4211,600000,2003,3,2,2022,Single
4212,600000,1590,3,2,1973,Single
4213,600000,2536,3,3,1958,Single
4214,600000,2008,3,2,2005,Single
4215,600000,2698,3,2,1993,Single
4216,600000,2180,4,3,2023,Single
4217,600000,2632,5,3,2025,Single
4218,600000,1567,3,2,1958,Single
4219,600000,1024,3,1,1936,Single
4220,600000,2506,3,2,2023,Single
4221,600000,2964,3,3,1997,Single
4222,600000,2328,3,2,1994,Single
4223,600000,1964,2,2,2017,Single
4224,600000,2746,3,2,1983,Single
4225,600000,1804,2,2,1984,Condo
4226,600000,3000,3,2,1952,Single
4227,600000,2402,5,3,2006,Single
4228,600000,1812,3,2,2025,Single
4229,600000,2090,3,2,2004,Single
4230,600000,2570,2,2,1988,Single
4231,601425,1488,4,2,1993,Single
4232,602000,1164,2,2,1973,Condo
4233,603000,1222,2,2,1954,Single
4234,604000,1940,3,3,1992,Single
4235,605000,2274,2,3,2007,Single
4236,605000,2320,3,2,1984,Single
4237,605000,3581,4,3,2006,Single
4238,605000,3090,5,4,2018,Single
4239,605000,1985,2,2,2025,Single
4240,605000,2779,4,3,1991,Single
4241,607500,1494,2,2,1974,Single
4242,607690,2911,4,4,2026,Single
4243,607990,3275,6,5,2026,Single
4244,608000,3422,4,4,2022,Single
4245,609900,1715,2,2,1984,Single
4246,610000,2065,3,2,1965,Single
4247,610000,1152,3,2,1989,Single
4248,610000,1560,3,2,1979,Single
4249,610000,1686,3,2,2005,Condo
4250,610000,1896,3,2,1977,Single
4251,610000,3660,5,5,2006,Single
4252,610000,1048,2,2,2019,Condo
4253,610000,3367,5,4,2021,Single
4254,610000,1800,4,3,1950,Single
4255,610000,1366,3,2,1958,Single
4256,610000,924,2,2,1998,Condo
4257,610000,2181,3,2,1996,Single
4258,610000,4342,6,4,2017,Single
4259,610000,2201,4,3,2001,Single
4260,610000,1964,2,2,2016,Single
4261,610000,1532,2,2,1976,Condo
4262,610000,1175,2,2,1978,Condo
4263,610000,2541,4,3,1998,Single
4264,610000,2621,3,3,1987,Single
4265,611000,1185,2,2,1987,Condo
4266,612000,2345,3,3,1991,Single
4267,613000,1626,3,2,1986,Single
4268,613500,4106,7,7,2019,Single
4269,613500,3090,7,3,1952,Single
4270,613550,1255,2,2,1985,Condo
4271,614999,3191,5,4,2026,Single
4272,615000,1618,3,2,1997,Condo
4273,615000,1960,3,2,1984,Single
4274,615000,1881,3,3,2000,Single
4275,615000,3145,5,3,2023,Single
4276,615000,1486,3,2,1983,Single
4277,615000,2708,2,3,2006,Single
4278,615000,2660,4,3,2015,Single
4279,615000,2251,4,3,1993,Single
4280,615000,1855,3,2,1959,Single
4281,615000,2197,3,2,1999,Single
4282,615000,1570,4,3,1987,Single
4283,615000,1296,3,2,1959,Single
4284,615000,3422,5,4,2025,Single
4285,615000,2713,4,3,2005,Single
4286,615000,2784,4,3,2022,Single
4287,615000,1400,3,2,1989,Single
4288,615000,1670,2,2,1999,Condo
4289,615000,3116,4,3,2018,Single
4290,615000,2693,4,3,2002,Single
4291,615000,1507,2,2,1964,Single
4292,615000,1514,3,2,1981,Single
4293,615000,2358,4,3,2019,Single
4294,615000,2439,3,3,2006,Single
4295,615000,1990,3,2,2002,Single
4296,615000,1535,2,2,1985,Condo
4297,615000,3159,4,3,2022,Single
4298,615000,1975,3,3,1991,Single
4299,615000,1336,2,2,1974,Single
4300,615000,2369,4,3,2017,Single
4301,615000,1620,4,3,1974,Single
4302,615000,2178,4,3,2020,Single
4303,615000,1620,4,2,1965,Single
4304,617550,2298,3,3,2026,Single
4305,619000,2086,3,2,1999,Single
4306,619000,2018,3,2,2022,Single
4307,619000,2708,3,3,2021,Single
4308,619990,3545,5,5,2025,Single
4309,620000,1589,3,2,1994,Single
4310,620000,2704,4,3,2023,Single
4311,620000,2582,4,4,2026,Single
4312,620000,1974,3,2,2001,Single
4313,620000,4106,7,6,2018,Single
4314,620000,1682,3,2,1984,Single
4315,620000,1575,2,2,2003,Single
4316,620000,1943,3,3,2017,Single
4317,620000,2469,4,3,1989,Single
4318,620000,1620,2,3,1981,Condo
4319,620000,1818,3,2,1971,Single
4320,620000,2080,4,2,1998,Single
4321,620000,3042,4,3,1972,Single
4322,620000,1957,3,2,2002,Single
4323,620000,2600,3,3,1993,Single
4324,620000,1160,,,1930,Single
4325,620000,1916,4,3,2022,Single
4326,620000,2159,3,2,2021,Single
4327,620000,2489,3,2,2000,Single
4328,620000,2876,5,3,2005,Single
4329,620000,2872,4,3,1988,Single
4330,620000,1848,3,2,1986,Single
4331,620000,1500,3,3,1956,Single
4332,620000,3406,4,3,2006,Single
4333,620000,2897,3,2,2004,Single
4334,620000,3299,4,4,2006,Single
4335,620000,3918,4,4,1986,Single
4336,620000,1880,3,3,2017,Single
4337,620000,2515,4,3,2013,Single
4338,620000,2525,4,2,2006,Single
4339,621000,1734,3,2,1994,Single
4340,624900,1254,2,2,1925,Single
4341,625000,1729,3,2,2016,Single
4342,625000,2298,4,3,2010,Single
4343,625000,2222,3,2,2006,Single
4344,625000,3086,4,3,1983,Single
4345,625000,2251,4,2,2021,Single
4346,625000,874,2,2,1981,Condo
4347,625000,2770,5,3,2022,Single
4348,625000,2656,4,3,2018,Single
4349,625000,3659,5,4,2007,Single
4350,625000,1409,3,2,1990,Single
4351,625000,2224,3,3,2024,Single
4352,625000,3294,4,3,2006,Single
4353,625000,1570,4,3,1953,Single
4354,625000,1485,3,2,1925,Single
4355,625000,3346,5,4,2004,Single
4356,625000,2326,4,3,1992,Single
4357,625000,1389,3,2,2023,Single
4358,625000,1825,3,2,1973,Single
4359,625000,2552,4,3,2004,Single
4360,625000,2145,3,3,2004,Single
4361,625000,1986,3,2,1978,Single
4362,625000,1329,2,2,1964,Single
4363,625000,1932,4,3,1985,Condo
4364,625000,2143,3,2,1976,Single
4365,625000,1420,2,3,1975,Condo
4366,625000,2621,4,3,2009,Single
4367,625000,2661,4,3,2001,Single
4368,625000,1606,3,2,1974,Single
4369,625000,2703,4,3,1989,Single
4370,625000,2526,3,3,1998,Condo
4371,625000,1447,5,2,1940,Single
4372,625000,2022,3,3,1999,Single
4373,625000,1850,3,2,2007,Single
4374,625000,1995,3,2,1977,Single
4375,625000,1220,3,2,2007,Condo
4376,625000,1518,3,2,1973,Single
4377,625000,2113,3,2,2025,Single
4378,625000,1752,3,2,1972,Single
4379,626000,3084,5,3,2005,Single
4380,627000,2415,4,3,2002,Single
4381,627000,1782,4,3,1957,Single
4382,627444,2107,4,3,2026,Single
4383,627500,2266,4,3,2020,Single
4384,629900,2383,5,4,2024,Single
4385,629900,2400,4,3,2025,Single
4386,629950,1371,2,2,1995,Condo
4387,629990,2903,4,3,2025,Single
4388,630000,1200,3,2,1972,Single
4389,630000,2108,3,2,1990,Single
4390,630000,2483,3,3,2006,Single
4391,630000,1855,5,3,1970,Single
4392,630000,1739,4,3,1996,Single
4393,630000,2315,3,3,2025,Single
4394,630000,2232,3,2,1981,Single
4395,630000,3855,4,3,1978,Single
4396,630000,2529,4,3,2019,Single
4397,630000,2540,4,2,1984,Single
4398,630000,913,2,2,2003,Condo
4399,630000,1883,3,3,2020,Single
4400,630000,2286,4,4,2022,Single
4401,630000,1550,2,2,1981,Condo
4402,630000,1686,4,2,1992,Single
4403,630000,2711,4,3,2005,Single
4404,630000,1441,3,2,1957,Single
4405,630000,2386,3,2,2020,Single
4406,630000,717,1,1,1941,Condo
4407,630000,2257,3,3,2012,Single
4408,630000,2555,2,3,2003,Condo
4409,630000,2084,4,3,1993,Single
4410,630000,2116,5,3,1967,Single
4411,630000,1742,3,2,1968,Single
4412,630000,3561,5,5,2004,Single
4413,630000,2013,3,2,2013,Single
4414,632000,1454,3,2,2019,Single
4415,632000,3162,4,4,2007,Single
4416,632500,2886,4,2,1980,Single
4417,634000,1908,3,2,1989,Single
4418,635000,2152,4,3,2021,Single
4419,635000,2395,4,3,2025,Single
4420,635000,3317,6,7,2017,Single
4421,635000,2327,3,3,2004,Single
4422,635000,2101,3,3,2002,Single
4423,635000,2143,3,3,2016,Single
4424,635000,2408,3,2,2005,Condo
4425,635000,1446,2,2,1955,Single
4426,635000,1944,3,2,1966,Single
4427,635000,1088,6,6,1974,Single
4428,635000,1170,3,2,2019,Single
4429,635000,1878,4,2,2002,Single
4430,635000,1130,2,2,1976,Condo
4431,635000,2262,3,2,1938,Single
4432,635000,1088,6,6,1974,Single
4433,635000,2722,4,3,2001,Single
4434,635000,2444,3,3,2025,Single
4435,635000,1943,4,2,1980,Single
4436,635000,2246,3,2,2026,Single
4437,635000,1088,6,6,1974,Single
4438,635000,1594,4,3,1949,Single
4439,635000,2718,4,4,1976,Single
4440,635000,2083,3,2,1977,Single
4441,635000,825,2,1,1953,Single
4442,635700,3130,5,3,2026,Single
4443,635900,2193,3,3,2026,Single
4444,637000,1845,3,2,1987,Single
4445,637500,2200,2,2,1999,Single
4446,638000,2002,3,2,1989,Single
4447,639000,2562,4,3,1979,Single
4448,639000,2537,4,3,2023,Single
4449,639000,2704,4,3,2005,Single
4450,639000,2566,3,3,2025,Single
4451,639000,2400,3,3,1976,Condo
4452,639500,2799,4,4,2025,Single
4453,639900,1850,2,3,2024,Single
4454,640000,1981,4,2,1979,Single
4455,640000,6527,4,4,1977,Single
4456,640000,2544,4,3,1980,Single
4457,640000,1980,3,2,1994,Single
4458,640000,1104,3,2,1964,Single
4459,640000,1409,2,2,1989,Condo
4460,640000,2224,3,3,2005,Single
4461,640000,2445,3,3,2017,Single
4462,640000,1977,2,2,1990,Single
4463,640000,2297,4,2,2025,Single
4464,640000,1329,2,2,1968,Single
4465,640000,3518,5,4,2026,Single
4466,640000,2110,4,3,1988,Single
4467,640000,2126,4,3,2003,Single
4468,640000,1660,3,3,1986,Single
4469,640000,2400,2,2,1998,Single
4470,640000,2842,4,3,1993,Single
4471,640000,1239,2,2,2008,Condo
4472,640000,2216,3,3,1996,Single
4473,640000,1883,3,2,2007,Condo
4474,640000,2061,3,2,2020,Single
4475,640800,1436,3,2,1959,Single
4476,641652,3144,4,4,2026,Single
4477,641702,2430,4,3,,Single
4478,642500,2379,4,3,1984,Single
4479,642500,1649,3,2,1987,Single
4480,642500,2782,4,3,1986,Single
4481,642680,4272,4,5,2026,Single
4482,644000,2656,4,2,1981,Single
4483,644519,3021,6,5,2024,Single
4484,645000,1830,3,2,1998,Single
4485,645000,2261,3,3,2016,Single
4486,645000,1711,3,2,1999,Single
4487,645000,1380,2,2,2005,Condo
4488,645000,1190,2,2,2002,Condo
4489,645000,2255,3,3,2005,Single
4490,645000,2748,4,4,2016,Single
4491,645000,1432,2,3,2007,Condo
4492,645000,1636,3,2,2012,Single
4493,645000,1929,5,3,1956,Single
4494,645000,1654,3,3,1950,Single
4495,645000,1710,3,2,1996,Condo
4496,645990,2754,4,3,2026,Single
4497,646047,2040,4,3,2025,Single
4498,647500,1943,3,2,1961,Single
4499,647519,3009,6,5,2024,Single
4500,647585,2536,4,3,2025,Single
4501,648190,2886,5,4,2026,Single
4502,648375,1978,3,2,1993,Condo
4503,649000,2397,4,3,1999,Single
4504,649000,1987,3,2,2012,Single
4505,649000,861,2,2,1975,Condo
4506,649900,1820,2,2,1923,Single
4507,650000,1198,,,1940,Single
4508,650000,1700,4,2,1978,Single
4509,650000,3180,4,3,2006,Single
4510,650000,2277,4,2,1969,Single
4511,650000,2385,3,3,2026,Single
4512,650000,2265,4,3,2025,Single
4513,650000,1769,3,2,1993,Single
4514,650000,1200,2,2,1971,Condo
4515,650000,2882,4,3,2014,Single
4516,650000,2753,3,3,2006,Single
4517,650000,1552,4,2,1959,Single
4518,650000,2176,3,2,2017,Single
4519,650000,1320,0,0,1972,Single
4520,650000,2378,4,4,1994,Single
4521,650000,2193,3,3,2013,Single
4522,650000,2352,4,3,1992,Single
4523,650000,1826,3,2,1994,Single
4524,650000,2112,3,2,2015,Single
4525,650000,1572,3,2,1984,Single
4526,650000,1652,4,2,1969,Single
4527,650000,1931,3,2,2007,Single
4528,650000,1328,2,2,2005,Single
4529,650000,1941,3,2,1959,Single
4530,650000,2239,3,3,1963,Single
4531,650000,2527,4,3,2021,Single
4532,650000,2071,3,3,1998,Condo
4533,650000,2958,4,3,2024,Single
4534,650000,2603,3,3,1998,Condo
4535,650000,2740,3,4,2002,Single
4536,650000,1496,4,2,1939,Single
4537,650000,1312,2,2,1975,Condo
4538,650000,2312,4,3,2001,Single
4539,650000,1370,2,2,1961,Condo
4540,650000,2266,4,2,1958,Single
4541,650000,2056,2,2,1987,Single
4542,650000,1455,2,2,1970,Condo
4543,650000,2027,3,2,1991,Single
4544,650000,3050,5,5,2006,Single
4545,650000,2207,4,3,2023,Single
4546,650000,3141,5,4,2020,Single
4547,651900,2719,3,4,2025,Single
4548,652000,2191,4,2,1974,Single
4549,652000,3133,5,4,1988,Single
4550,655000,1344,2,2,1985,Single
4551,655000,2435,4,3,2023,Single
4552,655000,1994,2,2,2016,Single
4553,655000,2010,3,2,1994,Single
4554,655000,2362,4,3,2015,Single
4555,656000,3242,5,3,2016,Single
4556,656525,2063,3,2,2026,Single
4557,656759,2366,2,3,2025,Single
4558,656878,3076,5,4,2026,Single
4559,657000,2242,4,2,1990,Single
4560,657500,2679,4,3,1999,Single
4561,658500,1012,5,3,1970,Single
4562,659000,3036,5,3,2025,Single
4563,659000,1840,4,3,2007,Single
4564,659990,2520,4,3,2023,Single
4565,660000,2907,3,3,2006,Single
4566,660000,3413,5,3,1987,Single
4567,660000,1618,2,2,1987,Condo
4568,660000,3922,8,5,2020,Single
4569,660000,1951,3,2,1985,Single
4570,660000,2262,3,2,2003,Single
4571,660000,2700,5,3,1984,Single
4572,660000,2835,4,3,2002,Single
4573,660000,2740,3,3,1990,Single
4574,660000,1438,3,2,1990,Condo
4575,660000,1903,3,2,1990,Single
4576,660000,3418,5,4,2012,Single
4577,660000,1944,4,3,1995,Single
4578,660000,2112,3,2,1990,Single
4579,660000,1908,3,2,1989,Single
4580,660000,1740,3,3,1981,Condo
4581,660000,3798,5,4,2022,Single
4582,660000,2281,3,3,2025,Single
4583,660000,2070,4,2,1979,Single
4584,660222,3076,5,4,2025,Single
4585,661000,2412,3,2,1985,Single
4586,662000,3971,4,4,1989,Single
4587,662000,2209,4,2,2017,Single
4588,662000,3224,4,4,2017,Single
4589,662500,2152,4,2,1999,Single
4590,663990,2489,4,4,2025,Single
4591,665000,2489,4,3,1993,Single
4592,665000,2112,3,3,2021,Single
4593,665000,1608,3,3,1999,Single
4594,665000,2011,4,2,1981,Single
4595,665000,2193,3,2,1998,Single
4596,665000,2446,4,4,1998,Single
4597,665000,4608,0,8,1972,Single
4598,665000,2554,4,4,1990,Single
4599,665000,2000,4,3,1945,Single
4600,665000,1958,3,2,1992,Single
4601,665000,2599,3,2,2019,Single
4602,665000,2025,3,2,2006,Single
4603,665000,2793,5,4,2025,Single
4604,665000,2323,4,3,2002,Single
4605,665000,3017,5,3,2025,Single
4606,665000,2552,4,4,2006,Single
4607,665000,890,2,2,1970,Condo
4608,666209,2520,4,4,2025,Single
4609,666300,4032,3,2,1984,Single
4610,667500,1974,3,3,1973,Single
4611,668000,1099,2,2,1996,Condo
4612,668990,2560,4,4,2025,Single
4613,669000,2220,4,3,2004,Single
4614,670000,2358,3,3,2019,Single
4615,670000,2441,4,3,1988,Single
4616,670000,1455,3,2,1986,Single
4617,670000,1676,3,3,2003,Condo
4618,670000,3080,3,3,2004,Condo
4619,670000,1390,2,2,2005,Condo
4620,670000,1844,3,3,2015,Single
4621,670000,1666,3,2,1980,Single
4622,670000,2034,3,2,1997,Single
4623,670000,1961,3,4,2001,Condo
4624,670000,1983,3,2,2000,Single
4625,670000,2366,3,3,1999,Single
4626,670000,2922,4,3,2006,Single
4627,670000,2281,3,3,1978,Condo
4628,670000,2534,4,4,2023,Single
4629,670000,2706,4,3,1983,Single
4630,671000,2496,4,3,1986,Single
4631,671000,2894,3,2,1980,Single
4632,671000,3312,5,4,1987,Single
4633,672000,2046,4,2,1955,Single
4634,672520,3575,5,4,2025,Single
4635,674000,2925,3,3,2017,Single
4636,675000,2501,4,3,1996,Single
4637,675000,2187,3,2,2005,Single
4638,675000,1987,3,2,1988,Single
4639,675000,2234,4,3,2015,Single
4640,675000,2494,3,3,2002,Condo
4641,675000,513,1,1,1991,Condo
4642,675000,2550,4,4,2003,Single
4643,675000,3790,4,3,1991,Single
4644,675000,3419,5,4,2014,Single
4645,675000,2247,4,4,2025,Single
4646,675000,2132,3,3,2000,Single
4647,675000,1697,3,2,1993,Single
4648,675000,3102,4,4,2003,Single
4649,675000,2698,4,3,2005,Single
4650,675000,2251,4,2,1962,Single
4651,675000,2502,3,2,1980,Single
4652,675000,2137,3,2,2000,Single
4653,675000,2613,4,3,2006,Single
4654,675000,3068,5,4,2018,Single
4655,675000,2382,3,3,1993,Single
4656,675000,1640,3,3,1995,Single
4657,675000,2624,4,3,2026,Single
4658,675000,3634,5,3,2006,Single
4659,675000,2687,4,3,1999,Single
4660,675060,3295,5,4,2025,Single
4661,676380,2029,3,2,2018,Single
4662,676520,3575,5,5,2026,Single
4663,678000,2514,4,3,1995,Single
4664,678000,2644,4,3,1994,Single
4665,678750,2342,3,3,2025,Single
4666,679000,1522,2,2,1996,Condo
4667,679990,3647,5,5,2026,Single
4668,680000,2546,4,3,2000,Single
4669,680000,2830,0,,2025,Single
4670,680000,2888,4,4,2016,Single
4671,680000,2790,4,2,1978,Single
4672,680000,1939,3,2,2006,Single
4673,680000,2700,4,3,1987,Single
4674,680000,2102,2,1,2005,Single
4675,680000,2426,4,3,2021,Single
4676,680000,1534,3,3,2006,Single
4677,680000,2272,4,3,2002,Single
4678,680000,2686,3,3,2006,Condo
4679,680000,1885,5,3,1981,Single
4680,680000,1720,3,3,2025,Single
4681,680000,1823,2,2,2004,Single
4682,680000,3371,4,4,2005,Single
4683,680000,3163,5,4,2019,Single
4684,680000,1402,2,2,1974,Condo
4685,680000,1963,3,2,1997,Single
4686,680000,1750,2,2,2001,Single
4687,681000,2282,4,3,1987,Single
4688,681503,4566,4,3,1984,Single
4689,683460,3575,5,5,2025,Single
4690,684250,3779,5,4,2025,Single
4691,684500,2337,3,4,2008,Single
4692,685000,2700,5,3,1960,Single
4693,685000,1577,3,2,1991,Single
4694,685000,3319,5,3,1996,Single
4695,685000,2128,4,2,1954,Single
4696,685000,1640,2,2,1964,Single
4697,685000,1710,2,3,1972,Single
4698,685000,2512,3,3,2006,Condo
4699,685000,984,2,1,1937,Single
4700,685000,2099,2,3,2018,Single
4701,685000,3010,3,3,2004,Condo
4702,686000,2542,4,3,1997,Single
4703,687500,1172,1,2,1969,Condo
4704,688000,2026,4,2,1968,Single
4705,688000,2476,3,3,2020,Single
4706,689500,2662,4,3,2012,Single
4707,690000,2900,4,3,1990,Single
4708,690000,1911,3,3,2026,Single
4709,690000,2305,4,3,2004,Single
4710,690000,1536,3,2,1991,Single
4711,690000,3006,3,2,2001,Single
4712,690000,2016,3,3,2000,Single
4713,690000,2050,4,2,2023,Single
4714,690000,2850,4,3,1997,Single
4715,690000,2247,2,3,2026,Single
4716,690000,3136,5,3,1999,Single
4717,690000,2308,4,3,2022,Single
4718,690000,3641,4,3,1980,Single
4719,690000,2927,4,3,2025,Single
4720,690000,2083,3,2,2021,Single
4721,690000,2992,5,3,1962,Single
4722,690000,3388,5,4,2020,Single
4723,690000,1619,3,2,1998,Condo
4724,690000,3763,5,4,2005,Single
4725,690000,2434,3,3,2022,Single
4726,690000,1816,3,2,1999,Single
4727,690000,1220,2,2,2017,Condo
4728,692000,1595,3,2,1992,Single
4729,692000,2787,4,4,2025,Single
4730,693000,1934,4,2,1969,Single
4731,695000,2675,4,3,1991,Single
4732,695000,2453,4,4,2025,Single
4733,695000,2265,4,3,2026,Single
4734,695000,1483,2,2,2006,Condo
4735,695000,2568,3,3,1984,Single
4736,695000,1776,4,2,2025,Single
4737,695000,2847,4,3,2016,Single
4738,695000,1346,4,3,1967,Single
4739,695000,2474,3,2,1972,Single
4740,695000,1378,2,2,1999,Condo
4741,695000,2300,3,4,1979,Condo
4742,695000,2920,4,5,2020,Single
4743,695000,1666,2,2,1959,Single
4744,696950,2808,3,4,2026,Single
4745,697000,2552,4,3,1998,Single
4746,698466,2235,4,3,2026,Single
4747,698999,1998,4,3,1968,Single
4748,699000,1892,,,1956,Single
4749,699000,1905,4,2,1993,Single
4750,699000,1422,2,2,2001,Condo
4751,699000,3529,5,5,2025,Single
4752,699000,3514,4,4,2019,Single
4753,699000,3061,4,4,2026,Single
4754,699000,3533,4,5,1994,Single
4755,699000,1933,4,2,1963,Single
4756,699000,2128,3,3,2004,Single
4757,699000,2120,3,3,1956,Single
4758,699500,3134,5,3,2000,Single
4759,699500,1725,3,3,1926,Single
4760,699900,2376,4,3,2022,Single
4761,699900,2480,4,3,1998,Single
4762,700000,1224,3,2,1998,Single
4763,700000,2382,4,3,1966,Single
4764,700000,3146,5,3,1956,Single
4765,700000,2302,3,3,1989,Single
4766,700000,1917,2,2,2018,Single
4767,700000,3195,4,3,2004,Single
4768,700000,3128,5,3,1991,Single
4769,700000,844,1,1,2006,Condo
4770,700000,1532,3,2,1993,Single
4771,700000,2664,4,3,2006,Single
4772,700000,1735,2,2,1989,Condo
4773,700000,1217,3,2,1960,Single
4774,700000,1410,3,2,1958,Single
4775,700000,2799,3,3,2025,Single
4776,700000,1896,3,3,1989,Single
4777,700000,2743,2,3,1940,Single
4778,700000,2637,4,3,1999,Single
4779,700000,2550,4,3,2002,Single
4780,700000,2434,4,3,2022,Single
4781,700000,2771,4,2,1995,Single
4782,700000,2134,4,3,1989,Single
4783,700000,2948,5,3,1958,Single
4784,700000,1548,3,2,1984,Condo
4785,700000,2112,6,3,1975,Single
4786,700000,2037,3,2,2001,Single
4787,700000,2970,4,3,2003,Single
4788,700000,3395,5,4,2002,Single
4789,700000,2278,3,2,1992,Single
4790,700000,1750,3,3,2023,Single
4791,700000,2497,4,3,2022,Single
4792,700000,1500,2,2,1982,Condo
4793,700000,1440,3,3,1950,Single
4794,700000,1625,3,2,1980,Single
4795,700000,2693,3,3,2015,Single
4796,700000,1980,3,2,1920,Single
4797,700000,1564,3,2,1996,Condo
4798,700000,3246,4,3,2007,Single
4799,700000,1750,2,2,2000,Single
4800,700000,1060,2,2,1966,Condo
4801,700000,2136,4,2,1960,Single
4802,700000,2006,3,3,2019,Single
4803,701000,1523,2,2,1975,Condo
4804,701000,2942,4,3,1998,Single
4805,703000,2110,3,3,2021,Single
4806,704500,2855,4,3,1994,Single
4807,705000,2331,4,4,1988,Single
4808,705000,1202,2,3,2008,Condo
4809,705000,1952,3,3,1984,Single
4810,705000,2796,4,3,1985,Single
4811,705000,1619,3,2,1997,Condo
4812,705000,3250,4,3,1998,Single
4813,705000,2498,4,3,2000,Single
4814,705000,2526,4,3,2019,Single
4815,705000,2456,3,2,2004,Single
4816,706525,2234,4,3,2026,Single
4817,707000,1462,3,2,1995,Single
4818,707378,3412,6,5,2026,Single
4819,710000,2146,3,2,1989,Single
4820,710000,1276,3,2,1959,Single
4821,710000,2569,4,3,1997,Single
4822,710000,2816,3,3,2001,Single
4823,710000,3069,3,3,2018,Single
4824,710000,2822,4,3,2018,Single
4825,710000,2429,4,3,2001,Single
4826,710000,3019,4,4,2014,Single
4827,710000,2718,3,3,1995,Single
4828,710000,2130,4,3,1986,Single
4829,710000,2879,4,3,2015,Single
4830,710000,1346,3,2,1958,Single
4831,710760,3334,5,4,2026,Single
4832,711000,2374,3,3,1989,Single
4833,712500,1205,2,2,1968,Condo
4834,714000,2293,3,3,1997,Condo
4835,715000,2285,3,3,1989,Single
4836,715000,2952,4,3,1995,Single
4837,715000,2167,3,3,2022,Single
4838,715000,3755,3,3,2020,Single
4839,715000,2439,4,3,2020,Single
4840,715000,1435,2,2,1974,Condo
4841,715000,1933,3,2,2023,Single
4842,715000,2097,3,3,2022,Single
4843,715000,2409,4,3,2025,Single
4844,715000,2645,4,3,1991,Single
4845,715000,2314,4,3,2019,Single
4846,715000,2435,4,3,1981,Single
4847,715000,2986,4,3,1989,Single
4848,715000,2664,5,4,1955,Single
4849,715000,3004,3,3,2026,Single
4850,715000,1909,3,3,1983,Condo
4851,715000,3060,4,4,1979,Single
4852,715000,3300,5,4,2019,Single
4853,715000,2580,3,3,2020,Single
4854,715000,1752,,,1959,Single
4855,715000,2246,4,2,1973,Single
4856,715000,4160,3,4,2021,Single
4857,716000,1440,3,2,1966,Single
4858,717000,2686,4,3,1976,Single
4859,719000,1333,2,3,2003,Condo
4860,719545,2624,3,3,2026,Single
4861,719900,2300,4,3,2025,Single
4862,720000,3012,4,4,2007,Single
4863,720000,2391,4,3,2003,Single
4864,720000,1257,2,3,1997,Condo
4865,720000,2036,4,2,2022,Single
4866,720000,3258,4,3,1999,Single
4867,720000,2689,4,4,2024,Single
4868,720000,3572,6,5,2005,Single
4869,720000,2538,4,3,2001,Single
4870,720000,3101,3,3,1992,Single
4871,720000,1311,2,2,1975,Condo
4872,720000,2506,4,3,2025,Single
4873,720000,2707,4,4,2000,Single
4874,720000,1605,3,2,1954,Single
4875,720000,1650,3,3,1977,Condo
4876,720000,1306,2,2,1970,Condo
4877,720000,3814,4,3,2023,Single
4878,720000,1798,3,3,1996,Single
4879,720500,1419,3,2,1987,Single
4880,721000,3547,5,4,2026,Single
4881,722000,2399,4,3,2023,Single
4882,722500,2134,4,3,2004,Single
4883,724000,3198,5,3,2022,Single
4884,725000,1368,3,2,1991,Condo
4885,725000,2588,4,3,2002,Single
4886,725000,2934,4,3,2023,Single
4887,725000,2781,5,3,2018,Single
4888,725000,1942,3,2,1986,Single
4889,725000,1850,3,2,1977,Single
4890,725000,940,1,2,2019,Condo
4891,725000,2091,3,2,1987,Single
4892,725000,1435,2,2,1977,Condo
4893,725000,2375,5,3,1985,Single
4894,725000,2424,3,3,2010,Single
4895,725000,2147,3,2,1991,Single
4896,725000,1565,2,2,2025,Single
4897,725000,2288,4,3,2017,Single
4898,725000,3212,4,3,2017,Single
4899,725000,1684,3,2,2019,Single
4900,725000,1341,3,2,2015,Single
4901,725000,1326,2,2,1984,Condo
4902,725000,2100,3,3,2013,Single
4903,725000,1681,3,2,1961,Single
4904,725000,3016,4,3,2003,Single
4905,725000,1505,2,2,2006,Condo
4906,725000,2241,3,3,1994,Single
4907,725000,1776,3,2,1986,Single
4908,725000,3176,5,5,2023,Single
4909,728000,2060,3,3,2002,Condo
4910,728000,2856,4,3,2018,Single
4911,729000,1654,3,2,2015,Condo
4912,729900,4277,5,6,2006,Single
4913,730000,2271,3,2,1988,Single
4914,730000,1911,3,3,1965,Single
4915,730000,2304,4,2,1981,Single
4916,730000,2247,4,2,1981,Single
4917,730000,1983,3,3,2000,Single
4918,730000,4140,5,4,2015,Single
4919,730000,2157,4,2,1983,Single
4920,730000,3580,5,4,2006,Single
4921,730000,3372,5,4,2004,Single
4922,730000,2015,3,3,1997,Condo
4923,730000,2420,4,3,1998,Single
4924,730000,2562,4,3,2025,Single
4925,730500,3130,4,3,2026,Single
4926,732000,1953,3,2,1976,Single
4927,732000,2804,4,4,1996,Single
4928,732500,1828,3,2,1993,Single
4929,735000,2401,3,3,2000,Single
4930,735000,1348,2,2,2024,Condo
4931,735000,3275,4,4,2026,Single
4932,735000,3476,5,4,2016,Single
4933,735000,2086,3,3,1997,Single
4934,735000,1228,2,2,1964,Single
4935,735000,2739,4,3,2006,Single
4936,735000,2385,5,3,2018,Single
4937,735000,1275,2,2,1968,Condo
4938,735000,2225,3,2,2006,Single
4939,735000,2584,4,3,2015,Single
4940,737000,2010,3,2,2017,Single
4941,737117,2367,4,4,2026,Single
4942,738000,2465,3,3,2025,Single
4943,738089,2436,3,4,2026,Single
4944,738445,1879,3,2,1984,Single
4945,739000,1730,4,2,1950,Single
4946,739000,2930,4,3,2006,Single
4947,739000,1806,4,3,2022,Single
4948,740000,4412,3,4,1979,Single
4949,740000,2763,4,3,1994,Single
4950,740000,1404,4,2,1972,Single
4951,740000,1710,2,2,2003,Single
4952,740000,1817,3,3,1983,Single
4953,740000,3008,3,3,1996,Single
4954,740000,1486,3,3,2007,Condo
4955,740000,2045,3,2,2000,Single
4956,740000,3705,4,4,1995,Single
4957,740000,2500,4,3,1992,Single
4958,740000,2507,4,3,2004,Single
4959,740000,2650,3,3,2022,Single
4960,741600,2509,4,3,1973,Single
4961,742000,2394,4,3,1964,Single
4962,742500,2660,4,3,2021,Single
4963,742500,2601,4,4,2025,Single
4964,745000,1980,2,2,1975,Condo
4965,745000,2636,4,4,2021,Single
4966,745000,1088,3,2,1950,Single
4967,745000,1950,4,2,1962,Single
4968,745000,3248,5,3,2020,Single
4969,745000,2145,3,3,2013,Single
4970,745000,1876,2,2,1999,Single
4971,745000,1390,2,2,2007,Condo
4972,745000,2758,4,3,1999,Single
4973,745000,2167,3,2,2021,Single
4974,745000,2812,4,4,1954,Single
4975,745000,1691,3,2,1964,Single
4976,745000,1772,3,3,2013,Single
4977,749000,1894,4,2,2026,Single
4978,749000,2846,3,2,2004,Single
4979,749000,1105,2,2,1964,Single
4980,749000,2013,3,3,1958,Single
4981,750000,2315,3,2,2001,Single
4982,750000,3085,4,3,1995,Single
4983,750000,3679,3,4,1987,Single
4984,750000,1500,3,2,2005,Single
4985,750000,2115,3,2,1936,Single
4986,750000,1544,3,2,1985,Single
4987,750000,1770,2,3,1970,Condo
4988,750000,1912,3,2,1995,Condo
4989,750000,2770,4,3,2006,Single
4990,750000,2062,3,2,2019,Single
4991,750000,1070,2,2,1960,Single
4992,750000,2020,3,3,1987,Single
4993,750000,1894,4,2,2025,Single
4994,750000,2704,4,3,2024,Single
4995,750000,1778,3,2,1973,Single
4996,750000,1179,1,1,2006,Condo
4997,750000,1643,3,2,1957,Single
4998,750000,1822,3,3,2022,Single
4999,750000,1853,3,2,1981,Single
5000,750000,2503,4,3,2003,Single
5001,750000,3282,7,6,2021,Single
5002,750000,2097,4,2,1996,Single
5003,750000,1983,3,2,1996,Single
5004,750000,3844,5,3,2016,Single
5005,750000,2152,3,4,2025,Single
5006,750000,2399,4,2,2019,Single
5007,750000,3498,4,4,1957,Single
5008,750000,3386,5,3,2006,Single
5009,750000,2946,4,3,2025,Single
5010,750000,1592,2,3,1986,Condo
5011,750000,3063,4,3,1992,Single
5012,750000,2999,4,3,2023,Single
5013,750000,3300,3,3,1989,Condo
5014,750000,2075,3,3,2024,Single
5015,750000,2025,3,2,1964,Single
5016,750000,2092,5,3,1961,Single
5017,750000,2596,4,3,2007,Single
5018,750000,3548,5,4,2006,Single
5019,750000,1333,3,2,2016,Condo
5020,750000,1895,3,2,1990,Condo
5021,750000,1614,4,3,1960,Single
5022,750000,2400,4,3,2014,Single
5023,751000,2626,4,3,1973,Single
5024,753000,2134,4,3,1970,Single
5025,754600,3302,8,4,1972,Single
5026,755000,1432,3,3,2015,Condo
5027,755000,2135,3,2,1981,Single
5028,755000,1624,3,2,1952,Single
5029,755000,2822,3,2,1952,Single
5030,755000,2201,3,3,2016,Single
5031,755000,2539,4,3,1997,Single
5032,755000,1530,3,2,1981,Condo
5033,755000,2277,4,3,2019,Single
5034,755000,2282,4,2,1971,Single
5035,755000,3498,6,4,2006,Single
5036,758000,2060,3,3,2013,Single
5037,759000,2669,4,3,2001,Single
5038,760000,2246,3,3,1980,Single
5039,760000,1624,3,2,1971,Single
5040,760000,1330,2,3,1982,Condo
5041,760000,2138,3,2,2020,Single
5042,760000,3521,5,4,2025,Single
5043,760000,2452,4,3,2001,Single
5044,763000,2074,4,3,1963,Single
5045,764000,3598,5,4,2017,Single
5046,765000,3327,4,4,2026,Single
5047,765000,2269,4,3,2019,Single
5048,765000,3006,4,3,2006,Single
5049,765000,2630,4,4,2004,Single
5050,765000,1227,3,2,1972,Single
5051,765000,2488,4,3,2020,Single
5052,765000,1390,2,2,1978,Condo
5053,765000,2332,3,3,1998,Single
5054,765000,2378,6,6,1946,Single
5055,765000,3104,4,4,1996,Single
5056,765000,1709,3,2,2019,Single
5057,765000,3150,5,5,2014,Single
5058,765000,969,2,3,2014,Condo
5059,769000,3940,5,5,2025,Single
5060,769900,2445,3,3,2020,Single
5061,770000,1380,2,2,1974,Condo
5062,770000,1080,2,2,1975,Single
5063,770000,1665,3,2,2001,Single
5064,770000,1916,3,2,1954,Single
5065,770000,2408,3,3,2023,Single
5066,770000,2652,4,2,1990,Single
5067,770000,2512,3,3,2005,Condo
5068,770000,2114,3,2,1986,Single
5069,770000,4169,6,4,2021,Single
5070,770000,2292,3,3,1978,Single
5071,770000,1876,2,2,2018,Single
5072,770000,2753,3,4,2022,Single
5073,770125,3242,5,3,1993,Single
5074,772000,2095,4,2,2005,Single
5075,775000,1460,2,2,1973,Condo
5076,775000,3302,4,3,2022,Single
5077,775000,2717,3,3,1986,Single
5078,775000,2590,3,3,2006,Single
5079,775000,4214,5,4,2016,Single
5080,775000,1277,2,2,1999,Condo
5081,775000,2921,5,4,2023,Single
5082,775000,2106,3,3,1964,Single
5083,775000,2440,4,3,2022,Single
5084,775000,1898,3,2,1970,Single
5085,775000,1988,3,2,1974,Single
5086,775000,2519,3,3,2016,Single
5087,775000,1152,3,2,1983,Single
5088,775000,2000,3,3,1988,Single
5089,775000,2154,3,3,1995,Single
5090,775000,1660,2,3,2000,Condo
5091,775000,1660,3,2,2016,Single
5092,777000,3346,5,4,2004,Single
5093,778475,2397,3,3,2026,Single
5094,780000,2819,5,3,1992,Single
5095,780000,2763,4,3,2015,Single
5096,780000,1839,3,4,2006,Condo
5097,780000,1546,3,3,1953,Single
5098,780000,3416,7,4,2004,Single
5099,780000,2405,3,3,2003,Single
5100,780000,2269,3,3,2025,Single
5101,782000,4486,4,4,2000,Single
5102,784500,1875,3,2,1989,Single
5103,785000,2125,4,3,1979,Single
5104,785000,3980,4,4,2015,Single
5105,785000,2660,4,4,1981,Single
5106,785000,2488,4,3,1995,Single
5107,785000,1236,2,2,1985,Single
5108,785000,2349,3,3,2019,Single
5109,785000,2211,3,2,1981,Single
5110,785000,2599,3,3,1914,Single
5111,785000,3875,5,5,2018,Single
5112,785000,2673,3,3,2023,Single
5113,785000,3370,6,4,2005,Single
5114,785041,3276,3,3,2025,Single
5115,786580,3022,4,3,2025,Single
5116,787000,1872,3,3,1989,Single
5117,787000,1173,3,2,1948,Single
5118,787500,3961,5,4,2007,Single
5119,789000,3162,5,4,1999,Single
5120,790000,2336,4,3,1996,Single
5121,790000,1928,3,2,1999,Single
5122,790000,2188,3,2,2014,Single
5123,790000,3069,3,4,2007,Single
5124,790000,2884,4,3,1964,Single
5125,790000,1117,3,2,1971,Single
5126,790000,2298,3,2,2023,Single
5127,790000,2766,4,3,2022,Single
5128,792000,2502,4,2,1988,Single
5129,792500,2259,3,3,1988,Single
5130,793100,1860,3,3,2025,Single
5131,795000,3153,4,3,1984,Single
5132,795000,2137,3,2,1988,Single
5133,795000,2917,2,3,1990,Single
5134,795000,2871,4,3,2001,Single
5135,795000,2677,5,3,1998,Single
5136,795000,3291,4,3,2004,Single
5137,795000,2604,3,3,1999,Condo
5138,795621,3036,5,3,2026,Single
5139,799000,2832,2,4,2015,Single
5140,799000,1620,4,3,1964,Single
5141,799000,1557,3,2,1949,Single
5142,799900,2802,4,3,2026,Single
5143,799900,3420,5,3,2026,Single
5144,800000,2405,4,3,2022,Single
5145,800000,3303,4,3,2005,Single
5146,800000,2758,3,4,2014,Single
5147,800000,1063,2,2,1978,Condo
5148,800000,1725,2,2,1981,Condo
5149,800000,2236,3,2,1969,Single
5150,800000,1492,3,2,1964,Single
5151,800000,3459,5,4,2009,Single
5152,800000,2182,3,2,1967,Single
5153,800000,1694,3,3,1989,Condo
5154,800000,3256,4,3,2003,Single
5155,800000,2517,3,3,2003,Single
5156,800000,2498,3,2,1984,Single
5157,800000,3981,5,5,2019,Single
5158,800000,4131,5,4,2023,Single
5159,800000,1570,2,3,1969,Condo
5160,800000,2815,3,3,2005,Single
5161,800000,2241,4,3,2013,Single
5162,800000,3186,5,4,2006,Single
5163,800000,1430,2,3,1967,Condo
5164,800000,1936,3,3,1971,Single
5165,800000,3116,5,4,2016,Single
5166,800000,2752,3,2,1999,Single
5167,802000,2628,4,3,2023,Single
5168,805000,3614,5,4,1996,Single
5169,805000,2801,5,4,1998,Single
5170,805000,2394,3,3,2002,Single
5171,805000,1955,4,3,1957,Single
5172,805000,1676,2,2,2008,Condo
5173,805000,3433,5,4,2018,Single
5174,805000,2997,,,1976,Single
5175,805000,1505,3,3,2015,Condo
5176,806000,3077,4,3,2005,Single
5177,807000,2839,4,3,1996,Single
5178,807500,1416,4,3,1978,Single
5179,808000,2483,3,3,2025,Single
5180,808000,2498,3,4,2020,Single
5181,808000,900,2,2,1990,Single
5182,810000,1728,3,3,1926,Single
5183,810000,1655,2,2,1982,Condo
5184,810000,1789,3,2,2000,Single
5185,810851,3022,4,4,2025,Single
5186,811000,1152,3,2,1971,Single
5187,815000,1688,2,2,1981,Condo
5188,815000,2132,3,2,1991,Single
5189,815000,2200,3,3,2024,Single
5190,815000,1104,3,2,1993,Single
5191,815000,2840,3,4,2018,Single
5192,815000,2253,3,3,2020,Single
5193,815000,2783,4,4,2024,Single
5194,815000,1997,3,3,1955,Single
5195,816582,4000,5,5,2026,Single
5196,818410,3108,4,5,2026,Single
5197,820000,2376,3,3,1988,Single
5198,820000,1478,3,3,1973,Condo
5199,820000,3201,5,4,1978,Single
5200,820000,2750,4,3,1994,Single
5201,820000,2067,4,2,1984,Single
5202,820000,2571,4,3,2019,Single
5203,821000,3943,5,4,2007,Single
5204,823000,2658,4,3,1995,Single
5205,823197,2483,3,3,2026,Single
5206,824000,2444,4,3,1986,Single
5207,824900,3311,4,3,1988,Single
5208,824988,2396,4,4,2025,Single
5209,825000,1852,3,2,1941,Single
5210,825000,2032,3,3,1992,Single
5211,825000,2243,3,2,1995,Single
5212,825000,2804,4,3,2017,Single
5213,825000,2898,3,3,1973,Single
5214,825000,2293,4,3,2011,Single
5215,825000,3342,5,4,1998,Single
5216,825000,1716,4,3,2006,Single
5217,825000,2257,4,3,2002,Single
5218,825000,1804,3,3,1957,Single
5219,825000,1801,3,2,1981,Single
5220,825000,1697,2,2,1981,Condo
5221,825000,2493,4,3,2002,Single
5222,825000,3480,5,4,2013,Single
5223,825000,1318,2,2,1992,Condo
5224,825000,1707,2,2,1986,Condo
5225,825082,2866,4,3,2025,Single
5226,829000,2389,4,3,1999,Single
5227,829900,3694,4,5,2025,Single
5228,830000,2015,4,4,1998,Single
5229,830000,2095,3,2,2024,Single
5230,830000,3248,4,4,1997,Single
5231,830000,2618,5,3,2026,Single
5232,830000,2560,3,4,2022,Single
5233,830000,2247,4,3,1997,Single
5234,830000,526,0,1,2005,Condo
5235,830000,3327,4,4,2025,Single
5236,830000,1096,2,2,2018,Condo
5237,832000,2305,4,3,2016,Single
5238,832500,3082,5,4,2015,Single
5239,833000,3013,,,1984,Single
5240,833342,3412,6,5,2026,Single
5241,835000,1552,3,2,1964,Single
5242,835000,2024,3,2,1994,Single
5243,835000,2643,4,2,1900,Single
5244,835000,2763,4,3,2005,Single
5245,835000,1332,3,2,2005,Condo
5246,835000,1855,3,3,1950,Single
5247,835000,1944,3,3,2018,Single
5248,835000,3666,4,4,2023,Single
5249,835000,1905,3,2,1977,Single
5250,835000,1426,2,2,1979,Condo
5251,835000,2741,4,3,2002,Single
5252,835000,2487,4,3,2002,Single
5253,835000,3760,5,4,2019,Single
5254,838974,2330,4,3,2025,Single
5255,839000,3100,4,3,2014,Single
5256,840000,2753,3,4,2020,Single
5257,840000,3246,4,3,1981,Single
5258,840000,3370,6,4,2004,Single
5259,840000,2551,4,3,2002,Single
5260,840000,1047,2,2,1998,Condo
5261,840000,1426,3,2,1936,Single
5262,840646,3849,5,5,2006,Single
5263,841000,2349,3,3,1995,Single
5264,842500,924,2,1,1950,Single
5265,842500,1072,2,2,1925,Single
5266,845000,2231,3,3,2007,Single
5267,845000,3300,5,4,1979,Single
5268,845000,1659,2,2,1980,Condo
5269,845000,2732,4,3,1994,Single
5270,845000,1341,2,2,1992,Condo
5271,845000,2187,3,3,2019,Single
5272,848000,2636,4,3,2011,Single
5273,849000,3347,4,4,1970,Single
5274,849000,1766,4,3,2023,Single
5275,849000,2481,4,3,2003,Single
5276,849000,2525,4,3,1999,Single
5277,850000,1380,2,2,1983,Condo
5278,850000,1200,2,2,1980,Condo
5279,850000,2525,4,3,2005,Single
5280,850000,2508,3,3,2019,Single
5281,850000,1730,2,3,2003,Condo
5282,850000,2292,4,4,2019,Single
5283,850000,2500,3,2,2024,Single
5284,850000,1400,3,3,1982,Single
5285,850000,3842,5,4,2008,Single
5286,850000,1293,2,2,1981,Condo
5287,850000,3850,4,2,1987,Single
5288,850000,1434,2,2,1978,Single
5289,850000,2830,5,3,2002,Single
5290,850000,1721,2,2,2008,Condo
5291,850000,3099,4,4,2003,Single
5292,850000,3405,5,3,2004,Single
5293,850000,2850,3,4,2020,Single
5294,850000,2062,2,2,2021,Single
5295,850000,2643,3,3,1901,Single
5296,850000,1688,3,2,1995,Single
5297,850000,1300,2,2,1979,Condo
5298,850000,2588,3,3,1998,Condo
5299,850000,1674,3,2,1956,Single
5300,850000,1450,2,2,1967,Condo
5301,850000,1080,2,2,1999,Condo
5302,850000,2597,3,3,2023,Single
5303,850000,3192,3,3,1983,Single
5304,850000,3208,4,4,1991,Single
5305,850000,5822,6,7,1987,Single
5306,855000,1981,3,2,2001,Single
5307,855000,2317,3,3,2000,Single
5308,855000,3173,5,4,1993,Single
5309,855000,3702,5,3,1996,Single
5310,855000,2426,4,4,1970,Single
5311,855000,2239,4,3,2024,Single
5312,857500,3974,5,5,2001,Single
5313,857530,2808,3,4,2026,Single
5314,859000,1502,3,2,2025,Single
5315,859000,2825,4,3,2017,Single
5316,859000,1801,3,2,2014,Single
5317,860000,1473,2,3,2003,Condo
5318,860000,2641,4,4,2013,Single
5319,860000,4204,5,5,2019,Single
5320,861936,4000,6,4,2026,Single
5321,862000,2881,4,2,1988,Single
5322,862500,2743,4,4,2019,Single
5323,862500,2187,3,2,2008,Single
5324,862500,2688,3,3,1988,Single
5325,864900,3357,5,5,2019,Single
5326,865000,1168,3,1,1954,Single
5327,865000,2627,4,3,1987,Single
5328,865000,1159,3,2,1987,Single
5329,865000,4838,5,4,2019,Single
5330,865000,3610,5,4,2007,Single
5331,865000,2666,3,3,2002,Single
5332,865000,3640,4,4,1995,Single
5333,865000,723,2,1,1928,Single
5334,865000,1268,2,2,1975,Condo
5335,865000,1512,4,2,1948,Single
5336,866250,2385,4,3,2018,Single
5337,867000,2670,3,3,2022,Single
5338,867504,3460,4,5,2026,Single
5339,868000,3306,4,3,2022,Single
5340,870000,1847,2,2,1972,Single
5341,870000,2294,3,2,2006,Single
5342,870000,1758,3,2,1966,Single
5343,870000,2752,5,4,1978,Single
5344,870000,3163,4,4,2018,Single
5345,870000,1959,3,2,2024,Single
5346,870000,1165,4,3,1958,Single
5347,870000,1728,2,2,1925,Single
5348,870000,2427,3,3,1986,Condo
5349,870000,2090,4,3,2025,Single
5350,870000,891,2,1,1959,Single
5351,870000,2393,3,3,2017,Condo
5352,872000,2568,4,3,2023,Single
5353,873408,2405,3,3,2026,Single
5354,875000,2184,3,3,2021,Single
5355,875000,2687,4,3,1998,Single
5356,875000,1274,2,2,1974,Condo
5357,875000,3510,4,4,2002,Single
5358,875000,2841,3,3,1985,Single
5359,875000,1092,2,2,1995,Single
5360,875000,2922,5,4,2025,Single
5361,875000,2455,3,3,2025,Single
5362,875000,2578,3,3,2004,Single
5363,875000,3072,8,4,1980,Single
5364,875000,2102,6,5,1938,Single
5365,875000,1351,2,2,1953,Single
5366,875000,1077,2,2,1966,Single
5367,875000,3245,4,4,2003,Single
5368,875000,2666,5,4,2021,Single
5369,875000,1460,2,2,1981,Condo
5370,876000,4428,6,7,1905,Single
5371,877000,1886,3,2,1992,Single
5372,878537,2427,3,3,1985,Single
5373,880000,2529,4,3,1996,Single
5374,880000,1292,2,3,2008,Condo
5375,880000,1631,3,1,1949,Single
5376,880000,2329,3,2,2010,Single
5377,882000,2500,3,2,2006,Single
5378,885000,3064,5,3,1999,Single
5379,885000,1005,2,2,2025,Single
5380,885000,2357,4,4,1978,Single
5381,889990,3073,5,3,2004,Single
5382,890000,1754,4,3,2024,Single
5383,890000,2700,4,4,2025,Single
5384,890000,2143,3,2,1972,Single
5385,890000,3327,4,4,2025,Single
5386,890000,3374,4,4,2006,Single
5387,890000,2531,2,3,2020,Single
5388,892400,3292,4,3,2025,Single
5389,895000,2698,4,3,2001,Single
5390,895000,3437,4,3,1979,Single
5391,899000,2006,3,2,2021,Single
5392,899000,2902,4,3,2000,Single
5393,900000,3034,4,3,2021,Single
5394,900000,1650,4,3,1945,Single
5395,900000,2433,3,3,2009,Single
5396,900000,1666,3,2,1986,Single
5397,900000,1247,2,2,1974,Condo
5398,900000,1409,2,2,1974,Condo
5399,900000,2609,3,5,2008,Single
5400,900000,1125,2,1,1950,Single
5401,900000,3610,4,5,2005,Single
5402,900000,4560,4,5,1988,Single
5403,900000,1302,3,2,1998,Single
5404,900000,3825,3,4,1964,Single
5405,900000,2483,3,3,2025,Single
5406,900000,4995,4,3,2003,Single
5407,900000,3568,4,3,1965,Single
5408,900000,3140,4,3,1998,Single
5409,900000,1116,2,2,1973,Single
5410,900000,2193,3,3,2025,Single
5411,900000,3174,3,4,2007,Single
5412,901000,2162,4,3,2021,Single
5413,905000,1275,2,2,1982,Condo
5414,905000,2767,3,3,2014,Single
5415,907500,1223,3,1,1967,Single
5416,910000,3000,4,3,2005,Condo
5417,910000,1270,2,2,1975,Condo
5418,910000,2575,5,3,2023,Single
5419,910000,1860,3,3,1954,Single
5420,910000,2508,3,3,2024,Single
5421,910000,2928,4,3,1954,Single
5422,910000,1385,2,2,1984,Condo
5423,910000,2237,4,4,2014,Single
5424,912000,1463,3,3,1949,Single
5425,912500,2019,3,3,2001,Single
5426,915000,2610,3,5,2016,Single
5427,915000,1884,3,2,1973,Single
5428,915000,1952,3,2,2011,Single
5429,915000,1530,3,2,1964,Single
5430,915700,870,2,2,1985,Condo
5431,916000,2982,5,4,2019,Single
5432,918540,2931,3,4,2025,Single
5433,920000,3405,4,4,1994,Single
5434,920000,2456,4,3,2022,Single
5435,920000,1680,2,2,1980,Condo
5436,920000,3939,4,4,1994,Single
5437,920000,2852,3,3,2018,Single
5438,920000,1924,4,3,2004,Single
5439,921000,2667,3,3,2020,Single
5440,922000,2509,4,3,2001,Single
5441,924000,2012,4,3,2001,Single
5442,925000,3670,3,4,2005,Condo
5443,925000,3698,4,4,1998,Single
5444,925000,2890,4,4,2016,Single
5445,925000,2761,3,4,2021,Single
5446,925000,2510,4,3,2002,Single
5447,925000,2482,5,3,2025,Single
5448,925000,3332,4,3,2001,Single
5449,925000,2278,3,2,1992,Single
5450,925000,1284,3,2,1950,Single
5451,925000,2017,3,2,1962,Single
5452,927000,2963,3,4,1990,Single
5453,929000,2393,3,3,2025,Single
5454,929000,2866,4,5,2006,Single
5455,930000,3064,5,4,1999,Single
5456,935000,2931,4,4,2024,Single
5457,935000,4477,5,5,2010,Single
5458,935000,1955,5,3,1969,Single
5459,935000,1954,3,3,2024,Single
5460,935000,2434,3,3,2021,Single
5461,939000,3535,4,3,2006,Single
5462,945000,1728,4,2,1962,Single
5463,945000,2072,3,3,1993,Single
5464,945000,3007,4,3,2006,Single
5465,945000,1948,4,3,1974,Single
5466,950000,4161,6,4,1991,Single
5467,950000,2556,4,4,1988,Single
5468,950000,3948,6,5,2016,Single
5469,950000,2034,3,2,1981,Single
5470,950000,1720,2,2,1980,Condo
5471,950000,2576,4,3,1994,Single
5472,950000,2186,4,4,1969,Single
5473,950000,2200,3,3,1980,Condo
5474,950000,2906,4,3,2020,Single
5475,950000,2283,4,5,1962,Single
5476,950000,2377,3,3,2003,Condo
5477,950000,2860,4,3,2005,Single
5478,950000,2764,3,3,1939,Single
5479,950000,2315,4,3,2025,Single
5480,950000,1726,3,2,1974,Single
5481,950540,4034,8,6,2025,Single
5482,955000,2043,4,2,2026,Single
5483,955361,3012,4,4,2026,Single
5484,960000,1502,4,3,1962,Single
5485,960000,5908,4,5,2006,Single
5486,960000,2600,2,2,1984,Condo
5487,960000,3642,4,4,2025,Single
5488,960000,1648,2,2,2008,Condo
5489,960742,2850,4,4,2025,Single
5490,964870,4034,8,6,2025,Single
5491,965000,1758,3,2,1958,Single
5492,965000,1099,2,2,1995,Condo
5493,965000,2262,5,3,1983,Single
5494,965000,1259,2,2,1984,Condo
5495,965000,2158,3,2,2022,Single
5496,965000,1471,2,2,2018,Condo
5497,965000,965,2,1,1940,Single
5498,965000,3051,3,4,1987,Single
5499,965000,1200,2,2,1977,Condo
5500,970000,2436,3,3,2022,Single
5501,970000,2093,3,2,1994,Single
5502,970000,3840,4,2,1994,Single
5503,970000,1720,3,2,1981,Condo
5504,970000,2900,4,5,2026,Single
5505,970000,2444,3,3,1984,Single
5506,975000,2250,3,2,1976,Single
5507,975000,3836,4,4,1998,Single
5508,975000,2663,4,3,2017,Single
5509,975000,1615,3,3,2004,Single
5510,975000,1292,2,2,1985,Condo
5511,975000,2727,3,4,2002,Single
5512,975000,2419,3,3,2015,Single
5513,975000,2770,4,4,1984,Single
5514,975000,2732,3,3,2005,Single
5515,975000,2247,3,3,2022,Single
5516,976000,1729,2,2,1969,Condo
5517,977500,1449,3,2,1961,Single
5518,979000,3182,4,3,1973,Single
5519,980000,3669,5,5,2005,Single
5520,980000,2275,3,3,2025,Single
5521,980000,2014,4,3,1976,Single
5522,980000,2212,,,1969,Single
5523,982000,2680,4,3,2018,Single
5524,984809,4236,6,4,2026,Single
5525,985000,2104,3,2,1976,Single
5526,985000,1373,3,2,1954,Single
5527,985000,2659,4,3,1971,Single
5528,985000,2854,4,3,2024,Single
5529,985000,2092,3,4,2005,Single
5530,989900,1603,3,2,1987,Single
5531,990000,3811,5,4,2005,Single
5532,990000,3656,5,5,1988,Single
5533,990000,1716,4,2,1981,Single
5534,990000,2934,3,3,1995,Single
5535,992000,1782,3,3,2006,Single
5536,992500,2273,4,2,2006,Single
5537,995000,2327,4,3,1977,Single
5538,995000,3868,6,5,2007,Single
5539,996000,3474,2,3,1901,Single
5540,999000,2733,3,3,2001,Single
5541,999000,2080,3,2,1961,Single
5542,999000,2339,3,3,1986,Single
5543,999900,1707,3,2,1973,Single
5544,999999,2487,3,3,2002,Single
5545,999999,2689,3,3,2026,Single
5546,1000000,3585,5,5,2023,Single
5547,1000000,1311,2,2,1984,Condo
5548,1000000,2255,3,2,1961,Single
5549,1000000,2748,3,3,2002,Condo
5550,1000000,2837,4,4,2018,Single
5551,1000000,4281,5,5,2025,Single
5552,1000000,1662,2,2,1981,Condo
5553,1000000,3284,4,4,2003,Single
5554,1000000,3698,5,4,2007,Single
5555,1000000,1937,4,3,2025,Condo
5556,1000000,3450,5,4,1990,Single
5557,1000000,2050,3,3,1993,Condo
5558,1000000,345,8,8,1934,Single
5559,1000000,2952,4,3,2015,Single
5560,1000000,3894,5,5,2020,Single
5561,1000000,1984,4,3,2025,Condo
5562,1000000,2528,3,3,1986,Single
5563,1000000,3778,4,4,2006,Single
5564,1000000,3062,5,4,1991,Single
5565,1001000,2378,3,2,2008,Single
5566,1002387,3250,4,4,2025,Single
5567,1005000,3748,5,4,2017,Single
5568,1007500,2859,3,3,2025,Single
5569,1010000,2850,4,3,1986,Single
5570,1010000,2541,4,3,1996,Single
5571,1014000,4087,4,4,2017,Single
5572,1015000,1808,4,3,1962,Single
5573,1015000,2585,3,5,2017,Single
5574,1020000,2918,4,2,2023,Single
5575,1020000,2213,4,3,1969,Single
5576,1020000,3294,4,4,1961,Single
5577,1020000,4091,6,4,2006,Single
5578,1020000,1632,4,7,1940,Single
5579,1025000,2583,4,3,1981,Single
5580,1025000,2191,4,3,1941,Single
5581,1025000,1392,2,2,1980,Condo
5582,1025000,2757,4,3,2006,Single
5583,1025000,1745,3,2,2003,Single
5584,1028125,1502,2,2,1976,Condo
5585,1030000,3882,4,5,2006,Single
5586,1030000,2721,3,4,2019,Single
5587,1030000,2420,4,3,1979,Single
5588,1030000,1560,2,2,1991,Condo
5589,1035000,4743,5,5,2001,Single
5590,1035000,2045,3,3,2006,Condo
5591,1035000,1944,3,3,2003,Condo
5592,1040000,1120,2,2,1957,Single
5593,1040000,2626,3,3,2022,Single
5594,1045490,3148,3,4,2024,Single
5595,1048000,2450,3,3,1963,Single
5596,1049000,3797,4,4,2017,Single
5597,1049995,2282,3,3,1957,Single
5598,1050000,3381,5,5,2021,Single
5599,1050000,2024,3,3,1967,Single
5600,1050000,1827,3,3,2024,Condo
5601,1050000,2417,4,3,1963,Single
5602,1050000,2837,3,3,2001,Single
5603,1050000,2905,3,3,2015,Single
5604,1050000,2342,3,4,2007,Condo
5605,1050000,4369,5,5,1999,Single
5606,1050000,3193,4,3,2021,Single
5607,1050000,2448,4,3,2025,Single
5608,1050000,3126,4,4,2006,Single
5609,1050000,2038,3,2,2003,Single
5610,1050000,2855,4,3,2024,Single
5611,1050000,1387,2,2,1982,Single
5612,1050000,2214,3,3,2018,Single
5613,1050000,2000,3,2,1969,Condo
5614,1050000,1150,2,2,1979,Condo
5615,1050000,4717,5,4,2007,Single
5616,1055000,3020,3,3,1990,Single
5617,1062000,1787,3,2,1982,Condo
5618,1065000,2298,4,3,1976,Single
5619,1065000,4109,6,4,2013,Single
5620,1067500,3690,4,5,2025,Single
5621,1067980,4376,10,8,2026,Single
5622,1070000,3445,3,3,2004,Single
5623,1073427,3900,5,4,2026,Single
5624,1075000,3053,3,3,1987,Single
5625,1075000,1820,2,2,1996,Condo
5626,1075000,3150,5,4,2020,Single
5627,1075000,2853,3,3,2000,Single
5628,1075000,1722,3,2,1958,Single
5629,1075000,3188,5,4,2017,Single
5630,1075000,3388,3,3,2025,Single
5631,1075000,1552,2,2,1967,Condo
5632,1075000,2807,4,4,2005,Single
5633,1075000,2604,3,3,2011,Single
5634,1075000,1562,2,2,2023,Condo
5635,1078000,2317,4,3,2014,Single
5636,1080000,1143,2,2,2017,Condo
5637,1081500,2337,3,4,1961,Single
5638,1081500,2527,4,3,1986,Single
5639,1087999,2562,3,4,2025,Single
5640,1089990,2974,4,4,2025,Single
5641,1090000,1117,2,2,2002,Condo
5642,1090000,2036,3,2,1951,Single
5643,1090000,4406,5,5,2019,Single
5644,1090000,2254,3,2,1951,Single
5645,1093750,1490,3,3,1954,Single
5646,1095000,2270,4,2,1967,Single
5647,1095000,3336,5,3,1982,Single
5648,1095000,2656,6,4,1925,Single
5649,1100000,2181,3,3,1995,Single
5650,1100000,4737,4,3,2020,Single
5651,1100000,2740,4,4,2016,Single
5652,1100000,2765,4,3,2003,Single
5653,1100000,1513,2,3,2019,Condo
5654,1100000,2012,3,3,2000,Condo
5655,1100000,4781,6,6,2025,Single
5656,1100000,2685,3,3,2001,Condo
5657,1100000,1229,2,3,2018,Condo
5658,1100000,2920,4,5,1993,Single
5659,1100000,1950,5,3,1954,Single
5660,1100000,2714,5,2,1966,Single
5661,1100000,3062,3,3,2021,Single
5662,1100000,1844,4,2,1954,Single
5663,1100000,2852,3,3,2017,Single
5664,1100000,1368,3,2,1999,Single
5665,1100000,2831,3,4,1993,Single
5666,1100000,1706,3,2,1965,Single
5667,1100000,2092,3,2,1999,Single
5668,1100000,1358,2,3,2025,Condo
5669,1100000,2600,3,2,1927,Single
5670,1100000,2540,4,3,1987,Single
5671,1100000,2696,5,4,2018,Single
5672,1100000,2275,3,3,1981,Condo
5673,1100000,2798,5,4,2000,Single
5674,1100000,3240,,,1969,Single
5675,1100000,3464,5,4,1996,Single
5676,1100000,2364,4,4,2004,Single
5677,1100000,2184,3,3,2017,Single
5678,1100000,2716,3,3,2024,Single
5679,1100000,4743,3,4,1996,Single
5680,1100000,3769,4,4,2017,Single
5681,1110000,1620,3,2,1976,Single
5682,1110000,2506,3,4,2023,Single
5683,1115000,1172,2,2,1980,Condo
5684,1117993,3209,4,4,2025,Single
5685,1118000,2251,4,2,2015,Single
5686,1119000,3092,5,5,2022,Single
5687,1120000,1872,3,2,2012,Single
5688,1120000,1200,2,2,1988,Single
5689,1122020,4382,10,8,2026,Single
5690,1125000,2866,4,4,2017,Single
5691,1125000,2668,3,3,2022,Single
5692,1125000,2837,4,3,2000,Single
5693,1125000,3504,4,3,2017,Single
5694,1125000,1214,2,2,1977,Condo
5695,1125000,2093,3,4,1973,Single
5696,1125000,1889,4,2,1976,Single
5697,1125000,2257,3,4,2023,Single
5698,1127000,2182,3,4,2019,Single
5699,1130000,2570,4,2,1938,Single
5700,1130000,3443,5,4,2019,Single
5701,1135000,3075,4,4,2017,Single
5702,1145000,1911,3,2,2013,Single
5703,1150000,1532,2,2,1974,Condo
5704,1150000,3984,5,5,1994,Single
5705,1150000,2883,3,2,1991,Single
5706,1150000,1826,3,2,1965,Single
5707,1150000,2233,5,3,1966,Single
5708,1150000,2458,4,3,2023,Single
5709,1150000,4038,3,4,1995,Single
5710,1150000,2828,4,4,2024,Single
5711,1150000,3284,,,1968,Single
5712,1150000,3343,5,5,2017,Single
5713,1150000,1767,2,2,1978,Single
5714,1150000,1134,2,2,2023,Condo
5715,1150000,3792,5,4,2009,Single
5716,1150000,3276,3,3,2026,Single
5717,1150000,3008,4,3,1982,Single
5718,1150000,1810,3,2,1981,Single
5719,1150000,2768,3,3,2020,Single
5720,1150000,3044,4,4,1980,Condo
5721,1150540,3428,5,5,2026,Single
5722,1155000,3688,5,3,1987,Single
5723,1155000,2915,3,3,2002,Single
5724,1155000,3025,3,3,2018,Single
5725,1160000,4000,3,3,2002,Single
5726,1165000,3500,4,3,1922,Single
5727,1165000,958,2,2,2006,Condo
5728,1169000,4146,12,8,1946,Single
5729,1169000,2726,3,3,2024,Single
5730,1170000,3458,4,4,1992,Single
5731,1170000,3534,4,3,2000,Single
5732,1170000,2652,4,3,1994,Single
5733,1170000,1729,2,2,1982,Condo
5734,1170000,2893,3,3,2010,Single
5735,1170000,2208,5,3,1971,Single
5736,1172000,3102,4,3,2016,Single
5737,1175000,2543,3,3,2005,Single
5738,1175000,2563,3,3,1980,Single
5739,1175000,3295,3,4,2015,Single
5740,1175000,2709,4,4,2000,Condo
5741,1175000,1736,2,2,1989,Condo
5742,1175000,2628,3,3,1955,Single
5743,1175000,2491,3,3,2001,Condo
5744,1175000,4456,4,4,2002,Single
5745,1181000,2474,4,3,2016,Single
5746,1185000,4442,5,5,1997,Single
5747,1190000,2572,3,4,1969,Single
5748,1200000,2352,3,3,2005,Single
5749,1200000,1575,3,3,1980,Single
5750,1200000,1842,3,2,1967,Single
5751,1200000,2474,4,3,2017,Single
5752,1200000,3180,4,3,1998,Single
5753,1200000,1873,3,2,2000,Single
5754,1200000,4173,4,4,1994,Single
5755,1200000,3505,4,4,2020,Single
5756,1200000,1889,3,2,1985,Single
5757,1200000,1821,3,2,1997,Single
5758,1200000,3663,6,6,2016,Single
5759,1200000,1856,3,2,1962,Single
5760,1200000,1389,2,3,2006,Condo
5761,1200000,2964,4,4,1914,Single
5762,1200000,5000,,,1964,Single
5763,1200000,2180,3,3,1989,Single
5764,1200000,2773,4,4,1980,Single
5765,1200000,3259,3,3,2018,Single
5766,1200000,6255,,,1946,Single
